{"textures":{"2":"mcc:island_cosmetics/general/accessory/briefcase/looter","particle":"mcc:island_cosmetics/general/accessory/briefcase/looter"},"elements":[{"from":[1.0,1.0,5.5],"to":[15.0,10.0,10.5],"rotation":{"angle":0.0,"axis":"y","origin":[1.5,8.25,8.0]},"faces":{"north":{"uv":[0.0,0.0,7.0,4.5],"texture":"#2"},"east":{"uv":[7.0,0.0,9.5,4.5],"texture":"#2"},"south":{"uv":[0.0,0.0,7.0,4.5],"texture":"#2"},"west":{"uv":[7.0,0.0,9.5,4.5],"texture":"#2"},"up":{"uv":[0.0,4.5,7.0,7.0],"texture":"#2","rotation":180},"down":{"uv":[0.0,4.5,7.0,7.0],"texture":"#2"}}},{"from":[4.0,10.0,7.0],"to":[12.0,14.0,9.0],"rotation":{"angle":0.0,"axis":"y","origin":[1.5,8.25,8.0]},"faces":{"north":{"uv":[11.0,0.0,15.0,2.0],"texture":"#2"},"east":{"uv":[12.0,2.0,13.0,4.0],"texture":"#2"},"south":{"uv":[11.0,0.0,15.0,2.0],"texture":"#2"},"west":{"uv":[12.0,2.0,13.0,4.0],"texture":"#2"},"up":{"uv":[11.0,2.0,12.0,6.0],"texture":"#2","rotation":90}}},{"from":[10.9,-1.1,5.4],"to":[13.1,10.1,10.6],"rotation":{"angle":0.0,"axis":"y","origin":[1.5,8.25,8.0]},"faces":{"north":{"uv":[9.5,0.0,10.5,5.5],"texture":"#2"},"south":{"uv":[10.5,0.0,9.5,5.5],"texture":"#2"},"up":{"uv":[7.0,4.5,9.5,5.5],"texture":"#2","rotation":90}}},{"from":[2.9,-1.1,5.4],"to":[5.1,10.1,10.6],"rotation":{"angle":0.0,"axis":"y","origin":[1.5,8.25,8.0]},"faces":{"north":{"uv":[10.5,0.0,9.5,5.5],"texture":"#2"},"south":{"uv":[9.5,0.0,10.5,5.5],"texture":"#2"},"up":{"uv":[7.0,5.5,9.5,4.5],"texture":"#2","rotation":90}}},{"from":[1.0,1.0,5.5],"to":[15.0,10.0,10.5],"rotation":{"angle":0.0,"axis":"y","origin":[1.5,8.25,8.0]},"faces":{"north":{"uv":[0.0,7.0,7.0,11.5],"texture":"#2","tintindex":0},"east":{"uv":[7.0,7.0,9.5,11.5],"texture":"#2","tintindex":0},"south":{"uv":[0.0,7.0,7.0,11.5],"texture":"#2","tintindex":0},"west":{"uv":[7.0,7.0,9.5,11.5],"texture":"#2","tintindex":0}}},{"from":[5.1,10.1,10.6],"to":[2.9,-1.1,5.4],"rotation":{"angle":0.0,"axis":"y","origin":[1.5,8.25,8.0]},"faces":{"north":{"uv":[9.5,5.5,10.5,0.0],"texture":"#2"},"south":{"uv":[10.5,5.5,9.5,0.0],"texture":"#2"},"down":{"uv":[7.0,4.5,9.5,5.5],"texture":"#2","rotation":90}}},{"from":[13.1,10.1,10.6],"to":[10.9,-1.1,5.4],"rotation":{"angle":0.0,"axis":"y","origin":[1.5,8.25,8.0]},"faces":{"north":{"uv":[10.5,5.5,9.5,0.0],"texture":"#2"},"south":{"uv":[9.5,5.5,10.5,0.0],"texture":"#2"},"down":{"uv":[7.0,5.5,9.5,4.5],"texture":"#2","rotation":90}}},{"from":[12.0,14.0,9.0],"to":[4.0,10.0,7.0],"rotation":{"angle":0.0,"axis":"y","origin":[1.5,8.25,8.0]},"faces":{"north":{"uv":[11.0,2.0,15.0,0.0],"texture":"#2"},"east":{"uv":[12.0,4.0,13.0,2.0],"texture":"#2"},"south":{"uv":[11.0,2.0,15.0,0.0],"texture":"#2"},"west":{"uv":[12.0,4.0,13.0,2.0],"texture":"#2"},"down":{"uv":[11.0,6.0,12.0,2.0],"texture":"#2","rotation":90}}}],"display":{"thirdperson_righthand":{"translation":[0.0,-3.5,-3.25],"rotation":[-2.0,-90.0,-70.0],"scale":[0.99062,0.99062,0.99062]},"thirdperson_lefthand":{"translation":[0.0,-4.0,-3.25],"rotation":[-2.0,-90.0,-70.0],"scale":[0.99062,0.99062,0.99062]},"firstperson_righthand":{"translation":[10.5,0.5,-5.75],"rotation":[-158.08,73.89,160.73],"scale":[0.76563,0.76563,0.76563]},"firstperson_lefthand":{"translation":[10.5,0.5,-5.75],"rotation":[-158.08,73.89,160.73],"scale":[0.76563,0.76563,0.76563]},"ground":{"translation":[0.0,4.25,0.0],"scale":[0.43945,0.43945,0.43945]},"gui":{"translation":[-0.25,1.5,0.0],"rotation":[19.33,41.78,9.85],"scale":[0.88048,0.88048,0.88048]},"head":{"translation":[0.0,4.25,0.0],"rotation":[0.0,3.25,0.0],"scale":[1.6,1.6,1.6]}},"credit":"Made with Blockbench","gui_light":"front"}