{"textures":{"1":"mcc:island_cosmetics/general/hat/atomic_adventurer/atomic_adventurer","2":"mcc:island_cosmetics/general/accessory/atomic_armor/atomic_armor","particle":"mcc:island_cosmetics/general/hat/atomic_adventurer/atomic_adventurer"},"elements":[{"from":[3.98,12.48,3.98],"to":[12.02,16.52,12.02],"rotation":{"angle":22.5,"axis":"z","origin":[5.0,10.5,8.0]},"faces":{"north":{"uv":[5.33333,1.33333,2.66667,2.66667],"texture":"#2"},"east":{"uv":[7.33333,0.0,4.66667,1.33333],"texture":"#2"},"south":{"uv":[2.66667,1.33333,5.33333,2.66667],"texture":"#2"},"west":{"uv":[2.66667,2.66667,5.33333,4.0],"texture":"#2"},"up":{"uv":[0.0,4.66667,2.66667,7.33333],"texture":"#2"},"down":{"uv":[4.33333,7.33333,1.66667,10.0],"texture":"#2"}}},{"from":[6.0,11.5,3.0],"to":[10.0,15.5,13.0],"rotation":{"angle":0.0,"axis":"y","origin":[8.0,13.5,8.0]},"faces":{"north":{"uv":[0.0,0.0,1.33333,1.33333],"texture":"#2"},"east":{"uv":[1.33333,0.0,4.66667,1.33333],"texture":"#2"},"south":{"uv":[0.0,0.0,1.33333,1.33333],"texture":"#2"},"west":{"uv":[1.33333,0.0,4.66667,1.33333],"texture":"#2"},"up":{"uv":[1.33333,1.33333,2.66667,4.66667],"texture":"#2"},"down":{"uv":[0.0,1.33333,1.33333,4.66667],"texture":"#2"}}},{"from":[6.0,11.5,3.0],"to":[10.0,15.5,13.0],"rotation":{"angle":0.0,"axis":"y","origin":[8.0,13.5,8.0]},"faces":{"north":{"uv":[5.33333,1.33333,6.66667,2.66667],"texture":"#2","tintindex":0},"south":{"uv":[5.33333,1.33333,6.66667,2.66667],"texture":"#2","tintindex":0}}},{"from":[4.9,7.4,4.9],"to":[10.1,15.6,11.1],"rotation":{"angle":0.0,"axis":"y","origin":[6.0,-7.0,1.0]},"faces":{"north":{"uv":[4.33333,4.0,2.66667,6.66667],"texture":"#2"},"east":{"uv":[4.33333,4.0,2.66667,6.66667],"texture":"#2"},"south":{"uv":[4.33333,4.0,2.66667,6.66667],"texture":"#2"},"west":{"uv":[4.33333,4.0,2.66667,6.66667],"texture":"#2"},"down":{"uv":[1.66667,7.33333,0.0,9.33333],"texture":"#2"}}},{"from":[4.7,7.2,4.7],"to":[10.3,9.8,11.3],"rotation":{"angle":0.0,"axis":"y","origin":[6.0,-7.0,1.0]},"faces":{"north":{"uv":[4.33333,6.0,2.66667,6.66667],"texture":"#2"},"east":{"uv":[4.33333,6.0,2.66667,6.66667],"texture":"#2"},"south":{"uv":[4.33333,6.0,2.66667,6.66667],"texture":"#2"},"west":{"uv":[4.33333,6.0,2.66667,6.66667],"texture":"#2"},"down":{"uv":[1.66667,7.33333,0.0,9.33333],"texture":"#2"}}},{"from":[5.9,3.4,5.9],"to":[10.1,7.6,10.1],"rotation":{"angle":0.0,"axis":"y","origin":[6.0,-7.0,1.0]},"faces":{"north":{"uv":[5.66667,4.0,4.33333,5.33333],"texture":"#2"},"east":{"uv":[4.33333,6.66667,5.66667,8.0],"texture":"#2"},"south":{"uv":[4.33333,4.0,5.66667,5.33333],"texture":"#2"},"west":{"uv":[5.66667,5.33333,4.33333,6.66667],"texture":"#2"},"down":{"uv":[4.33333,8.0,5.66667,9.33333],"texture":"#2"}}},{"from":[10.3,9.8,11.3],"to":[4.7,7.2,4.7],"rotation":{"angle":0.0,"axis":"y","origin":[6.0,-7.0,1.0]},"faces":{"north":{"uv":[4.33333,6.66667,2.66667,6.0],"texture":"#2"},"east":{"uv":[4.33333,6.66667,2.66667,6.0],"texture":"#2"},"south":{"uv":[4.33333,6.66667,2.66667,6.0],"texture":"#2"},"west":{"uv":[4.33333,6.66667,2.66667,6.0],"texture":"#2"},"up":{"uv":[0.0,7.33333,1.66667,9.33333],"texture":"#2"}}},{"from":[12.4,16.9,12.4],"to":[3.6,12.1,3.6],"rotation":{"angle":22.5,"axis":"z","origin":[5.0,10.5,8.0]},"faces":{"north":{"uv":[4.0,10.0,4.33333,9.66667],"texture":"#1","tintindex":0},"east":{"uv":[4.0,10.0,4.33333,9.66667],"texture":"#1","tintindex":0},"south":{"uv":[4.0,10.0,4.33333,9.66667],"texture":"#1","tintindex":0},"west":{"uv":[4.0,10.0,4.33333,9.66667],"texture":"#1","tintindex":0},"up":{"uv":[4.0,10.0,4.33333,9.66667],"texture":"#1","tintindex":0},"down":{"uv":[4.0,10.0,4.33333,9.66667],"texture":"#1","tintindex":0}}},{"from":[10.7,10.2,11.7],"to":[4.3,6.8,4.3],"rotation":{"angle":0.0,"axis":"y","origin":[6.0,-7.0,1.0]},"faces":{"north":{"uv":[4.0,10.0,4.33333,9.66667],"texture":"#1","tintindex":0},"east":{"uv":[4.0,10.0,4.33333,9.66667],"texture":"#1","tintindex":0},"south":{"uv":[4.0,10.0,4.33333,9.66667],"texture":"#1","tintindex":0},"west":{"uv":[4.0,10.0,4.33333,9.66667],"texture":"#1","tintindex":0},"up":{"uv":[4.0,10.0,4.33333,9.66667],"texture":"#1","tintindex":0},"down":{"uv":[4.0,10.0,4.33333,9.66667],"texture":"#1","tintindex":0}}},{"from":[10.4,7.9,10.4],"to":[5.6,3.1,5.6],"rotation":{"angle":0.0,"axis":"y","origin":[6.0,-7.0,1.0]},"faces":{"north":{"uv":[4.0,10.0,4.33333,9.66667],"texture":"#1","tintindex":0},"east":{"uv":[4.0,10.0,4.33333,9.66667],"texture":"#1","tintindex":0},"south":{"uv":[4.0,10.0,4.33333,9.66667],"texture":"#1","tintindex":0},"west":{"uv":[4.0,10.0,4.33333,9.66667],"texture":"#1","tintindex":0},"up":{"uv":[4.0,10.0,4.33333,9.66667],"texture":"#1","tintindex":0},"down":{"uv":[4.0,10.0,4.33333,9.66667],"texture":"#1","tintindex":0}}},{"from":[10.4,15.9,13.4],"to":[5.6,11.1,2.6],"rotation":{"angle":0.0,"axis":"y","origin":[8.0,13.5,8.0]},"faces":{"north":{"uv":[4.0,10.0,4.33333,9.66667],"texture":"#1","tintindex":0},"east":{"uv":[4.0,10.0,4.33333,9.66667],"texture":"#1","tintindex":0},"south":{"uv":[4.0,10.0,4.33333,9.66667],"texture":"#1","tintindex":0},"west":{"uv":[4.0,10.0,4.33333,9.66667],"texture":"#1","tintindex":0},"up":{"uv":[4.0,10.0,4.33333,9.66667],"texture":"#1","tintindex":0},"down":{"uv":[4.0,10.0,4.33333,9.66667],"texture":"#1","tintindex":0}}}],"display":{"thirdperson_righthand":{"translation":[0.0,-2.0,3.0],"rotation":[-90.0,0.25,-179.94],"scale":[1.0297,1.0297,1.0297]},"thirdperson_lefthand":{"translation":[0.0,-2.0,3.0],"rotation":[90.0,0.0,0.0],"scale":[1.0297,1.0297,1.0297]},"firstperson_righthand":{"translation":[4.13,1.95,-3.12],"rotation":[-48.38,-2.36,178.59],"scale":[0.53547,0.53547,0.53547]},"firstperson_lefthand":{"translation":[4.13,1.95,-3.12],"rotation":[131.33,8.63,-2.9],"scale":[0.53547,0.53547,0.53547]},"ground":{"translation":[0.0,12.0,0.5],"rotation":[22.68,2.74,13.49],"scale":[0.625,0.625,0.625]},"gui":{"translation":[-3.0,-2.25,0.0],"rotation":[140.38,15.43,-140.44],"scale":[0.91564,0.91564,0.91564]},"head":{"translation":[0.0,6.25,0.0],"rotation":[1.75,0.0,0.0],"scale":[1.61172,1.61172,1.61172]}},"credit":"Made with Blockbench","ambientocclusion":false,"gui_light":"front"}