{"textures":{"1":"mcc:island_cosmetics/general/accessory/bouquet/bouquet"},"elements":[{"from":[6.0,-2.0,6.0],"to":[10.0,5.0,10.0],"rotation":{"angle":0.0,"axis":"y","origin":[8.0,6.5,8.5]},"faces":{"north":{"uv":[7.0,1.0,9.0,4.5],"texture":"#1","tintindex":0},"east":{"uv":[7.0,1.0,9.0,4.5],"texture":"#1","tintindex":0},"south":{"uv":[7.0,1.0,9.0,4.5],"texture":"#1","tintindex":0},"west":{"uv":[7.0,1.0,9.0,4.5],"texture":"#1","tintindex":0},"up":{"uv":[7.0,5.5,9.0,7.5],"texture":"#1","tintindex":0},"down":{"uv":[7.0,7.5,9.0,9.5],"texture":"#1","tintindex":0}}},{"from":[6.0,-2.0,6.0],"to":[10.0,5.0,10.0],"rotation":{"angle":0.0,"axis":"y","origin":[8.0,6.5,8.5]},"faces":{"up":{"uv":[7.0,9.5,9.0,11.5],"texture":"#1"},"down":{"uv":[7.0,9.5,9.0,11.5],"texture":"#1"}}},{"from":[5.9,-0.1,5.9],"to":[10.1,2.1,10.1],"rotation":{"angle":0.0,"axis":"y","origin":[8.0,6.5,8.5]},"faces":{"north":{"uv":[7.0,4.5,9.0,5.5],"texture":"#1"},"east":{"uv":[7.0,4.5,9.0,5.5],"texture":"#1"},"south":{"uv":[7.0,4.5,9.0,5.5],"texture":"#1"},"west":{"uv":[7.0,4.5,9.0,5.5],"texture":"#1"}}},{"from":[8.0,-6.75,6.5],"to":[8.0,-1.75,9.5],"rotation":{"angle":0.0,"axis":"y","origin":[8.0,1.0,10.0]},"faces":{"east":{"uv":[5.5,4.0,7.0,6.5],"texture":"#1"},"west":{"uv":[5.5,4.0,7.0,6.5],"texture":"#1"}}},{"from":[9.5,6.0,5.5],"to":[14.5,6.0,10.5],"rotation":{"angle":45.0,"axis":"z","origin":[10.5,5.0,8.0]},"faces":{"up":{"uv":[13.0,13.5,15.5,16.0],"texture":"#1"},"down":{"uv":[13.0,16.0,15.5,13.5],"texture":"#1"}}},{"from":[1.5,6.0,5.5],"to":[6.5,6.0,10.5],"rotation":{"angle":-45.0,"axis":"z","origin":[5.5,5.0,8.0]},"faces":{"up":{"uv":[15.5,16.0,13.0,13.5],"texture":"#1"},"down":{"uv":[15.5,13.5,13.0,16.0],"texture":"#1"}}},{"from":[5.5,4.75,3.48223],"to":[10.5,4.75,8.48223],"rotation":{"angle":45.0,"axis":"x","origin":[8.0,6.76777,8.0]},"faces":{"up":{"uv":[15.5,16.0,13.0,13.5],"texture":"#1","rotation":90},"down":{"uv":[13.0,16.0,15.5,13.5],"texture":"#1","rotation":90}}},{"from":[5.5,4.75,7.51777],"to":[10.5,4.75,12.51777],"rotation":{"angle":-45.0,"axis":"x","origin":[8.0,6.76777,8.0]},"faces":{"up":{"uv":[15.5,16.0,13.0,13.5],"texture":"#1","rotation":270},"down":{"uv":[15.5,13.5,13.0,16.0],"texture":"#1","rotation":90}}},{"from":[2.0,5.0,8.0],"to":[14.0,15.0,8.0],"rotation":{"angle":-22.5,"axis":"y","origin":[8.0,10.0,8.0]},"faces":{"north":{"uv":[15.0,0.0,9.0,5.0],"texture":"#1"},"south":{"uv":[9.0,0.0,15.0,5.0],"texture":"#1"}}},{"from":[2.0,5.0,8.0],"to":[14.0,18.0,8.0],"rotation":{"angle":-22.5,"axis":"y","origin":[8.0,11.5,8.0]},"faces":{"north":{"uv":[9.0,6.5,15.0,13.0],"texture":"#1","tintindex":0},"south":{"uv":[15.0,6.5,9.0,13.0],"texture":"#1","tintindex":0}}},{"from":[8.0,5.0,2.0],"to":[8.0,18.0,14.0],"rotation":{"angle":-22.5,"axis":"y","origin":[8.0,10.75,8.0]},"faces":{"east":{"uv":[9.0,6.5,15.0,13.0],"texture":"#1","tintindex":0},"west":{"uv":[15.0,6.5,9.0,13.0],"texture":"#1","tintindex":0}}},{"from":[8.0,5.0,2.0],"to":[8.0,15.0,14.0],"rotation":{"angle":-22.5,"axis":"y","origin":[8.0,10.75,8.0]},"faces":{"east":{"uv":[15.0,0.0,9.0,5.0],"texture":"#1"},"west":{"uv":[9.0,0.0,15.0,5.0],"texture":"#1"}}},{"from":[3.0,11.0,2.0],"to":[13.0,11.0,14.0],"rotation":{"angle":-22.5,"axis":"y","origin":[8.0,11.5,8.0]},"faces":{"up":{"uv":[5.5,5.0,0.5,11.0],"texture":"#1"},"down":{"uv":[5.5,11.0,0.5,5.0],"texture":"#1"}}},{"from":[3.0,11.0,3.0],"to":[13.0,11.0,13.0],"rotation":{"angle":-22.5,"axis":"y","origin":[8.0,11.5,8.0]},"faces":{"up":{"uv":[5.5,11.0,0.5,16.0],"texture":"#1","tintindex":0},"down":{"uv":[5.5,16.0,0.5,11.0],"texture":"#1","tintindex":0}}}],"display":{"thirdperson_righthand":{"translation":[3.25,4.25,5.5],"rotation":[-106.75,-67.97,-152.84],"scale":[1.04531,1.04531,1.04531]},"thirdperson_lefthand":{"translation":[3.25,4.25,5.5],"rotation":[-106.75,-67.97,-152.84],"scale":[1.04531,1.04531,1.04531]},"firstperson_righthand":{"translation":[13.5,-1.5,-7.25],"rotation":[170.36,80.76,-179.66],"scale":[0.67187,0.67187,0.67187]},"firstperson_lefthand":{"translation":[13.5,-1.5,-7.25],"rotation":[33.91,-76.66,38.79],"scale":[0.67187,0.67187,0.67187]},"ground":{"translation":[0.0,4.25,0.0],"scale":[0.43945,0.43945,0.43945]},"gui":{"translation":[0.25,1.0,0.0],"rotation":[35.28,15.78,-42.35],"scale":[0.8004,0.8004,0.8004]},"head":{"translation":[0.0,4.25,0.0],"rotation":[0.0,3.25,0.0],"scale":[1.6,1.6,1.6]}},"credit":"Made with Blockbench","gui_light":"front"}