{"textures":{"1":"mcc:island_cosmetics/general/accessory/flower_umbrella/flower_umbrella"},"elements":[{"from":[8.0,-16.0,8.0],"to":[8.0,-9.0,16.0],"rotation":{"angle":0.0,"axis":"y","origin":[8.0,-11.0,8.0]},"faces":{"east":{"uv":[9.0,4.0,11.33333,6.66667],"texture":"#1","rotation":90},"west":{"uv":[9.0,6.66667,11.33333,4.0],"texture":"#1","rotation":90}}},{"from":[7.0,-14.0,7.0],"to":[9.0,11.0,9.0],"rotation":{"angle":0.0,"axis":"y","origin":[9.0,14.0,6.875]},"faces":{"north":{"uv":[2.66667,3.0,11.0,3.66667],"texture":"#1","rotation":90},"east":{"uv":[2.66667,3.66667,11.0,3.0],"texture":"#1","rotation":90},"south":{"uv":[2.66667,3.0,11.0,3.66667],"texture":"#1","rotation":90},"west":{"uv":[2.66667,3.66667,11.0,3.0],"texture":"#1","rotation":90},"down":{"uv":[11.0,3.0,11.33333,3.33333],"texture":"#1","rotation":90}}},{"from":[0.0,15.49903,-6.63468],"to":[16.0,15.49903,8.36532],"rotation":{"angle":-45.0,"axis":"y","origin":[8.0,15.37403,8.0]},"faces":{"up":{"uv":[6.0,11.66667,0.66667,6.66667],"texture":"#1","tintindex":0,"rotation":180},"down":{"uv":[6.0,6.66667,0.66667,11.66667],"texture":"#1","tintindex":0,"rotation":180}}},{"from":[0.0,14.9335,-5.96414],"to":[16.0,14.9335,8.03586],"rotation":{"angle":22.5,"axis":"x","origin":[8.0,16.48276,8.0]},"faces":{"up":{"uv":[6.0,11.66667,0.66667,6.66667],"texture":"#1","tintindex":0,"rotation":180},"down":{"uv":[6.0,6.66667,0.66667,11.66667],"texture":"#1","tintindex":0,"rotation":180}}},{"from":[0.0,15.49903,7.63468],"to":[16.0,15.49903,22.63468],"rotation":{"angle":-45.0,"axis":"y","origin":[8.0,15.37403,8.0]},"faces":{"up":{"uv":[6.0,6.66667,0.66667,11.66667],"texture":"#1","tintindex":0,"rotation":180},"down":{"uv":[6.0,11.66667,0.66667,6.66667],"texture":"#1","tintindex":0,"rotation":180}}},{"from":[0.0,14.9335,7.96414],"to":[16.0,14.9335,21.96414],"rotation":{"angle":-22.5,"axis":"x","origin":[8.0,16.48276,8.0]},"faces":{"up":{"uv":[6.0,6.66667,0.66667,11.66667],"texture":"#1","tintindex":0,"rotation":180},"down":{"uv":[6.0,11.66667,0.66667,6.66667],"texture":"#1","tintindex":0,"rotation":180}}},{"from":[-5.96414,14.9335,0.0],"to":[8.03586,14.9335,16.0],"rotation":{"angle":-22.5,"axis":"z","origin":[8.0,16.48276,8.0]},"faces":{"up":{"uv":[6.0,6.66667,0.66667,11.66667],"texture":"#1","tintindex":0,"rotation":270},"down":{"uv":[6.0,11.66667,0.66667,6.66667],"texture":"#1","tintindex":0,"rotation":90}}},{"from":[-6.63468,15.24903,0.0],"to":[8.36532,15.24903,16.0],"rotation":{"angle":-45.0,"axis":"y","origin":[8.0,15.37403,8.0]},"faces":{"up":{"uv":[6.0,6.66667,0.66667,11.66667],"texture":"#1","tintindex":0,"rotation":270},"down":{"uv":[6.0,11.66667,0.66667,6.66667],"texture":"#1","tintindex":0,"rotation":90}}},{"from":[7.96414,14.9335,0.0],"to":[21.96414,14.9335,16.0],"rotation":{"angle":22.5,"axis":"z","origin":[8.0,16.48276,8.0]},"faces":{"up":{"uv":[6.0,11.66667,0.66667,6.66667],"texture":"#1","tintindex":0,"rotation":270},"down":{"uv":[6.0,6.66667,0.66667,11.66667],"texture":"#1","tintindex":0,"rotation":90}}},{"from":[7.63468,15.24903,0.0],"to":[22.63468,15.24903,16.0],"rotation":{"angle":-45.0,"axis":"y","origin":[8.0,15.37403,8.0]},"faces":{"up":{"uv":[6.0,11.66667,0.66667,6.66667],"texture":"#1","tintindex":0,"rotation":270},"down":{"uv":[6.0,6.66667,0.66667,11.66667],"texture":"#1","tintindex":0,"rotation":90}}},{"from":[4.0,11.0,4.0],"to":[12.0,17.0,12.0],"rotation":{"angle":0.0,"axis":"y","origin":[8.0,22.0,8.0]},"faces":{"north":{"uv":[5.0,1.0,2.33333,3.0],"texture":"#1","tintindex":0},"east":{"uv":[5.0,1.0,2.33333,3.0],"texture":"#1","tintindex":0},"south":{"uv":[5.0,1.0,2.33333,3.0],"texture":"#1","tintindex":0},"west":{"uv":[5.0,1.0,2.33333,3.0],"texture":"#1","tintindex":0},"up":{"uv":[11.33333,0.0,8.66667,2.66667],"texture":"#1","tintindex":0}}},{"from":[4.0,11.0,4.0],"to":[12.0,17.0,12.0],"rotation":{"angle":0.0,"axis":"y","origin":[8.0,22.0,8.0]},"faces":{"north":{"uv":[0.0,3.66667,2.66667,5.66667],"texture":"#1"},"east":{"uv":[2.66667,3.66667,0.0,5.66667],"texture":"#1"},"south":{"uv":[0.0,3.66667,2.66667,5.66667],"texture":"#1"},"west":{"uv":[0.0,3.66667,2.66667,5.66667],"texture":"#1"},"up":{"uv":[2.66667,3.66667,5.33333,6.33333],"texture":"#1"},"down":{"uv":[6.0,0.0,8.66667,2.66667],"texture":"#1"}}},{"from":[8.0,-1.0,5.0],"to":[15.0,-1.0,11.0],"rotation":{"angle":22.5,"axis":"z","origin":[9.0,1.0,8.0]},"faces":{"up":{"uv":[0.33333,3.0,2.33333,0.66667],"texture":"#1","rotation":90},"down":{"uv":[0.33333,3.0,2.33333,0.66667],"texture":"#1","rotation":90}}}],"display":{"thirdperson_righthand":{"translation":[-2.75,-1.25,20.5],"rotation":[96.93,-2.33,8.97],"scale":[0.85,0.85,0.85]},"thirdperson_lefthand":{"translation":[-2.75,-2.0,20.5],"rotation":[96.93,-2.33,8.97],"scale":[0.85,0.85,0.85]},"firstperson_righthand":{"translation":[14.0,18.0,-4.0],"rotation":[-172.83,-20.35,-175.66],"scale":[0.59375,0.98,0.59375]},"firstperson_lefthand":{"translation":[14.0,18.0,-4.0],"rotation":[-172.83,-20.35,-175.66],"scale":[0.59375,0.98,0.59375]},"ground":{"translation":[0.0,4.25,0.0],"scale":[0.43945,0.43945,0.43945]},"gui":{"translation":[0.25,0.0,0.0],"rotation":[-21.08,-37.45,-53.23],"scale":[0.40587,0.40587,0.40587]},"head":{"translation":[0.0,4.25,0.0],"rotation":[0.0,3.25,0.0],"scale":[1.6,1.6,1.6]}},"credit":"Made with Blockbench","ambientocclusion":false,"gui_light":"front"}