{"textures":{"3":"mcc:island_cosmetics/general/accessory/burger/burger_glow","4":"mcc:island_cosmetics/general/accessory/burger_staff/burger_staff","7":"mcc:island_cosmetics/general/hat/8_ball/gold_shine"},"elements":[{"from":[5.04152,6.82,5.08257],"to":[10.92152,8.5,10.96257],"rotation":{"angle":0.0,"axis":"y","origin":[7.89375,3.5,8.13886]},"faces":{"north":{"uv":[0.0,0.0,3.5,1.0],"texture":"#3"},"east":{"uv":[0.0,0.0,3.5,1.0],"texture":"#3"},"south":{"uv":[0.0,0.0,3.5,1.0],"texture":"#3"},"west":{"uv":[0.0,0.0,3.5,1.0],"texture":"#3"},"up":{"uv":[5.0,4.5,8.5,8.0],"texture":"#3"},"down":{"uv":[5.0,4.5,8.5,8.0],"texture":"#3"}}},{"from":[5.04152,10.705,5.08257],"to":[10.92152,13.225,10.96257],"rotation":{"angle":0.0,"axis":"y","origin":[7.89375,3.5,8.13886]},"faces":{"north":{"uv":[0.0,4.5,1.5,8.0],"texture":"#3","rotation":90},"east":{"uv":[0.0,4.5,1.5,8.0],"texture":"#3","rotation":90},"south":{"uv":[0.0,4.5,1.5,8.0],"texture":"#3","rotation":90},"west":{"uv":[0.0,4.5,1.5,8.0],"texture":"#3","rotation":90},"up":{"uv":[0.0,1.0,3.5,4.5],"texture":"#3","rotation":90},"down":{"uv":[5.0,4.5,8.5,8.0],"texture":"#3"}}},{"from":[4.95752,8.0002,4.99857],"to":[11.00552,9.0082,11.04657],"rotation":{"angle":0.0,"axis":"y","origin":[7.89375,3.5,8.13886]},"faces":{"north":{"uv":[0.0,8.0,3.5,8.5],"texture":"#3"},"east":{"uv":[0.0,8.0,3.5,8.5],"texture":"#3"},"south":{"uv":[0.0,8.0,3.5,8.5],"texture":"#3"},"west":{"uv":[0.0,8.0,3.5,8.5],"texture":"#3"},"up":{"uv":[3.5,8.0,7.0,11.5],"texture":"#3"},"down":{"uv":[3.5,8.0,7.0,11.5],"texture":"#3"}}},{"from":[4.84185,8.7016,5.20633],"to":[10.72185,9.5416,11.08633],"rotation":{"angle":-22.5,"axis":"y","origin":[7.89375,3.5,8.13886]},"faces":{"north":{"uv":[1.5,4.5,5.0,5.0],"texture":"#3"},"east":{"uv":[1.5,4.5,5.0,5.0],"texture":"#3"},"south":{"uv":[1.5,4.5,5.0,5.0],"texture":"#3"},"west":{"uv":[1.5,4.5,5.0,5.0],"texture":"#3"},"up":{"uv":[1.5,4.5,5.0,8.0],"texture":"#3","rotation":270},"down":{"uv":[1.5,4.5,5.0,8.0],"texture":"#3","rotation":90}}},{"from":[4.9105,10.1716,5.36707],"to":[10.7905,11.0116,11.24707],"rotation":{"angle":-22.5,"axis":"y","origin":[7.89375,3.5,8.13886]},"faces":{"north":{"uv":[7.0,4.0,10.5,4.5],"texture":"#3"},"east":{"uv":[7.0,4.0,10.5,4.5],"texture":"#3"},"south":{"uv":[7.0,4.0,10.5,4.5],"texture":"#3"},"west":{"uv":[7.0,4.0,10.5,4.5],"texture":"#3"},"up":{"uv":[7.0,0.5,10.5,4.0],"texture":"#3"},"down":{"uv":[7.0,0.5,10.5,4.0],"texture":"#3"}}},{"from":[4.9105,9.3316,5.36707],"to":[10.7905,10.1716,11.24707],"rotation":{"angle":-22.5,"axis":"y","origin":[7.89375,3.5,8.13886]},"faces":{"north":{"uv":[3.5,0.0,7.0,0.5],"texture":"#3"},"east":{"uv":[7.0,0.0,3.5,0.5],"texture":"#3"},"south":{"uv":[3.5,0.0,7.0,0.5],"texture":"#3"},"west":{"uv":[3.5,0.0,7.0,0.5],"texture":"#3"},"up":{"uv":[0.0,0.0,0.0,0.0],"texture":"#3"},"down":{"uv":[0.0,0.0,0.0,0.0],"texture":"#3"}}},{"from":[5.05625,9.3694,5.09585],"to":[10.93625,10.2094,10.97585],"rotation":{"angle":22.5,"axis":"y","origin":[7.89375,3.5,8.13886]},"faces":{"north":{"uv":[3.5,4.0,7.0,4.5],"texture":"#3"},"east":{"uv":[3.5,4.0,7.0,4.5],"texture":"#3"},"south":{"uv":[3.5,4.0,7.0,4.5],"texture":"#3"},"west":{"uv":[3.5,4.0,7.0,4.5],"texture":"#3"},"up":{"uv":[3.5,0.5,7.0,4.0],"texture":"#3","rotation":90},"down":{"uv":[3.5,0.5,7.0,4.0],"texture":"#3","rotation":270}}},{"from":[7.2,-12.8,7.2],"to":[8.8,6.8,8.8],"rotation":{"angle":0.0,"axis":"y","origin":[7.89375,3.5,8.13886]},"faces":{"north":{"uv":[0.0,0.0,1.0,10.0],"texture":"#4"},"east":{"uv":[0.0,0.0,1.0,10.0],"texture":"#4"},"south":{"uv":[0.0,0.0,1.0,10.0],"texture":"#4"},"west":{"uv":[0.0,0.0,1.0,10.0],"texture":"#4"}}},{"from":[6.8,-15.2,6.8],"to":[9.2,-12.8,9.2],"rotation":{"angle":0.0,"axis":"y","origin":[7.89375,3.5,8.13886]},"faces":{"north":{"uv":[1.0,0.0,2.0,1.0],"texture":"#4"},"east":{"uv":[1.0,0.0,2.0,1.0],"texture":"#4"},"south":{"uv":[1.0,0.0,2.0,1.0],"texture":"#4"},"west":{"uv":[1.0,0.0,2.0,1.0],"texture":"#4"},"up":{"uv":[1.0,0.0,2.0,0.5],"texture":"#4"},"down":{"uv":[1.0,0.5,2.0,1.0],"texture":"#4"}}},{"from":[7.5,13.0,8.0],"to":[8.5,17.0,8.0],"rotation":{"angle":0.0,"axis":"y","origin":[7.89375,3.5,8.13886]},"faces":{"north":{"uv":[3.0,0.0,3.5,2.0],"texture":"#4"},"east":{"uv":[3.0,0.0,3.5,2.0],"texture":"#4"},"south":{"uv":[3.0,0.0,3.5,2.0],"texture":"#4"},"west":{"uv":[3.0,0.0,3.5,2.0],"texture":"#4"}}},{"from":[7.1,16.1,7.1],"to":[8.9,17.9,8.9],"rotation":{"angle":0.0,"axis":"y","origin":[7.89375,3.5,8.13886]},"faces":{"north":{"uv":[1.0,0.0,2.0,1.0],"texture":"#4"},"east":{"uv":[1.0,0.0,2.0,1.0],"texture":"#4"},"south":{"uv":[1.0,0.0,2.0,1.0],"texture":"#4"},"west":{"uv":[1.0,0.0,2.0,1.0],"texture":"#4"},"up":{"uv":[1.0,0.0,2.0,0.5],"texture":"#4"},"down":{"uv":[1.0,0.5,2.0,1.0],"texture":"#4"}}},{"from":[7.1,-11.9,7.1],"to":[8.9,6.9,8.9],"rotation":{"angle":0.0,"axis":"y","origin":[7.89375,3.5,8.13886]},"faces":{"north":{"uv":[2.0,0.0,3.0,9.5],"texture":"#4","tintindex":0},"east":{"uv":[2.0,0.0,3.0,9.5],"texture":"#4","tintindex":0},"south":{"uv":[2.0,0.0,3.0,9.5],"texture":"#4","tintindex":0},"west":{"uv":[2.0,0.0,3.0,9.5],"texture":"#4","tintindex":0}}},{"from":[4.9105,5.1716,5.36707],"to":[10.7905,6.0116,11.24707],"rotation":{"angle":-22.5,"axis":"y","origin":[7.89375,3.5,8.13886]},"faces":{"north":{"uv":[7.0,4.0,10.5,4.5],"texture":"#3"},"east":{"uv":[7.0,4.0,10.5,4.5],"texture":"#3"},"south":{"uv":[7.0,4.0,10.5,4.5],"texture":"#3"},"west":{"uv":[7.0,4.0,10.5,4.5],"texture":"#3"},"up":{"uv":[7.0,0.5,10.5,4.0],"texture":"#3"},"down":{"uv":[7.0,0.5,10.5,4.0],"texture":"#3"}}},{"from":[-1.0,10.0,12.0],"to":[6.0,17.0,12.0],"rotation":{"angle":45.0,"axis":"y","origin":[2.5,13.5,12.0]},"faces":{"north":{"uv":[0.0,1.0,7.0,8.0],"texture":"#7"},"east":{"uv":[0.0,0.0,1.0,1.0],"texture":"#7"},"south":{"uv":[0.0,1.0,7.0,8.0],"texture":"#7"},"west":{"uv":[0.0,0.0,1.0,1.0],"texture":"#7"},"up":{"uv":[0.0,0.0,1.0,1.0],"texture":"#7"},"down":{"uv":[0.0,0.0,1.0,1.0],"texture":"#7"}}},{"from":[-1.0,10.0,12.0],"to":[6.0,17.0,12.0],"rotation":{"angle":-45.0,"axis":"y","origin":[2.5,13.5,12.0]},"faces":{"north":{"uv":[0.0,1.0,7.0,8.0],"texture":"#7"},"east":{"uv":[0.0,0.0,1.0,1.0],"texture":"#7"},"south":{"uv":[0.0,1.0,7.0,8.0],"texture":"#7"},"west":{"uv":[0.0,0.0,1.0,1.0],"texture":"#7"},"up":{"uv":[0.0,0.0,1.0,1.0],"texture":"#7"},"down":{"uv":[0.0,0.0,1.0,1.0],"texture":"#7"}}},{"from":[20.5,3.0,-9.5],"to":[20.5,10.0,-2.5],"rotation":{"angle":-22.5,"axis":"y","origin":[-13.5,-1.5,-16.0]},"faces":{"north":{"uv":[0.0,0.0,1.0,1.0],"texture":"#7"},"east":{"uv":[8.0,1.0,15.0,8.0],"texture":"#7"},"south":{"uv":[0.0,0.0,1.0,1.0],"texture":"#7"},"west":{"uv":[8.0,1.0,15.0,8.0],"texture":"#7"},"up":{"uv":[0.0,0.0,1.0,1.0],"texture":"#7","rotation":270},"down":{"uv":[0.0,0.0,1.0,1.0],"texture":"#7","rotation":90}}},{"from":[17.0,3.0,-6.0],"to":[24.0,10.0,-6.0],"rotation":{"angle":-22.5,"axis":"y","origin":[-13.5,-1.5,-16.0]},"faces":{"north":{"uv":[8.0,1.0,15.0,8.0],"texture":"#7"},"east":{"uv":[0.0,0.0,1.0,1.0],"texture":"#7"},"south":{"uv":[8.0,1.0,15.0,8.0],"texture":"#7"},"west":{"uv":[0.0,0.0,1.0,1.0],"texture":"#7"},"up":{"uv":[0.0,0.0,1.0,1.0],"texture":"#7"},"down":{"uv":[0.0,0.0,1.0,1.0],"texture":"#7"}}}],"display":{"thirdperson_righthand":{"translation":[3.5,6.25,7.5],"rotation":[69.88,58.49,-28.77],"scale":[0.91055,0.91055,0.91055]},"thirdperson_lefthand":{"translation":[3.5,6.25,7.5],"rotation":[69.88,58.49,-28.77],"scale":[0.91055,0.91055,0.91055]},"firstperson_righthand":{"translation":[10.5,4.25,-8.25],"rotation":[174.14,68.55,172.1],"scale":[0.5957,0.5957,0.5957]},"firstperson_lefthand":{"translation":[10.5,4.25,-8.25],"rotation":[174.14,68.55,172.1],"scale":[0.5957,0.5957,0.5957]},"ground":{"translation":[0.0,4.25,0.0],"scale":[0.43945,0.43945,0.43945]},"gui":{"translation":[2.25,2.75,0.0],"rotation":[-156.08,-6.57,-137.01],"scale":[0.58165,0.58165,0.58165]},"head":{"translation":[0.0,0.0,0.0],"rotation":[0.0,90.0,0.0],"scale":[1.6,1.6,1.6]}},"credit":"Made with Blockbench","gui_light":"front"}