{"textures":{"0":"mcc:island_cosmetics/general/accessory/crab_claw/crab_claw","particle":"mcc:island_cosmetics/general/accessory/crab_claw/crab_claw"},"elements":[{"from":[7.0,3.0,5.0],"to":[12.0,11.0,11.0],"rotation":{"angle":0.0,"axis":"y","origin":[8.0,6.75,10.0]},"faces":{"north":{"uv":[8.5,4.0,11.0,0.0],"texture":"#0","tintindex":0},"east":{"uv":[3.5,8.5,6.5,4.5],"texture":"#0","tintindex":0},"south":{"uv":[11.0,4.0,8.5,0.0],"texture":"#0","tintindex":0},"up":{"uv":[9.5,4.5,6.5,7.0],"texture":"#0","tintindex":0,"rotation":90},"down":{"uv":[3.0,7.0,0.0,9.5],"texture":"#0","tintindex":0,"rotation":270}}},{"from":[3.9,1.9,4.4],"to":[9.1,11.1,11.6],"rotation":{"angle":0.0,"axis":"y","origin":[8.0,6.75,10.0]},"faces":{"north":{"uv":[2.5,4.5,0.0,0.0],"texture":"#0","tintindex":0},"south":{"uv":[0.0,4.5,2.5,0.0],"texture":"#0","tintindex":0},"west":{"uv":[8.5,4.5,5.0,0.0],"texture":"#0","tintindex":0},"up":{"uv":[0.0,4.5,3.5,7.0],"texture":"#0","tintindex":0,"rotation":90},"down":{"uv":[6.5,11.0,3.0,8.5],"texture":"#0","tintindex":0,"rotation":270}}},{"from":[1.0,4.0,8.0],"to":[4.0,10.0,8.0],"rotation":{"angle":0.0,"axis":"y","origin":[8.0,6.75,10.0]},"faces":{"north":{"uv":[11.0,7.0,9.5,4.0],"texture":"#0","tintindex":0},"south":{"uv":[9.5,7.0,11.0,4.0],"texture":"#0","tintindex":0},"west":{"uv":[8.5,4.5,5.0,0.0],"texture":"#0","tintindex":0},"up":{"uv":[0.0,4.5,3.5,7.0],"texture":"#0","tintindex":0,"rotation":90},"down":{"uv":[3.5,7.0,0.0,4.5],"texture":"#0","tintindex":0,"rotation":270}}},{"from":[5.5,11.0,5.5],"to":[10.5,18.0,10.5],"rotation":{"angle":0.0,"axis":"y","origin":[8.0,14.75,8.0]},"faces":{"north":{"uv":[5.0,0.0,2.5,3.5],"texture":"#0","tintindex":0},"east":{"uv":[2.5,0.0,5.0,3.5],"texture":"#0","tintindex":0},"south":{"uv":[5.0,0.0,2.5,3.5],"texture":"#0","tintindex":0},"west":{"uv":[2.5,0.0,5.0,3.5],"texture":"#0","tintindex":0},"down":{"uv":[9.0,7.0,6.5,9.5],"texture":"#0","tintindex":0}}},{"from":[12.0,11.0,11.0],"to":[7.0,3.0,5.0],"rotation":{"angle":0.0,"axis":"y","origin":[8.0,6.75,10.0]},"faces":{"north":{"uv":[11.0,0.0,8.5,4.0],"texture":"#0","tintindex":0},"south":{"uv":[8.5,0.0,11.0,4.0],"texture":"#0","tintindex":0},"west":{"uv":[3.5,4.5,6.5,8.5],"texture":"#0","tintindex":0},"up":{"uv":[3.0,9.5,0.0,7.0],"texture":"#0","tintindex":0,"rotation":270},"down":{"uv":[9.5,7.0,6.5,4.5],"texture":"#0","tintindex":0,"rotation":90}}},{"from":[10.5,18.0,10.5],"to":[5.5,11.0,5.5],"rotation":{"angle":0.0,"axis":"y","origin":[8.0,14.75,8.0]},"faces":{"north":{"uv":[5.0,3.5,2.5,0.0],"texture":"#0","tintindex":0},"east":{"uv":[2.5,3.5,5.0,0.0],"texture":"#0","tintindex":0},"south":{"uv":[5.0,3.5,2.5,0.0],"texture":"#0","tintindex":0},"west":{"uv":[2.5,3.5,5.0,0.0],"texture":"#0","tintindex":0},"up":{"uv":[6.5,7.0,9.0,9.5],"texture":"#0","tintindex":0}}},{"from":[9.1,11.1,11.6],"to":[3.9,1.9,4.4],"rotation":{"angle":0.0,"axis":"y","origin":[8.0,6.75,10.0]},"faces":{"north":{"uv":[0.0,0.0,2.5,4.5],"texture":"#0","tintindex":0},"east":{"uv":[8.5,0.0,5.0,4.5],"texture":"#0","tintindex":0},"south":{"uv":[2.5,0.0,0.0,4.5],"texture":"#0","tintindex":0},"up":{"uv":[6.5,8.5,3.0,11.0],"texture":"#0","tintindex":0,"rotation":270},"down":{"uv":[0.0,7.0,3.5,4.5],"texture":"#0","tintindex":0,"rotation":90}}},{"from":[8.0,3.0,5.0],"to":[13.0,11.0,11.0],"rotation":{"angle":22.5,"axis":"z","origin":[10.25,7.0,8.0]},"faces":{"north":{"uv":[8.5,16.0,11.0,12.0],"texture":"#0","tintindex":0},"east":{"uv":[11.0,16.0,14.0,12.0],"texture":"#0","tintindex":0},"south":{"uv":[11.0,16.0,8.5,12.0],"texture":"#0","tintindex":0},"up":{"uv":[14.0,9.5,11.0,12.0],"texture":"#0","tintindex":0,"rotation":90},"down":{"uv":[15.5,4.5,12.5,7.0],"texture":"#0","tintindex":0,"rotation":270}}},{"from":[2.65,2.9,4.4],"to":[7.85,12.1,11.6],"rotation":{"angle":-22.5,"axis":"z","origin":[5.25,6.75,8.0]},"faces":{"north":{"uv":[2.5,16.0,0.0,11.5],"texture":"#0","tintindex":0},"south":{"uv":[0.0,16.0,2.5,11.5],"texture":"#0","tintindex":0},"west":{"uv":[8.5,16.0,5.0,11.5],"texture":"#0","tintindex":0},"up":{"uv":[12.5,2.0,16.0,4.5],"texture":"#0","tintindex":0,"rotation":90},"down":{"uv":[16.0,9.5,12.5,7.0],"texture":"#0","tintindex":0,"rotation":270}}},{"from":[-0.25,5.0,8.0],"to":[2.75,11.0,8.0],"rotation":{"angle":-22.5,"axis":"z","origin":[5.25,6.75,8.0]},"faces":{"north":{"uv":[16.0,12.5,14.5,9.5],"texture":"#0","tintindex":0},"south":{"uv":[14.5,12.5,16.0,9.5],"texture":"#0","tintindex":0},"west":{"uv":[8.5,4.5,5.0,0.0],"texture":"#0","tintindex":0},"up":{"uv":[0.0,4.5,3.5,7.0],"texture":"#0","tintindex":0,"rotation":90},"down":{"uv":[3.5,7.0,0.0,4.5],"texture":"#0","tintindex":0,"rotation":270}}},{"from":[13.0,11.0,11.0],"to":[8.0,3.0,5.0],"rotation":{"angle":22.5,"axis":"z","origin":[10.25,7.0,8.0]},"faces":{"north":{"uv":[11.0,12.0,8.5,16.0],"texture":"#0","tintindex":0},"south":{"uv":[8.5,12.0,11.0,16.0],"texture":"#0","tintindex":0},"west":{"uv":[11.0,12.0,14.0,16.0],"texture":"#0","tintindex":0},"up":{"uv":[15.5,7.0,12.5,4.5],"texture":"#0","tintindex":0,"rotation":270},"down":{"uv":[14.0,12.0,11.0,9.5],"texture":"#0","tintindex":0,"rotation":90}}},{"from":[7.85,12.1,11.6],"to":[2.65,2.9,4.4],"rotation":{"angle":-22.5,"axis":"z","origin":[5.25,6.75,8.0]},"faces":{"north":{"uv":[0.0,11.5,2.5,16.0],"texture":"#0","tintindex":0},"east":{"uv":[8.5,11.5,5.0,16.0],"texture":"#0","tintindex":0},"south":{"uv":[2.5,11.5,0.0,16.0],"texture":"#0","tintindex":0},"up":{"uv":[16.0,7.0,12.5,9.5],"texture":"#0","tintindex":0,"rotation":270},"down":{"uv":[12.5,4.5,16.0,2.0],"texture":"#0","tintindex":0,"rotation":90}}}],"display":{"thirdperson_righthand":{"translation":[0.75,-2.0,-0.5],"rotation":[-89.83,-4.67,177.56]},"thirdperson_lefthand":{"translation":[0.0,-2.0,-0.5],"rotation":[90.06,-4.14,1.72]},"firstperson_righthand":{"translation":[0.38,4.7,1.13],"rotation":[125.82,-7.25,0.36],"scale":[0.41438,0.41438,0.41438]},"firstperson_lefthand":{"translation":[0.38,4.7,1.13],"rotation":[125.82,-7.25,0.36],"scale":[0.41438,0.41438,0.41438]},"ground":{"translation":[0.75,14.5,0.0],"rotation":[0.0,0.0,45.0],"scale":[0.76954,0.76954,0.76954]},"gui":{"translation":[0.75,0.5,0.0],"rotation":[-161.21,-30.55,60.95],"scale":[0.86094,0.86094,0.86094]}},"credit":"Made with Blockbench","gui_light":"front"}