{"textures":{"1":"mcc:island_cosmetics/general/accessory/foam_finger/foam_finger"},"elements":[{"from":[5.5,8.0,-0.5],"to":[10.5,19.0,14.5],"rotation":{"angle":0.0,"axis":"y","origin":[7.5,17.0,7.625]},"faces":{"north":{"uv":[5.0,3.0,6.66667,6.66667],"texture":"#1","tintindex":0},"east":{"uv":[0.0,4.66667,5.0,8.33333],"texture":"#1","tintindex":0},"south":{"uv":[5.0,3.0,6.66667,6.66667],"texture":"#1","tintindex":0},"west":{"uv":[5.0,0.0,0.0,3.66667],"texture":"#1","tintindex":0},"up":{"uv":[10.0,2.0,8.33333,7.0],"texture":"#1","tintindex":0},"down":{"uv":[11.66667,5.0,10.0,0.0],"texture":"#1","tintindex":0}}},{"from":[5.5,5.0,-0.5],"to":[10.5,8.0,12.5],"rotation":{"angle":0.0,"axis":"y","origin":[7.5,17.0,7.625]},"faces":{"north":{"uv":[5.0,6.66667,6.66667,7.66667],"texture":"#1","tintindex":0},"east":{"uv":[0.66667,3.66667,5.0,4.66667],"texture":"#1","tintindex":0},"south":{"uv":[6.66667,6.66667,5.0,7.66667],"texture":"#1","tintindex":0},"west":{"uv":[5.0,3.66667,0.66667,4.66667],"texture":"#1","tintindex":0},"up":{"uv":[1.0,0.33333,0.66667,0.66667],"texture":"#1","tintindex":0},"down":{"uv":[13.33333,0.0,11.66667,4.33333],"texture":"#1","tintindex":0}}},{"from":[5.5,19.0,-0.5],"to":[10.5,28.0,5.5],"rotation":{"angle":0.0,"axis":"y","origin":[7.5,17.0,7.625]},"faces":{"north":{"uv":[6.66667,3.0,8.33333,6.0],"texture":"#1","tintindex":0},"east":{"uv":[5.66667,0.0,7.66667,3.0],"texture":"#1","tintindex":0},"south":{"uv":[8.33333,6.0,6.66667,9.0],"texture":"#1","tintindex":0},"west":{"uv":[7.66667,0.0,5.66667,3.0],"texture":"#1","tintindex":0},"up":{"uv":[9.33333,0.0,7.66667,2.0],"texture":"#1","tintindex":0}}},{"from":[5.5,8.0,-0.5],"to":[10.5,19.0,14.5],"rotation":{"angle":0.0,"axis":"y","origin":[7.5,17.0,7.625]},"faces":{"east":{"uv":[6.66667,9.66667,11.66667,13.33333],"texture":"#1"},"west":{"uv":[5.0,8.66667,0.0,12.33333],"texture":"#1"}}},{"from":[5.5,5.0,-0.5],"to":[10.5,8.0,12.5],"rotation":{"angle":0.0,"axis":"y","origin":[7.5,17.0,7.625]},"faces":{"east":{"uv":[5.33333,12.33333,1.0,13.33333],"texture":"#1"},"west":{"uv":[1.0,12.33333,5.33333,13.33333],"texture":"#1"}}},{"from":[5.5,19.0,-0.5],"to":[10.5,28.0,5.5],"rotation":{"angle":0.0,"axis":"y","origin":[7.5,17.0,7.625]},"faces":{"east":{"uv":[4.66667,8.66667,6.66667,11.66667],"texture":"#1"},"west":{"uv":[4.66667,8.66667,6.66667,11.66667],"texture":"#1"}}}],"display":{"thirdperson_righthand":{"translation":[0.0,-3.5,3.25],"rotation":[112.25,0.0,-180.0],"scale":[0.92813,0.92813,0.92813]},"thirdperson_lefthand":{"translation":[0.0,-3.5,3.25],"rotation":[112.25,0.0,-180.0],"scale":[0.92813,0.92813,0.92813]},"firstperson_righthand":{"translation":[9.75,-2.75,-5.75],"rotation":[132.3,-6.47,-176.23],"scale":[0.58594,0.58594,0.58594]},"firstperson_lefthand":{"translation":[9.75,-2.75,-5.75],"rotation":[132.3,-6.47,-176.23],"scale":[0.58594,0.58594,0.58594]},"ground":{"translation":[0.0,4.25,0.0],"scale":[0.43945,0.43945,0.43945]},"gui":{"translation":[-2.5,-4.25,0.0],"rotation":[113.36,32.46,-116.87],"scale":[0.62853,0.62853,0.62853]},"head":{"translation":[0.0,4.25,0.0],"rotation":[0.0,3.25,0.0],"scale":[1.6,1.6,1.6]}},"credit":"Made with Blockbench","ambientocclusion":false,"gui_light":"front"}