{"textures":{"0":"mcc:island_cosmetics/general/accessory/lava_fist/lava_fist_anim","1":"mcc:island_cosmetics/general/accessory/lava_fist/lava_fist_bubbles_anim","2":"mcc:island_cosmetics/general/accessory/lava_fist/lava_fist_bubbles_2anim","particle":"mcc:island_cosmetics/general/accessory/lava_fist/lava_fist_anim"},"elements":[{"from":[5.5,3.5,5.5],"to":[10.5,13.5,10.5],"rotation":{"angle":0.0,"axis":"y","origin":[7.0,0.0,7.0]},"faces":{"north":{"uv":[3.5,7.0,6.0,12.0],"texture":"#0"},"east":{"uv":[1.0,7.0,3.5,12.0],"texture":"#0"},"south":{"uv":[8.5,7.0,11.0,12.0],"texture":"#0"},"west":{"uv":[6.0,7.0,8.5,12.0],"texture":"#0"},"up":{"uv":[3.5,7.0,1.0,4.5],"texture":"#0"},"down":{"uv":[3.5,12.0,1.0,14.5],"texture":"#0"}}},{"from":[4.5,2.5,4.5],"to":[7.5,6.5,8.5],"rotation":{"angle":0.0,"axis":"y","origin":[7.0,0.0,7.0]},"faces":{"north":{"uv":[5.0,10.5,6.5,12.5],"texture":"#0"},"east":{"uv":[10.0,10.5,12.0,12.5],"texture":"#0"},"south":{"uv":[8.5,10.5,10.0,12.5],"texture":"#0"},"west":{"uv":[6.5,10.5,8.5,12.5],"texture":"#0"},"up":{"uv":[6.5,10.5,5.0,8.5],"texture":"#0"},"down":{"uv":[6.5,12.5,5.0,14.5],"texture":"#0"}}},{"from":[10.5,13.475,7.5],"to":[10.5,15.475,10.5],"rotation":{"angle":0.0,"axis":"y","origin":[8.5,13.475,8.5]},"faces":{"north":{"uv":[6.5,2.0,6.5,3.5],"texture":"#0"},"east":{"uv":[1.0,6.0,2.5,7.0],"texture":"#0"},"south":{"uv":[3.5,6.5,3.5,8.0],"texture":"#0"},"west":{"uv":[2.5,6.0,1.0,7.0],"texture":"#0"},"up":{"uv":[4.0,9.0,4.0,6.5],"texture":"#0"},"down":{"uv":[4.5,6.5,4.5,9.0],"texture":"#0"}}},{"from":[10.5,13.475,6.5],"to":[10.5,14.475,7.5],"rotation":{"angle":0.0,"axis":"y","origin":[3.5,13.475,8.5]},"faces":{"north":{"uv":[7.0,4.5,7.0,6.0],"texture":"#0"},"east":{"uv":[3.0,6.5,2.5,7.0],"texture":"#0"},"south":{"uv":[5.5,7.0,5.5,8.5],"texture":"#0"},"west":{"uv":[3.0,6.5,2.5,7.0],"texture":"#0"},"up":{"uv":[6.0,9.5,6.0,7.0],"texture":"#0"},"down":{"uv":[6.5,7.0,6.5,9.5],"texture":"#0"}}},{"from":[7.5,13.475,5.5],"to":[9.5,14.475,5.5],"rotation":{"angle":0.0,"axis":"y","origin":[3.5,13.475,8.5]},"faces":{"north":{"uv":[1.5,5.0,2.5,5.5],"texture":"#0"},"east":{"uv":[6.5,4.5,6.5,6.0],"texture":"#0"},"south":{"uv":[2.5,5.0,1.5,5.5],"texture":"#0"},"west":{"uv":[5.0,6.5,5.0,8.0],"texture":"#0"},"up":{"uv":[8.0,6.5,5.5,6.5],"texture":"#0"},"down":{"uv":[9.5,2.0,7.0,2.0],"texture":"#0"}}},{"from":[6.5,13.475,5.5],"to":[7.5,15.475,5.5],"rotation":{"angle":0.0,"axis":"y","origin":[3.5,13.475,8.5]},"faces":{"north":{"uv":[2.0,4.5,2.5,5.5],"texture":"#0"},"east":{"uv":[6.5,4.5,6.5,6.0],"texture":"#0"},"south":{"uv":[2.0,4.5,2.5,5.5],"texture":"#0"},"west":{"uv":[5.0,6.5,5.0,8.0],"texture":"#0"},"up":{"uv":[8.0,6.5,5.5,6.5],"texture":"#0"},"down":{"uv":[9.5,2.0,7.0,2.0],"texture":"#0"}}},{"from":[5.5,13.475,10.5],"to":[6.5,17.475,10.5],"rotation":{"angle":0.0,"axis":"y","origin":[3.5,13.475,13.5]},"faces":{"north":{"uv":[3.0,2.0,2.5,4.0],"texture":"#0"},"east":{"uv":[6.0,2.0,6.0,3.5],"texture":"#0"},"south":{"uv":[2.5,2.0,3.0,4.0],"texture":"#0"},"west":{"uv":[3.0,6.0,3.0,7.5],"texture":"#0"},"up":{"uv":[6.0,6.0,3.5,6.0],"texture":"#0"},"down":{"uv":[8.5,4.0,6.0,4.0],"texture":"#0"}}},{"from":[5.499,13.475,9.5],"to":[5.499,16.475,10.5],"rotation":{"angle":0.0,"axis":"y","origin":[8.499,13.475,12.5]},"faces":{"north":{"uv":[6.0,2.0,6.0,3.5],"texture":"#0"},"east":{"uv":[2.0,2.0,2.5,3.5],"texture":"#0"},"south":{"uv":[3.0,6.0,3.0,7.5],"texture":"#0"},"west":{"uv":[2.5,2.0,2.0,3.5],"texture":"#0"},"up":{"uv":[6.0,6.0,3.5,6.0],"texture":"#0","rotation":270},"down":{"uv":[8.5,4.0,6.0,4.0],"texture":"#0","rotation":90}}},{"from":[5.499,13.475,5.5],"to":[5.499,15.475,6.5],"rotation":{"angle":0.0,"axis":"y","origin":[8.499,13.475,12.5]},"faces":{"north":{"uv":[6.0,2.0,6.0,3.5],"texture":"#0"},"east":{"uv":[0.0,2.0,2.5,3.5],"texture":"#0"},"south":{"uv":[2.0,4.5,2.5,5.5],"texture":"#0"},"west":{"uv":[2.0,4.5,2.5,5.5],"texture":"#0"},"up":{"uv":[6.0,6.0,3.5,6.0],"texture":"#0","rotation":270},"down":{"uv":[8.5,4.0,6.0,4.0],"texture":"#0","rotation":90}}},{"from":[5.499,13.475,6.5],"to":[5.499,14.475,7.5],"rotation":{"angle":0.0,"axis":"y","origin":[8.499,13.475,12.5]},"faces":{"north":{"uv":[6.0,2.0,6.0,3.5],"texture":"#0"},"east":{"uv":[0.0,2.0,2.5,3.5],"texture":"#0"},"south":{"uv":[3.0,6.0,3.0,7.5],"texture":"#0"},"west":{"uv":[2.5,3.0,2.0,3.5],"texture":"#0"},"up":{"uv":[6.0,6.0,3.5,6.0],"texture":"#0","rotation":270},"down":{"uv":[8.5,4.0,6.0,4.0],"texture":"#0","rotation":90}}},{"from":[6.5,13.475,10.5],"to":[7.5,15.475,10.5],"rotation":{"angle":0.0,"axis":"y","origin":[3.5,13.475,13.5]},"faces":{"north":{"uv":[2.0,2.5,2.5,3.5],"texture":"#0"},"east":{"uv":[6.0,2.0,6.0,3.5],"texture":"#0"},"south":{"uv":[2.0,2.5,2.5,3.5],"texture":"#0"},"west":{"uv":[3.0,6.0,3.0,7.5],"texture":"#0"},"up":{"uv":[6.0,6.0,3.5,6.0],"texture":"#0"},"down":{"uv":[8.5,4.0,6.0,4.0],"texture":"#0"}}},{"from":[7.5,13.475,10.5],"to":[8.5,14.475,10.5],"rotation":{"angle":0.0,"axis":"y","origin":[3.5,13.475,13.5]},"faces":{"north":{"uv":[2.5,3.0,3.0,3.5],"texture":"#0"},"east":{"uv":[6.0,2.0,6.0,3.5],"texture":"#0"},"south":{"uv":[2.5,3.0,3.0,3.5],"texture":"#0"},"west":{"uv":[3.0,6.0,3.0,7.5],"texture":"#0"},"up":{"uv":[6.0,6.0,3.5,6.0],"texture":"#0"},"down":{"uv":[8.5,4.0,6.0,4.0],"texture":"#0"}}},{"from":[-4.0,-13.0,8.0],"to":[28.0,19.0,8.0],"rotation":{"angle":0.0,"axis":"y","origin":[0.0,1.0,1.0]},"faces":{"north":{"uv":[0.0,0.0,16.0,16.0],"texture":"#1"},"east":{"uv":[0.0,0.0,0.0,16.0],"texture":"#1"},"south":{"uv":[16.0,0.0,0.0,16.0],"texture":"#1"},"west":{"uv":[0.0,0.0,0.0,16.0],"texture":"#1"},"up":{"uv":[0.0,0.0,16.0,0.0],"texture":"#1"},"down":{"uv":[0.0,0.0,16.0,0.0],"texture":"#1"}}},{"from":[-12.0,-13.0,8.0],"to":[20.0,19.0,8.0],"rotation":{"angle":0.0,"axis":"y","origin":[24.0,0.0,0.0]},"faces":{"north":{"uv":[16.0,0.0,0.0,16.0],"texture":"#2"},"east":{"uv":[0.0,0.0,0.0,16.0],"texture":"#2"},"south":{"uv":[0.0,0.0,16.0,16.0],"texture":"#2"},"west":{"uv":[0.0,0.0,0.0,16.0],"texture":"#2"},"up":{"uv":[0.0,0.0,16.0,0.0],"texture":"#2"},"down":{"uv":[0.0,0.0,16.0,0.0],"texture":"#2"}}},{"from":[8.0,-13.0,-12.0],"to":[8.0,19.0,20.0],"rotation":{"angle":0.0,"axis":"y","origin":[8.0,3.0,8.0]},"faces":{"north":{"uv":[0.0,0.0,0.0,16.0],"texture":"#1"},"east":{"uv":[16.0,0.0,0.0,16.0],"texture":"#1"},"south":{"uv":[0.0,0.0,0.0,16.0],"texture":"#1"},"west":{"uv":[0.0,0.0,16.0,16.0],"texture":"#1"},"up":{"uv":[0.0,0.0,16.0,0.0],"texture":"#1","rotation":270},"down":{"uv":[0.0,0.0,16.0,0.0],"texture":"#1","rotation":90}}},{"from":[8.0,-13.0,-4.0],"to":[8.0,19.0,28.0],"rotation":{"angle":0.0,"axis":"y","origin":[8.0,3.0,8.0]},"faces":{"north":{"uv":[0.0,0.0,0.0,16.0],"texture":"#2"},"east":{"uv":[0.0,0.0,16.0,16.0],"texture":"#2"},"south":{"uv":[0.0,0.0,0.0,16.0],"texture":"#2"},"west":{"uv":[16.0,0.0,0.0,16.0],"texture":"#2"},"up":{"uv":[0.0,0.0,16.0,0.0],"texture":"#2","rotation":270},"down":{"uv":[0.0,0.0,16.0,0.0],"texture":"#2","rotation":90}}}],"display":{"thirdperson_righthand":{"translation":[0.0,-2.0,4.0],"rotation":[90.0,0.0,0.0]},"thirdperson_lefthand":{"translation":[0.0,-2.0,4.0],"rotation":[90.0,0.0,0.0]},"firstperson_righthand":{"rotation":[118.71,65.03,11.49]},"firstperson_lefthand":{"rotation":[124.0,-172.0,11.49]},"ground":{"translation":[0.0,5.5,0.0],"scale":[0.65,0.65,0.65]},"gui":{"translation":[0.0,-2.0,0.0],"rotation":[-17.74,-12.37,-30.67]},"fixed":{"translation":[0.0,0.0,-1.0]}},"credit":"Made with Blockbench","gui_light":"front"}