{"textures":{"0":"mcc:island_cosmetics/general/accessory/chicken_wing/chicken_wing","particle":"mcc:island_cosmetics/general/accessory/chicken_wing/chicken_wing"},"elements":[{"from":[5.0,-1.0,6.5],"to":[11.0,2.0,9.5],"rotation":{"angle":0.0,"axis":"y","origin":[0.1,0.0,0.6]},"faces":{"north":{"uv":[9.5,0.0,12.5,1.5],"texture":"#0"},"east":{"uv":[9.5,1.5,11.0,3.0],"texture":"#0"},"south":{"uv":[9.5,0.0,12.5,1.5],"texture":"#0"},"west":{"uv":[9.5,1.5,11.0,3.0],"texture":"#0"},"up":{"uv":[11.0,1.5,14.0,3.0],"texture":"#0"},"down":{"uv":[12.5,0.0,15.5,1.5],"texture":"#0"}}},{"from":[6.5,2.0,7.0],"to":[9.5,8.0,9.0],"rotation":{"angle":0.0,"axis":"y","origin":[0.5,0.0,0.5]},"faces":{"north":{"uv":[8.0,0.0,9.5,3.0],"texture":"#0"},"east":{"uv":[8.0,0.0,8.5,3.0],"texture":"#0"},"south":{"uv":[8.0,0.0,9.5,3.0],"texture":"#0"},"west":{"uv":[8.0,0.0,8.5,3.0],"texture":"#0"}}},{"from":[5.0,8.0,5.0],"to":[11.0,12.0,11.0],"faces":{"north":{"uv":[5.0,0.0,8.0,2.0],"texture":"#0"},"east":{"uv":[5.0,0.0,8.0,2.0],"texture":"#0"},"south":{"uv":[5.0,0.0,8.0,2.0],"texture":"#0"},"west":{"uv":[5.0,0.0,8.0,2.0],"texture":"#0"},"down":{"uv":[5.0,2.0,8.0,5.0],"texture":"#0"}}},{"from":[4.8,7.8,4.8],"to":[11.2,12.2,11.2],"faces":{"north":{"uv":[8.0,3.0,11.0,5.0],"texture":"#0"},"east":{"uv":[8.0,3.0,11.0,5.0],"texture":"#0"},"south":{"uv":[8.0,3.0,11.0,5.0],"texture":"#0"},"west":{"uv":[8.0,3.0,11.0,5.0],"texture":"#0"},"down":{"uv":[11.0,3.0,14.0,6.0],"texture":"#0"}}},{"from":[3.0,12.0,3.0],"to":[13.0,22.0,13.0],"faces":{"north":{"uv":[0.0,0.0,5.0,5.0],"texture":"#0"},"east":{"uv":[0.0,0.0,5.0,5.0],"texture":"#0"},"south":{"uv":[0.0,0.0,5.0,5.0],"texture":"#0"},"west":{"uv":[0.0,0.0,5.0,5.0],"texture":"#0"},"up":{"uv":[5.0,5.0,10.0,10.0],"texture":"#0"},"down":{"uv":[0.0,5.0,5.0,10.0],"texture":"#0"}}},{"from":[2.8,11.8,2.8],"to":[13.2,22.2,13.2],"faces":{"north":{"uv":[0.0,10.5,5.0,15.5],"texture":"#0"},"east":{"uv":[0.0,10.5,5.0,15.5],"texture":"#0"},"south":{"uv":[0.0,10.5,5.0,15.5],"texture":"#0"},"west":{"uv":[0.0,10.5,5.0,15.5],"texture":"#0"},"up":{"uv":[5.0,10.5,10.0,15.5],"texture":"#0"},"down":{"uv":[0.0,5.0,5.0,10.0],"texture":"#0"}}}],"display":{"thirdperson_righthand":{"translation":[2.5,2.25,1.75],"rotation":[-97.25,-58.58,-118.74],"scale":[0.8207,0.8207,0.8207]},"thirdperson_lefthand":{"translation":[2.5,2.25,1.75],"rotation":[-97.25,-58.58,-118.74],"scale":[0.8207,0.8207,0.8207]},"firstperson_righthand":{"translation":[2.13,3.2,1.13],"rotation":[-42.25,104.0,10.25],"scale":[0.41438,0.41438,0.41438]},"firstperson_lefthand":{"translation":[2.13,3.2,1.63],"rotation":[-24.0,281.5,10.25],"scale":[0.41438,0.41438,0.41438]},"ground":{"translation":[0.0,4.25,0.0],"scale":[0.43945,0.43945,0.43945]},"gui":{"translation":[-1.75,-1.5,0.0],"rotation":[178.81,-18.91,-138.15],"scale":[0.61875,0.61875,0.61875]}},"credit":"Made with Blockbench","gui_light":"front"}