{"textures":{"0":"mcc:island_cosmetics/faction/hat/beanie/head_faction_features","particle":"mcc:island_cosmetics/faction/hat/beanie/head_faction_features"},"elements":[{"from":[3.3,6.8,3.3],"to":[12.7,9.2,12.7],"rotation":{"angle":0.0,"axis":"x","origin":[8.18333,7.5,8.0]},"faces":{"north":{"uv":[6.75,10.75,7.875,11.0],"texture":"#0"},"east":{"uv":[6.75,10.375,7.875,10.625],"texture":"#0"},"south":{"uv":[6.75,10.375,7.875,10.625],"texture":"#0"},"west":{"uv":[6.75,10.375,7.875,10.625],"texture":"#0"},"up":{"uv":[6.125,11.125,6.25,11.25],"texture":"#0"},"down":{"uv":[6.125,11.125,6.25,11.25],"texture":"#0"}}},{"from":[3.5,8.0,3.5],"to":[12.5,13.0,12.5],"rotation":{"angle":0.0,"axis":"y","origin":[8.0,10.5,8.0]},"faces":{"north":{"uv":[7.0,8.75,8.125,9.375],"texture":"#0"},"east":{"uv":[7.0,9.375,8.125,10.0],"texture":"#0"},"south":{"uv":[7.0,9.375,8.125,10.0],"texture":"#0"},"west":{"uv":[7.0,9.375,8.125,10.0],"texture":"#0"},"up":{"uv":[5.625,10.0,6.75,11.125],"texture":"#0"},"down":{"uv":[7.875,10.0,9.0,11.125],"texture":"#0"}}},{"from":[2.0,12.75,8.0],"to":[6.0,15.75,9.0],"rotation":{"angle":22.5,"axis":"z","origin":[5.5,14.5,8.5]},"faces":{"north":{"uv":[6.375,8.75,6.875,9.125],"texture":"#0"},"east":{"uv":[5.875,8.75,6.0,9.125],"texture":"#0"},"south":{"uv":[5.875,8.75,6.375,9.125],"texture":"#0"},"west":{"uv":[5.875,8.75,6.0,9.125],"texture":"#0"},"up":{"uv":[6.375,8.75,6.875,8.875],"texture":"#0"},"down":{"uv":[6.375,8.75,6.875,8.875],"texture":"#0"}}},{"from":[10.0,12.75,8.0],"to":[14.0,15.75,9.0],"rotation":{"angle":-22.5,"axis":"z","origin":[10.5,14.5,8.5]},"faces":{"north":{"uv":[6.875,8.75,6.375,9.125],"texture":"#0"},"east":{"uv":[6.0,8.75,5.875,9.125],"texture":"#0"},"south":{"uv":[6.375,8.75,5.875,9.125],"texture":"#0"},"west":{"uv":[6.0,8.75,5.875,9.125],"texture":"#0"},"up":{"uv":[6.875,8.75,6.375,8.875],"texture":"#0"},"down":{"uv":[6.875,8.75,6.375,8.875],"texture":"#0"}}},{"from":[12.7,9.2,12.7],"to":[3.3,6.8,3.3],"rotation":{"angle":0.0,"axis":"x","origin":[8.18333,7.5,8.0]},"faces":{"north":{"uv":[6.75,10.625,7.875,10.375],"texture":"#0"},"east":{"uv":[6.75,10.625,7.875,10.375],"texture":"#0"},"south":{"uv":[6.75,11.0,7.875,10.75],"texture":"#0"},"west":{"uv":[6.75,10.625,7.875,10.375],"texture":"#0"},"up":{"uv":[6.25,11.125,6.125,11.25],"texture":"#0"},"down":{"uv":[6.25,11.125,6.125,11.25],"texture":"#0"}}}],"display":{"thirdperson_righthand":{"translation":[0.0,1.0,0.75],"rotation":[55.5,34.0,0.0],"scale":[0.52539,0.52539,0.52539]},"thirdperson_lefthand":{"translation":[0.0,1.0,0.75],"rotation":[55.5,34.0,0.0],"scale":[0.52539,0.52539,0.52539]},"firstperson_righthand":{"translation":[9.5,0.0,-5.75],"rotation":[21.0,114.5,-13.75],"scale":[0.41992,0.41992,0.41992]},"firstperson_lefthand":{"translation":[9.5,0.0,-5.75],"rotation":[21.0,114.5,-13.75],"scale":[0.41992,0.41992,0.41992]},"gui":{"translation":[0.0,-1.75,0.0],"rotation":[-168.09,-34.89,169.2],"scale":[0.97851,0.97851,0.97851]},"head":{"translation":[0.0,2.75,0.25],"rotation":[5.73,-0.31,-3.25],"scale":[1.76017,1.76017,1.76017]}},"credit":"Made with Blockbench","gui_light":"front"}