{"textures":{"1":"mcc:island_cosmetics/general/accessory/comet_fist/comet_fist","2":"mcc:island_cosmetics/general/accessory/comet_fist/comet_fist_anim","particle":"mcc:island_cosmetics/general/accessory/comet_fist/comet_fist_anim"},"elements":[{"from":[5.5,4.0,5.5],"to":[10.5,9.0,10.5],"rotation":{"angle":0.0,"axis":"y","origin":[14.0,13.5,8.0]},"faces":{"north":{"uv":[0.0,0.0,5.0,5.0],"texture":"#1"},"east":{"uv":[0.0,0.0,5.0,5.0],"texture":"#1"},"south":{"uv":[0.0,0.0,5.0,5.0],"texture":"#1"},"west":{"uv":[0.0,0.0,5.0,5.0],"texture":"#1"},"up":{"uv":[0.0,5.0,5.0,10.0],"texture":"#1"},"down":{"uv":[5.0,0.0,10.0,5.0],"texture":"#1"}}},{"from":[5.5,9.0,5.5],"to":[10.5,15.0,10.5],"rotation":{"angle":0.0,"axis":"y","origin":[14.0,13.5,8.0]},"faces":{"north":{"uv":[6.0,3.0,11.0,9.0],"texture":"#2"},"east":{"uv":[6.0,3.0,11.0,9.0],"texture":"#2"},"south":{"uv":[6.0,3.0,11.0,9.0],"texture":"#2"},"west":{"uv":[6.0,3.0,11.0,9.0],"texture":"#2"}}},{"from":[11.5,17.0,11.5],"to":[4.5,3.0,4.5],"faces":{"north":{"uv":[5.0,16.0,12.0,2.0],"texture":"#2"},"east":{"uv":[5.0,16.0,12.0,2.0],"texture":"#2"},"south":{"uv":[5.0,16.0,12.0,2.0],"texture":"#2"},"west":{"uv":[5.0,16.0,12.0,2.0],"texture":"#2"},"up":{"uv":[5.0,5.0,12.0,12.0],"texture":"#1"}}},{"from":[11.0,9.5,11.0],"to":[5.0,3.5,5.0],"faces":{"north":{"uv":[10.0,0.0,15.0,5.0],"texture":"#1"},"east":{"uv":[10.0,0.0,15.0,5.0],"texture":"#1"},"south":{"uv":[10.0,0.0,15.0,5.0],"texture":"#1"},"west":{"uv":[10.0,0.0,15.0,5.0],"texture":"#1"},"up":{"uv":[11.0,0.0,12.0,1.0],"texture":"#1"}}}],"display":{"thirdperson_righthand":{"translation":[0.0,-2.0,3.0],"rotation":[90.0,0.0,0.0],"scale":[0.96134,0.96134,0.96134]},"thirdperson_lefthand":{"translation":[0.0,-2.0,2.0],"rotation":[90.0,0.0,0.0],"scale":[1.02969,1.02969,1.02969]},"firstperson_righthand":{"translation":[9.0,1.0,-7.25],"rotation":[119.03,72.6,4.08],"scale":[0.80469,0.80469,0.80469]},"firstperson_lefthand":{"translation":[9.0,1.0,-7.25],"rotation":[119.03,72.6,4.08],"scale":[0.80469,0.80469,0.80469]},"ground":{"translation":[0.0,4.25,0.0],"scale":[0.43945,0.43945,0.43945]},"gui":{"translation":[-1.5,-1.25,0.0],"rotation":[-40.17,-6.1,-38.75],"scale":[0.92736,0.92736,0.92736]},"head":{"translation":[0.0,4.25,0.0],"rotation":[0.0,3.25,0.0],"scale":[1.6,1.6,1.6]}},"credit":"Made with Blockbench"}