{"textures":{"1":"mcc:island_cosmetics/general/accessory/fire_axe/fire_axe"},"elements":[{"from":[6.5,0.0,7.0],"to":[9.5,27.0,9.0],"rotation":{"angle":0.0,"axis":"y","origin":[8.0,-0.5,8.0]},"faces":{"north":{"uv":[7.0,0.0,8.5,13.5],"texture":"#1"},"east":{"uv":[7.0,0.0,7.5,13.5],"texture":"#1"},"south":{"uv":[8.5,0.0,7.0,13.5],"texture":"#1"},"west":{"uv":[8.0,0.0,8.5,13.5],"texture":"#1"},"up":{"uv":[7.0,5.0,5.5,6.0],"texture":"#1"}}},{"from":[5.45,19.95,6.95],"to":[10.55,26.05,9.05],"rotation":{"angle":0.0,"axis":"y","origin":[7.0,-0.5,7.5]},"faces":{"north":{"uv":[4.5,10.0,7.0,13.0],"texture":"#1","tintindex":0},"east":{"uv":[4.0,10.0,3.0,13.0],"texture":"#1","tintindex":0},"south":{"uv":[7.0,10.0,4.5,13.0],"texture":"#1","tintindex":0},"west":{"uv":[4.0,10.0,3.0,13.0],"texture":"#1","tintindex":0},"up":{"uv":[3.0,12.0,0.5,13.0],"texture":"#1","tintindex":0},"down":{"uv":[3.0,10.5,0.5,11.5],"texture":"#1","tintindex":0}}},{"from":[-0.5,19.0,8.0],"to":[13.5,26.0,8.0],"rotation":{"angle":0.0,"axis":"y","origin":[7.0,-0.5,7.5]},"faces":{"north":{"uv":[0.0,6.5,7.0,10.0],"texture":"#1","tintindex":0},"south":{"uv":[7.0,6.5,0.0,10.0],"texture":"#1","tintindex":0}}},{"from":[6.5,0.0,7.0],"to":[9.5,8.0,9.0],"rotation":{"angle":0.0,"axis":"y","origin":[8.0,-0.5,8.0]},"faces":{"north":{"uv":[5.5,0.0,7.0,4.0],"texture":"#1","tintindex":0},"east":{"uv":[5.5,0.0,6.0,4.0],"texture":"#1","tintindex":0},"south":{"uv":[7.0,0.0,5.5,4.0],"texture":"#1","tintindex":0},"west":{"uv":[6.5,0.0,7.0,4.0],"texture":"#1","tintindex":0},"down":{"uv":[7.0,4.0,5.5,5.0],"texture":"#1","tintindex":0}}},{"from":[11.5,19.0,8.0],"to":[15.5,26.0,8.0],"rotation":{"angle":0.0,"axis":"y","origin":[7.0,-0.5,7.5]},"faces":{"north":{"uv":[3.5,2.5,5.5,6.0],"texture":"#1"},"south":{"uv":[5.5,2.5,3.5,6.0],"texture":"#1"}}}],"display":{"thirdperson_righthand":{"translation":[0.0,-2.0,2.0],"rotation":[2.75,90.0,0.0],"scale":[0.84414,0.84414,0.84414]},"thirdperson_lefthand":{"translation":[0.0,-2.0,2.0],"rotation":[2.75,-90.0,0.0],"scale":[0.84414,0.84414,0.84414]},"firstperson_righthand":{"translation":[13.5,-1.5,-7.25],"rotation":[-169.33,75.66,158.14],"scale":[0.67187,0.67187,0.67187]},"firstperson_lefthand":{"translation":[13.5,-1.5,-7.25],"rotation":[41.85,-74.27,50.34],"scale":[0.67187,0.67187,0.67187]},"ground":{"translation":[0.0,4.25,0.0],"scale":[0.43945,0.43945,0.43945]},"gui":{"translation":[-3.25,-3.0,0.0],"rotation":[-5.52,-5.13,-40.77],"scale":[0.61486,0.61486,0.61486]},"head":{"translation":[0.0,-30.25,0.0],"rotation":[0.0,3.25,0.0],"scale":[1.6,1.6,1.6]}},"credit":"Made with Blockbench","gui_light":"front"}