{"textures":{"1":"mcc:island_cosmetics/general/accessory/holosword/holosword_anim","2":"mcc:island_cosmetics/general/accessory/holosword/holosword"},"elements":[{"from":[6.5,-10.0,6.5],"to":[9.5,-1.0,9.5],"rotation":{"angle":0.0,"axis":"y","origin":[8.0,6.5,8.0]},"faces":{"north":{"uv":[4.0,0.0,7.0,9.0],"texture":"#2"},"east":{"uv":[7.0,0.0,4.0,9.0],"texture":"#2"},"south":{"uv":[4.0,0.0,7.0,9.0],"texture":"#2"},"west":{"uv":[7.0,0.0,4.0,9.0],"texture":"#2"},"up":{"uv":[0.0,0.0,3.0,3.0],"texture":"#2"},"down":{"uv":[0.0,3.0,3.0,6.0],"texture":"#2"}}},{"from":[5.5,-3.0,5.5],"to":[10.5,0.0,10.5],"rotation":{"angle":0.0,"axis":"y","origin":[8.0,6.5,8.0]},"faces":{"north":{"uv":[12.0,0.0,7.0,3.0],"texture":"#2"},"east":{"uv":[12.0,0.0,7.0,3.0],"texture":"#2"},"south":{"uv":[12.0,0.0,7.0,3.0],"texture":"#2"},"west":{"uv":[12.0,0.0,7.0,3.0],"texture":"#2"},"up":{"uv":[0.0,8.0,5.0,13.0],"texture":"#2"},"down":{"uv":[7.0,3.0,12.0,8.0],"texture":"#2"}}},{"from":[2.5,-1.0,8.0],"to":[12.5,26.0,8.0],"rotation":{"angle":0.0,"axis":"y","origin":[8.0,21.0,8.0]},"faces":{"north":{"uv":[12.375,0.75,14.875,7.5],"texture":"#1","tintindex":0},"south":{"uv":[14.875,0.75,12.375,7.5],"texture":"#1","tintindex":0}}},{"from":[5.5,-11.0,5.5],"to":[10.5,-8.0,10.5],"rotation":{"angle":0.0,"axis":"y","origin":[8.0,6.5,8.0]},"faces":{"north":{"uv":[7.0,0.0,12.0,3.0],"texture":"#2"},"east":{"uv":[7.0,0.0,12.0,3.0],"texture":"#2"},"south":{"uv":[7.0,0.0,12.0,3.0],"texture":"#2"},"west":{"uv":[7.0,0.0,12.0,3.0],"texture":"#2"},"up":{"uv":[0.0,8.0,5.0,13.0],"texture":"#2"},"down":{"uv":[7.0,3.0,12.0,8.0],"texture":"#2"}}},{"from":[5.5,-3.0,5.5],"to":[10.5,0.0,10.5],"rotation":{"angle":0.0,"axis":"y","origin":[8.0,6.5,8.0]},"faces":{"up":{"uv":[5.0,8.0,10.0,13.0],"texture":"#2","tintindex":0}}},{"from":[5.5,-11.0,5.5],"to":[10.5,-8.0,10.5],"rotation":{"angle":0.0,"axis":"y","origin":[8.0,6.5,8.0]},"faces":{"down":{"uv":[5.0,8.0,10.0,13.0],"texture":"#2","tintindex":0}}}],"display":{"thirdperson_righthand":{"translation":[1.75,10.5,2.5],"rotation":[69.1,81.71,-61.99],"scale":[0.93398,0.93398,0.93398]},"thirdperson_lefthand":{"translation":[2.25,10.0,2.5],"rotation":[-112.5,-78.25,-115.25],"scale":[0.93398,0.93398,0.93398]},"firstperson_righthand":{"translation":[10.75,3.75,-7.25],"rotation":[166.11,80.76,-179.66],"scale":[0.49023,0.49023,0.49023]},"firstperson_lefthand":{"translation":[10.0,3.75,-7.25],"rotation":[11.91,-76.99,26.83],"scale":[0.49023,0.49023,0.49023]},"ground":{"translation":[0.0,4.25,0.0],"scale":[0.43945,0.43945,0.43945]},"gui":{"translation":[0.75,0.75,0.0],"rotation":[11.82,18.68,-46.36],"scale":[0.50548,0.50548,0.50548]},"head":{"translation":[0.0,4.25,0.0],"rotation":[0.0,3.25,0.0],"scale":[1.6,1.6,1.6]}},"credit":"Made with Blockbench","gui_light":"front"}