{"textures":{"1":"mcc:island_cosmetics/general/accessory/holosword/holosword_anim","2":"mcc:island_cosmetics/general/accessory/holosword/holosword"},"elements":[{"from":[6.5,-10.0,6.5],"to":[9.5,-1.0,9.5],"rotation":{"angle":0.0,"axis":"y","origin":[8.0,6.5,8.0]},"faces":{"north":{"uv":[7.0,0.0,4.0,9.0],"texture":"#2"},"east":{"uv":[4.0,0.0,7.0,9.0],"texture":"#2"},"south":{"uv":[7.0,0.0,4.0,9.0],"texture":"#2"},"west":{"uv":[4.0,0.0,7.0,9.0],"texture":"#2"},"up":{"uv":[3.0,0.0,0.0,3.0],"texture":"#2"},"down":{"uv":[3.0,3.0,0.0,6.0],"texture":"#2"}}},{"from":[5.5,-3.0,5.5],"to":[10.5,0.0,10.5],"rotation":{"angle":0.0,"axis":"y","origin":[8.0,6.5,8.0]},"faces":{"north":{"uv":[7.0,0.0,12.0,3.0],"texture":"#2"},"east":{"uv":[7.0,0.0,12.0,3.0],"texture":"#2"},"south":{"uv":[7.0,0.0,12.0,3.0],"texture":"#2"},"west":{"uv":[7.0,0.0,12.0,3.0],"texture":"#2"},"up":{"uv":[5.0,8.0,0.0,13.0],"texture":"#2"},"down":{"uv":[12.0,3.0,7.0,8.0],"texture":"#2"}}},{"from":[5.5,-11.0,5.5],"to":[10.5,-8.0,10.5],"rotation":{"angle":0.0,"axis":"y","origin":[8.0,6.5,8.0]},"faces":{"north":{"uv":[12.0,0.0,7.0,3.0],"texture":"#2"},"east":{"uv":[12.0,0.0,7.0,3.0],"texture":"#2"},"south":{"uv":[12.0,0.0,7.0,3.0],"texture":"#2"},"west":{"uv":[12.0,0.0,7.0,3.0],"texture":"#2"},"up":{"uv":[5.0,8.0,0.0,13.0],"texture":"#2"},"down":{"uv":[12.0,3.0,7.0,8.0],"texture":"#2"}}},{"from":[5.5,-3.0,5.5],"to":[10.5,0.0,10.5],"rotation":{"angle":0.0,"axis":"y","origin":[8.0,6.5,8.0]},"faces":{"up":{"uv":[10.0,8.0,5.0,13.0],"texture":"#2","tintindex":0}}},{"from":[5.5,-11.0,5.5],"to":[10.5,-8.0,10.5],"rotation":{"angle":0.0,"axis":"y","origin":[8.0,6.5,8.0]},"faces":{"down":{"uv":[10.0,8.0,5.0,13.0],"texture":"#2","tintindex":0}}},{"from":[0.5,0.0,8.0],"to":[15.5,27.0,8.0],"rotation":{"angle":0.0,"axis":"y","origin":[8.0,21.0,8.0]},"faces":{"north":{"uv":[0.0,9.25,3.75,16.0],"texture":"#1","tintindex":0},"east":{"uv":[11.0,5.375,11.625,5.75],"texture":"#1"},"south":{"uv":[3.75,9.25,0.0,16.0],"texture":"#1","tintindex":0},"west":{"uv":[11.0,5.375,11.625,5.75],"texture":"#1"},"up":{"uv":[10.75,6.375,10.125,7.0],"texture":"#1","rotation":270},"down":{"uv":[11.625,5.75,11.0,6.375],"texture":"#1","rotation":90}}},{"from":[12.0,-3.0,8.0],"to":[19.0,2.0,8.0],"rotation":{"angle":0.0,"axis":"y","origin":[8.0,21.0,8.0]},"faces":{"north":{"uv":[5.75,14.75,4.0,16.0],"texture":"#1","tintindex":0},"east":{"uv":[11.625,5.375,11.0,5.75],"texture":"#1"},"south":{"uv":[4.0,14.75,5.75,16.0],"texture":"#1","tintindex":0},"west":{"uv":[11.625,5.375,11.0,5.75],"texture":"#1"},"up":{"uv":[10.75,7.0,10.125,6.375],"texture":"#1","rotation":270},"down":{"uv":[11.625,6.375,11.0,5.75],"texture":"#1","rotation":90}}},{"from":[-3.0,-3.0,8.0],"to":[4.0,2.0,8.0],"rotation":{"angle":0.0,"axis":"y","origin":[8.0,21.0,8.0]},"faces":{"north":{"uv":[4.0,14.75,5.75,16.0],"texture":"#1","tintindex":0},"east":{"uv":[11.0,5.375,11.625,5.75],"texture":"#1"},"south":{"uv":[5.75,14.75,4.0,16.0],"texture":"#1","tintindex":0},"west":{"uv":[11.0,5.375,11.625,5.75],"texture":"#1"},"up":{"uv":[10.75,6.375,10.125,7.0],"texture":"#1","rotation":270},"down":{"uv":[11.625,5.75,11.0,6.375],"texture":"#1","rotation":90}}}],"display":{"thirdperson_righthand":{"translation":[1.75,10.5,2.5],"rotation":[69.1,81.71,-61.99],"scale":[0.93398,0.93398,0.93398]},"thirdperson_lefthand":{"translation":[2.25,10.0,2.5],"rotation":[-112.5,-78.25,-115.25],"scale":[0.93398,0.93398,0.93398]},"firstperson_righthand":{"translation":[10.75,3.75,-7.25],"rotation":[166.11,80.76,-179.66],"scale":[0.49023,0.49023,0.49023]},"firstperson_lefthand":{"translation":[10.0,3.75,-7.25],"rotation":[11.91,-76.99,26.83],"scale":[0.49023,0.49023,0.49023]},"ground":{"translation":[0.0,4.25,0.0],"scale":[0.43945,0.43945,0.43945]},"gui":{"translation":[0.75,0.25,0.0],"rotation":[13.02,17.88,-50.23],"scale":[0.50548,0.50548,0.50548]},"head":{"translation":[0.0,4.25,0.0],"rotation":[0.0,3.25,0.0],"scale":[1.6,1.6,1.6]}},"credit":"Made with Blockbench","gui_light":"front"}