{"textures":{"particle":"mcc:island_cosmetics/general/accessory/claim_flag/claim_flag","team":"mcc:island_cosmetics/general/accessory/claim_flag/claim_flag"},"elements":[{"from":[7.0,-8.0,7.0],"to":[9.0,24.0,9.0],"rotation":{"angle":0.0,"axis":"y","origin":[9.0,18.0,6.875]},"faces":{"north":{"uv":[0.0,0.0,1.0,16.0],"texture":"#team"},"east":{"uv":[1.0,0.0,0.0,16.0],"texture":"#team"},"south":{"uv":[0.0,0.0,1.0,16.0],"texture":"#team"},"west":{"uv":[1.0,0.0,0.0,16.0],"texture":"#team"},"up":{"uv":[2.0,5.5,1.0,6.5],"texture":"#team"},"down":{"uv":[2.0,5.5,1.0,6.5],"texture":"#team"}}},{"from":[6.8,-6.2,6.8],"to":[9.2,5.2,9.2],"rotation":{"angle":0.0,"axis":"y","origin":[9.0,18.0,6.875]},"faces":{"north":{"uv":[1.0,0.0,2.0,5.5],"texture":"#team","tintindex":0},"east":{"uv":[1.0,0.0,2.0,5.5],"texture":"#team","tintindex":0},"south":{"uv":[1.0,0.0,2.0,5.5],"texture":"#team","tintindex":0},"west":{"uv":[1.0,0.0,2.0,5.5],"texture":"#team","tintindex":0}}},{"from":[-9.0,10.0,8.0],"to":[7.0,22.0,8.0],"rotation":{"angle":0.0,"axis":"y","origin":[8.5,18.0,7.375]},"faces":{"north":{"uv":[8.0,0.0,16.0,6.0],"texture":"#team"},"south":{"uv":[16.0,0.0,8.0,6.0],"texture":"#team"}}},{"from":[-9.0,10.0,8.0],"to":[7.0,22.0,8.0],"rotation":{"angle":0.0,"axis":"y","origin":[8.5,18.0,7.375]},"faces":{"north":{"uv":[8.0,6.5,16.0,12.5],"texture":"#team","tintindex":0},"south":{"uv":[16.0,6.5,8.0,12.5],"texture":"#team","tintindex":0}}},{"from":[9.2,5.2,9.2],"to":[6.8,-6.2,6.8],"rotation":{"angle":0.0,"axis":"y","origin":[9.0,18.0,6.875]},"faces":{"north":{"uv":[1.0,5.5,2.0,0.0],"texture":"#team","tintindex":0},"east":{"uv":[1.0,5.5,2.0,0.0],"texture":"#team","tintindex":0},"south":{"uv":[1.0,5.5,2.0,0.0],"texture":"#team","tintindex":0},"west":{"uv":[1.0,5.5,2.0,0.0],"texture":"#team","tintindex":0}}}],"display":{"thirdperson_righthand":{"translation":[2.0,4.75,7.5],"rotation":[-115.29,-51.72,-158.3],"scale":[0.93594,0.93594,0.93594]},"thirdperson_lefthand":{"translation":[3.25,4.75,7.5],"rotation":[74.24,49.66,-26.75],"scale":[0.93594,0.93594,0.93594]},"firstperson_righthand":{"translation":[11.75,1.0,-6.0],"rotation":[0.53,-75.64,-12.13],"scale":[0.53906,0.53906,0.53906]},"firstperson_lefthand":{"translation":[11.75,1.0,-6.0],"rotation":[-123.88,81.22,141.95],"scale":[0.53906,0.53906,0.53906]},"ground":{"translation":[0.0,4.25,0.0],"scale":[0.43945,0.43945,0.43945]},"gui":{"translation":[-3.25,0.25,0.0],"rotation":[-177.39,0.63,-153.0],"scale":[0.49376,0.49376,0.49376]},"head":{"translation":[0.0,4.25,0.0],"rotation":[0.0,3.25,0.0],"scale":[1.6,1.6,1.6]}},"credit":"Made with Blockbench","gui_light":"front"}