{"textures":{"1":"mcc:island_cosmetics/general/accessory/hair_dryer/hair_dryer"},"elements":[{"from":[6.5,5.0,6.5],"to":[9.5,11.0,9.5],"rotation":{"angle":0.0,"axis":"y","origin":[8.0,8.0,7.5]},"faces":{"north":{"uv":[5.0,9.0,3.5,12.0],"texture":"#1","tintindex":0},"east":{"uv":[6.5,9.0,5.0,12.0],"texture":"#1","tintindex":0},"south":{"uv":[2.0,9.0,3.5,12.0],"texture":"#1","tintindex":0},"west":{"uv":[5.0,9.0,6.5,12.0],"texture":"#1","tintindex":0},"down":{"uv":[2.0,7.5,3.5,9.0],"texture":"#1","tintindex":0}}},{"from":[6.4,3.9,6.4],"to":[9.6,6.1,9.6],"rotation":{"angle":0.0,"axis":"y","origin":[8.0,8.0,7.5]},"faces":{"north":{"uv":[6.5,11.0,8.0,12.0],"texture":"#1"},"east":{"uv":[6.5,11.0,8.0,12.0],"texture":"#1"},"south":{"uv":[6.5,11.0,8.0,12.0],"texture":"#1"},"west":{"uv":[6.5,11.0,8.0,12.0],"texture":"#1"},"down":{"uv":[8.0,11.0,9.5,12.5],"texture":"#1"}}},{"from":[5.0,10.0,5.0],"to":[11.0,16.0,11.0],"rotation":{"angle":0.0,"axis":"x","origin":[8.0,13.0,8.0]},"faces":{"north":{"uv":[6.5,8.0,9.5,11.0],"texture":"#1","tintindex":0,"rotation":180},"east":{"uv":[9.5,3.0,12.5,0.0],"texture":"#1","tintindex":0,"rotation":270},"south":{"uv":[9.5,8.0,12.5,11.0],"texture":"#1","tintindex":0},"west":{"uv":[9.5,0.0,12.5,3.0],"texture":"#1","tintindex":0,"rotation":270},"up":{"uv":[7.5,5.0,10.5,8.0],"texture":"#1","tintindex":0},"down":{"uv":[3.5,6.0,6.5,9.0],"texture":"#1","tintindex":0,"rotation":180}}},{"from":[5.1,10.1,5.1],"to":[10.9,15.9,10.9],"rotation":{"angle":0.0,"axis":"x","origin":[8.0,13.0,8.0]},"faces":{"east":{"uv":[0.0,0.0,3.0,3.0],"texture":"#1","rotation":90},"west":{"uv":[0.0,0.0,3.0,3.0],"texture":"#1","rotation":270}}},{"from":[6.0,11.0,-1.0],"to":[10.0,15.0,6.0],"rotation":{"angle":0.0,"axis":"y","origin":[8.0,8.0,8.0]},"faces":{"north":{"uv":[3.5,0.0,5.5,2.0],"texture":"#1","rotation":90},"east":{"uv":[9.5,0.0,6.0,2.0],"texture":"#1","tintindex":0},"west":{"uv":[6.0,0.0,9.5,2.0],"texture":"#1","tintindex":0},"up":{"uv":[10.5,3.5,12.5,7.0],"texture":"#1","tintindex":0},"down":{"uv":[3.0,2.0,5.0,5.5],"texture":"#1","tintindex":0}}},{"from":[5.8,10.8,-1.2],"to":[10.2,15.2,2.2],"rotation":{"angle":0.0,"axis":"y","origin":[8.0,8.0,8.0]},"faces":{"east":{"uv":[5.5,2.0,7.0,4.0],"texture":"#1"},"west":{"uv":[5.5,2.0,7.0,4.0],"texture":"#1"},"up":{"uv":[7.0,2.0,9.0,3.5],"texture":"#1"},"down":{"uv":[7.0,3.5,9.0,5.0],"texture":"#1"}}},{"from":[10.2,15.2,2.2],"to":[5.8,10.8,-1.2],"rotation":{"angle":0.0,"axis":"y","origin":[8.0,8.0,8.0]},"faces":{"east":{"uv":[5.5,4.0,7.0,2.0],"texture":"#1"},"west":{"uv":[5.5,4.0,7.0,2.0],"texture":"#1"},"up":{"uv":[9.0,3.5,7.0,5.0],"texture":"#1"},"down":{"uv":[9.0,2.0,7.0,3.5],"texture":"#1"}}}],"display":{"thirdperson_righthand":{"translation":[0.0,-1.0,2.0],"rotation":[-180.0,-180.0,-180.0],"scale":[0.8832,0.8832,0.8832]},"thirdperson_lefthand":{"translation":[0.0,-1.0,2.0],"rotation":[-180.0,-180.0,-180.0],"scale":[0.8832,0.8832,0.8832]},"firstperson_righthand":{"translation":[1.88,2.45,2.13],"rotation":[5.92,14.41,-2.81],"scale":[0.31672,0.31672,0.31672]},"firstperson_lefthand":{"translation":[1.88,2.45,2.13],"rotation":[5.92,14.41,-2.81],"scale":[0.31672,0.31672,0.31672]},"ground":{"translation":[0.0,4.25,0.0],"scale":[0.44531,0.44531,0.44531]},"gui":{"translation":[-0.5,-2.75,0.0],"rotation":[119.03,-51.18,137.18],"scale":[0.88476,0.88476,0.88476]},"head":{"translation":[0.0,-30.5,0.0],"scale":[1.6,1.6,1.6]}},"credit":"Made with Blockbench","gui_light":"front"}