{"textures":{"1":"mcc:island_cosmetics/general/accessory/camera/camera"},"elements":[{"from":[3.0,2.0,6.0],"to":[13.0,9.0,10.0],"rotation":{"angle":0.0,"axis":"y","origin":[8.0,8.0,8.0]},"faces":{"north":{"uv":[0.5,4.5,5.5,8.0],"texture":"#1"},"east":{"uv":[5.5,4.5,7.5,8.0],"texture":"#1"},"south":{"uv":[12.5,4.5,7.5,8.0],"texture":"#1"},"west":{"uv":[7.5,4.5,5.5,8.0],"texture":"#1"},"up":{"uv":[5.0,2.5,10.0,4.5],"texture":"#1"},"down":{"uv":[10.0,2.5,15.0,4.5],"texture":"#1"}}},{"from":[3.0,2.0,6.0],"to":[13.0,9.0,10.0],"rotation":{"angle":0.0,"axis":"y","origin":[8.0,8.0,8.0]},"faces":{"north":{"uv":[3.5,11.5,8.5,15.0],"texture":"#1","tintindex":0},"east":{"uv":[8.5,11.5,10.5,15.0],"texture":"#1","tintindex":0},"south":{"uv":[15.5,11.5,10.5,15.0],"texture":"#1","tintindex":0},"west":{"uv":[10.5,11.5,8.5,15.0],"texture":"#1","tintindex":0}}},{"from":[11.0,9.25,7.0],"to":[13.0,9.25,9.0],"rotation":{"angle":0.0,"axis":"y","origin":[8.0,8.0,8.0]},"faces":{"up":{"uv":[3.5,3.0,4.0,3.5],"texture":"#1"},"down":{"uv":[3.5,3.0,4.0,3.5],"texture":"#1"}}},{"from":[5.5,9.0,7.0],"to":[10.5,11.0,10.0],"rotation":{"angle":0.0,"axis":"y","origin":[8.5,8.0,8.0]},"faces":{"north":{"uv":[5.0,1.5,7.5,2.5],"texture":"#1"},"east":{"uv":[1.0,1.5,2.5,2.5],"texture":"#1"},"south":{"uv":[5.0,0.5,7.5,1.5],"texture":"#1"},"west":{"uv":[2.5,1.5,1.0,2.5],"texture":"#1"},"up":{"uv":[2.5,1.0,5.0,2.5],"texture":"#1"}}},{"from":[6.0,3.0,1.0],"to":[10.0,7.0,6.0],"rotation":{"angle":0.0,"axis":"y","origin":[8.0,5.0,4.0]},"faces":{"east":{"uv":[0.5,2.5,3.0,4.5],"texture":"#1"},"west":{"uv":[0.5,2.5,3.0,4.5],"texture":"#1","rotation":180},"up":{"uv":[0.5,2.5,3.0,4.5],"texture":"#1","rotation":270},"down":{"uv":[0.5,2.5,3.0,4.5],"texture":"#1","rotation":90}}},{"from":[6.0,3.0,2.0],"to":[10.0,7.0,2.0],"rotation":{"angle":0.0,"axis":"y","origin":[8.0,5.0,4.0]},"faces":{"north":{"uv":[3.0,2.5,5.0,4.5],"texture":"#1"},"south":{"uv":[5.0,2.5,3.0,4.5],"texture":"#1"}}},{"from":[5.9,2.9,0.9],"to":[10.1,7.1,3.1],"rotation":{"angle":0.0,"axis":"y","origin":[8.0,5.0,4.0]},"faces":{"east":{"uv":[2.0,2.5,3.0,4.5],"texture":"#1"},"west":{"uv":[2.0,2.5,3.0,4.5],"texture":"#1"},"up":{"uv":[2.0,2.5,3.0,4.5],"texture":"#1","rotation":90},"down":{"uv":[2.0,2.5,3.0,4.5],"texture":"#1","rotation":90}}},{"from":[5.9,2.9,3.9],"to":[10.1,7.1,5.1],"rotation":{"angle":0.0,"axis":"y","origin":[8.0,5.0,4.0]},"faces":{"east":{"uv":[2.0,2.5,3.0,4.5],"texture":"#1"},"west":{"uv":[2.0,2.5,3.0,4.5],"texture":"#1"},"up":{"uv":[2.0,2.5,3.0,4.5],"texture":"#1","rotation":90},"down":{"uv":[2.0,2.5,3.0,4.5],"texture":"#1","rotation":90}}},{"from":[10.1,7.1,3.1],"to":[5.9,2.9,0.9],"rotation":{"angle":0.0,"axis":"y","origin":[8.0,5.0,4.0]},"faces":{"east":{"uv":[2.0,4.5,3.0,2.5],"texture":"#1"},"west":{"uv":[2.0,4.5,3.0,2.5],"texture":"#1"},"up":{"uv":[2.0,4.5,3.0,2.5],"texture":"#1","rotation":90},"down":{"uv":[2.0,4.5,3.0,2.5],"texture":"#1","rotation":90}}},{"from":[10.0,7.0,6.0],"to":[6.0,3.0,1.0],"rotation":{"angle":0.0,"axis":"y","origin":[8.0,5.0,4.0]},"faces":{"east":{"uv":[0.5,4.5,3.0,2.5],"texture":"#1","rotation":180},"west":{"uv":[0.5,4.5,3.0,2.5],"texture":"#1"},"up":{"uv":[0.5,4.5,3.0,2.5],"texture":"#1","rotation":90},"down":{"uv":[0.5,4.5,3.0,2.5],"texture":"#1","rotation":270}}}],"display":{"thirdperson_righthand":{"translation":[1.25,2.0,2.5],"rotation":[44.42,-16.18,-8.51],"scale":[0.91055,0.91055,0.91055]},"thirdperson_lefthand":{"translation":[1.25,2.0,2.5],"rotation":[44.42,-16.18,-8.51],"scale":[0.91055,0.91055,0.91055]},"firstperson_righthand":{"translation":[11.75,-0.5,-7.25],"rotation":[11.49,11.43,11.88],"scale":[0.73828,0.73828,0.73828]},"firstperson_lefthand":{"translation":[11.75,-0.5,-7.25],"rotation":[11.49,11.43,11.88],"scale":[0.73828,0.73828,0.73828]},"ground":{"translation":[0.0,4.25,0.0],"scale":[0.43945,0.43945,0.43945]},"gui":{"translation":[-0.25,2.25,0.0],"rotation":[-150.11,-30.27,-177.95],"scale":[1.03477,1.03477,1.03477]},"head":{"translation":[0.0,4.25,0.0],"rotation":[0.0,3.25,0.0],"scale":[1.6,1.6,1.6]}},"credit":"Made with Blockbench","gui_light":"front"}