{"textures":{"1":"mcc:island_cosmetics/general/accessory/microphone/microphone"},"elements":[{"from":[6.5,-7.0,6.5],"to":[9.5,2.0,9.5],"rotation":{"angle":0.0,"axis":"y","origin":[8.5,-0.5,8.5]},"faces":{"north":{"uv":[10.0,2.0,7.0,11.0],"texture":"#1","tintindex":0},"east":{"uv":[10.0,2.0,7.0,11.0],"texture":"#1","tintindex":0},"south":{"uv":[10.0,2.0,7.0,11.0],"texture":"#1","tintindex":0},"west":{"uv":[10.0,2.0,7.0,11.0],"texture":"#1","tintindex":0}}},{"from":[6.5,-7.0,6.5],"to":[9.5,2.0,9.5],"rotation":{"angle":0.0,"axis":"y","origin":[8.5,-0.5,8.5]},"faces":{"north":{"uv":[0.0,5.0,3.0,14.0],"texture":"#1"},"east":{"uv":[3.0,5.0,0.0,14.0],"texture":"#1"},"south":{"uv":[0.0,5.0,3.0,14.0],"texture":"#1"},"west":{"uv":[3.0,5.0,0.0,14.0],"texture":"#1"},"down":{"uv":[13.0,1.0,10.0,4.0],"texture":"#1"}}},{"from":[7.5,-12.0,8.0],"to":[8.5,-7.0,8.0],"rotation":{"angle":0.0,"axis":"y","origin":[8.0,-0.5,8.0]},"faces":{"north":{"uv":[7.0,6.0,6.0,11.0],"texture":"#1"},"south":{"uv":[7.0,6.0,6.0,11.0],"texture":"#1"}}},{"from":[5.5,2.0,5.5],"to":[10.5,7.0,10.5],"rotation":{"angle":0.0,"axis":"y","origin":[8.5,-0.5,8.5]},"faces":{"north":{"uv":[10.0,6.0,15.0,11.0],"texture":"#1"},"east":{"uv":[10.0,6.0,15.0,11.0],"texture":"#1"},"south":{"uv":[10.0,6.0,15.0,11.0],"texture":"#1"},"west":{"uv":[10.0,6.0,15.0,11.0],"texture":"#1"},"up":{"uv":[0.0,0.0,5.0,5.0],"texture":"#1"},"down":{"uv":[10.0,10.0,11.0,11.0],"texture":"#1"}}},{"from":[5.2,3.45,5.2],"to":[10.8,5.55,10.8],"rotation":{"angle":0.0,"axis":"y","origin":[8.5,-0.5,8.5]},"faces":{"north":{"uv":[10.0,4.0,15.0,6.0],"texture":"#1"},"east":{"uv":[10.0,4.0,15.0,6.0],"texture":"#1"},"south":{"uv":[10.0,4.0,15.0,6.0],"texture":"#1"},"west":{"uv":[10.0,4.0,15.0,6.0],"texture":"#1"}}},{"from":[10.8,5.55,10.8],"to":[5.2,3.45,5.2],"rotation":{"angle":0.0,"axis":"y","origin":[8.5,-0.5,8.5]},"faces":{"north":{"uv":[10.0,6.0,15.0,4.0],"texture":"#1"},"east":{"uv":[10.0,6.0,15.0,4.0],"texture":"#1"},"south":{"uv":[10.0,6.0,15.0,4.0],"texture":"#1"},"west":{"uv":[10.0,6.0,15.0,4.0],"texture":"#1"}}}],"display":{"thirdperson_righthand":{"translation":[1.0,8.0,6.75],"rotation":[29.32,10.75,-7.16],"scale":[0.91055,0.91055,0.91055]},"thirdperson_lefthand":{"translation":[1.0,8.0,6.75],"rotation":[29.32,10.75,-7.16],"scale":[0.91055,0.91055,0.91055]},"firstperson_righthand":{"translation":[10.5,3.5,-7.25],"rotation":[174.14,68.55,172.1],"scale":[0.54297,0.54297,0.54297]},"firstperson_lefthand":{"translation":[10.5,3.5,-7.25],"rotation":[174.14,68.55,172.1],"scale":[0.54297,0.54297,0.54297]},"ground":{"translation":[0.0,4.25,0.0],"scale":[0.43945,0.43945,0.43945]},"gui":{"translation":[5.25,5.75,0.0],"rotation":[-156.08,-6.57,-137.01],"scale":[0.87852,0.87852,0.87852]},"head":{"translation":[0.0,4.25,0.0],"rotation":[0.0,3.25,0.0],"scale":[1.6,1.6,1.6]}},"credit":"Made with Blockbench","gui_light":"front"}