{"textures":{"1":"mcc:island_cosmetics/general/accessory/coffee_cup/coffee_steam","2":"mcc:island_cosmetics/general/accessory/coffee_cup/coffee_cup"},"elements":[{"from":[5.0,1.0,5.0],"to":[11.0,8.0,11.0],"faces":{"north":{"uv":[0.0,0.0,6.0,7.0],"texture":"#2","tintindex":0},"east":{"uv":[0.0,0.0,6.0,7.0],"texture":"#2","tintindex":0},"south":{"uv":[0.0,0.0,6.0,7.0],"texture":"#2","tintindex":0},"west":{"uv":[0.0,0.0,6.0,7.0],"texture":"#2","tintindex":0},"up":{"uv":[6.0,0.0,12.0,6.0],"texture":"#2"},"down":{"uv":[0.0,7.0,6.0,13.0],"texture":"#2","tintindex":0}}},{"from":[4.8,6.8,4.8],"to":[11.2,8.2,11.2],"faces":{"north":{"uv":[0.0,0.0,6.0,1.0],"texture":"#2","tintindex":0},"east":{"uv":[0.0,0.0,6.0,1.0],"texture":"#2","tintindex":0},"south":{"uv":[0.0,0.0,6.0,1.0],"texture":"#2","tintindex":0},"west":{"uv":[0.0,0.0,6.0,1.0],"texture":"#2","tintindex":0},"up":{"uv":[6.0,7.0,12.0,13.0],"texture":"#2","tintindex":0}}},{"from":[4.0,8.0,8.0],"to":[12.0,17.0,8.0],"faces":{"north":{"uv":[0.0,0.0,8.0,9.125],"texture":"#1"},"south":{"uv":[8.0,0.0,0.0,9.125],"texture":"#1"}}},{"from":[2.0,2.0,7.5],"to":[5.0,7.0,8.5],"faces":{"north":{"uv":[12.0,0.0,15.0,5.0],"texture":"#2","tintindex":0},"east":{"uv":[12.0,2.0,13.0,3.0],"texture":"#2","tintindex":0,"rotation":180},"south":{"uv":[15.0,0.0,12.0,5.0],"texture":"#2","tintindex":0},"west":{"uv":[14.0,0.0,15.0,5.0],"texture":"#2","tintindex":0},"up":{"uv":[12.0,0.0,15.0,1.0],"texture":"#2","tintindex":0,"rotation":180},"down":{"uv":[12.0,5.0,15.0,6.0],"texture":"#2","tintindex":0,"rotation":180}}},{"from":[11.2,8.2,11.2],"to":[4.8,6.8,4.8],"faces":{"north":{"uv":[0.0,1.0,6.0,0.0],"texture":"#2","tintindex":0},"east":{"uv":[0.0,1.0,6.0,0.0],"texture":"#2","tintindex":0},"south":{"uv":[0.0,1.0,6.0,0.0],"texture":"#2","tintindex":0},"west":{"uv":[0.0,1.0,6.0,0.0],"texture":"#2","tintindex":0},"down":{"uv":[12.0,7.0,6.0,13.0],"texture":"#2","tintindex":0}}},{"from":[5.0,7.0,8.5],"to":[2.0,2.0,7.5],"faces":{"north":{"uv":[15.0,5.0,12.0,0.0],"texture":"#2","tintindex":0},"east":{"uv":[14.0,5.0,15.0,0.0],"texture":"#2","tintindex":0},"south":{"uv":[12.0,5.0,15.0,0.0],"texture":"#2","tintindex":0},"west":{"uv":[12.0,3.0,13.0,2.0],"texture":"#2","tintindex":0,"rotation":180},"up":{"uv":[15.0,5.0,12.0,6.0],"texture":"#2","tintindex":0,"rotation":180},"down":{"uv":[15.0,0.0,12.0,1.0],"texture":"#2","tintindex":0,"rotation":180}}}],"display":{"thirdperson_righthand":{"translation":[2.5,4.0,2.5],"rotation":[65.4,56.83,1.31],"scale":[0.85,0.85,0.85]},"thirdperson_lefthand":{"translation":[2.5,4.0,2.5],"rotation":[-110.26,-59.53,-178.5],"scale":[0.85,0.85,0.85]},"firstperson_righthand":{"translation":[1.13,4.2,1.63],"rotation":[-161.51,71.07,173.93],"scale":[0.41438,0.41438,0.41438]},"firstperson_lefthand":{"translation":[1.13,4.2,1.63],"rotation":[4.0,-77.12,-4.76],"scale":[0.41438,0.41438,0.41438]},"ground":{"translation":[0.0,4.25,0.0],"scale":[0.43945,0.43945,0.43945]},"gui":{"translation":[-0.75,0.0,0.0],"rotation":[-158.78,-30.79,172.02],"scale":[0.9039,0.9039,0.9039]}},"credit":"Made with Blockbench","gui_light":"front"}