{"textures":{"1":"mcc:island_cosmetics/general/accessory/hive/hive","3":"mcc:island_cosmetics/general/accessory/hive/hive_wasp_anim"},"elements":[{"from":[6.0,1.0,5.0],"to":[12.0,9.0,11.0],"rotation":{"angle":0.0,"axis":"y","origin":[7.0,-10.0,0.0]},"faces":{"north":{"uv":[0.0,0.0,3.0,4.0],"texture":"#1"},"east":{"uv":[0.0,0.0,3.0,4.0],"texture":"#1"},"south":{"uv":[0.0,0.0,3.0,4.0],"texture":"#1"},"west":{"uv":[0.0,0.0,3.0,4.0],"texture":"#1"},"up":{"uv":[3.0,4.0,6.0,7.0],"texture":"#1"},"down":{"uv":[6.0,4.0,9.0,7.0],"texture":"#1"}}},{"from":[5.8,0.8,4.8],"to":[12.2,9.2,11.2],"rotation":{"angle":0.0,"axis":"y","origin":[7.0,-10.0,0.0]},"faces":{"north":{"uv":[3.0,0.0,6.5,4.0],"texture":"#1"},"east":{"uv":[3.0,0.0,6.5,4.0],"texture":"#1"},"south":{"uv":[3.0,0.0,6.5,4.0],"texture":"#1"},"west":{"uv":[3.0,0.0,6.5,4.0],"texture":"#1"},"up":{"uv":[9.0,3.5,12.5,7.0],"texture":"#1"},"down":{"uv":[6.5,0.0,10.0,3.5],"texture":"#1"}}},{"from":[2.45,2.375,1.2],"to":[15.45,6.375,14.2],"rotation":{"angle":-22.5,"axis":"y","origin":[8.95,4.375,7.7]},"faces":{"north":{"uv":[0.0,11.0,16.0,16.0],"texture":"#3"},"east":{"uv":[0.0,11.0,16.0,16.0],"texture":"#3"},"south":{"uv":[0.0,11.0,16.0,16.0],"texture":"#3"},"west":{"uv":[0.0,11.0,16.0,16.0],"texture":"#3"}}},{"from":[2.45,6.375,1.2],"to":[15.45,10.375,14.2],"rotation":{"angle":45.0,"axis":"y","origin":[8.95,8.375,7.7]},"faces":{"north":{"uv":[16.0,11.0,0.0,16.0],"texture":"#3"},"east":{"uv":[16.0,11.0,0.0,16.0],"texture":"#3"},"south":{"uv":[16.0,11.0,0.0,16.0],"texture":"#3"},"west":{"uv":[16.0,11.0,0.0,16.0],"texture":"#3"}}},{"from":[6.5,9.0,5.5],"to":[11.5,13.0,10.5],"rotation":{"angle":0.0,"axis":"y","origin":[7.0,-10.0,0.0]},"faces":{"north":{"uv":[0.0,4.5,2.5,6.5],"texture":"#1"},"east":{"uv":[2.5,4.5,0.0,6.5],"texture":"#1"},"south":{"uv":[0.0,4.5,2.5,6.5],"texture":"#1"},"west":{"uv":[2.5,4.5,0.0,6.5],"texture":"#1"}}},{"from":[6.5,-4.0,8.0],"to":[11.5,2.0,8.0],"rotation":{"angle":0.0,"axis":"y","origin":[7.0,-10.0,0.0]},"faces":{"north":{"uv":[0.0,7.0,2.5,10.0],"texture":"#1"},"east":{"uv":[2.5,4.5,0.0,6.5],"texture":"#1"},"south":{"uv":[2.5,7.0,0.0,10.0],"texture":"#1"},"west":{"uv":[2.5,4.5,0.0,6.5],"texture":"#1"}}}],"display":{"thirdperson_righthand":{"translation":[-1.0,-2.25,5.25],"rotation":[90.0,0.0,0.0]},"thirdperson_lefthand":{"translation":[1.0,-2.25,5.25],"rotation":[90.0,0.0,0.0]},"firstperson_righthand":{"translation":[4.5,0.75,1.0],"rotation":[105.0,0.0,0.0],"scale":[0.8,0.8,0.8]},"firstperson_lefthand":{"translation":[4.5,0.75,1.0],"rotation":[105.0,0.0,0.0],"scale":[0.8,0.8,0.8]},"gui":{"translation":[0.5,1.75,0.0],"rotation":[7.23,43.89,-40.25]}},"credit":"Made with Blockbench"}