{"textures":{"1":"mcc:island_cosmetics/general/accessory/mjolnir/mjolnir"},"elements":[{"from":[7.0,9.0,7.0],"to":[9.0,15.0,9.0],"rotation":{"angle":0.0,"axis":"y","origin":[8.0,-0.5,8.0]},"faces":{"north":{"uv":[0.0,3.5,1.0,6.5],"texture":"#1"},"east":{"uv":[0.0,3.5,1.0,6.5],"texture":"#1"},"south":{"uv":[0.0,3.5,1.0,6.5],"texture":"#1"},"west":{"uv":[0.0,3.5,1.0,6.5],"texture":"#1"},"up":{"uv":[7.5,11.0,7.5,11.0],"texture":"#1"},"down":{"uv":[0.0,18.5,1.0,19.5],"texture":"#1"}}},{"from":[3.5,15.0,4.5],"to":[12.5,22.0,11.5],"rotation":{"angle":0.0,"axis":"y","origin":[7.5,-0.5,8.0]},"faces":{"north":{"uv":[0.0,0.0,4.5,3.5],"texture":"#1"},"east":{"uv":[10.5,9.5,10.5,9.5],"texture":"#1"},"south":{"uv":[0.0,0.0,4.5,3.5],"texture":"#1"},"west":{"uv":[10.5,9.5,10.5,9.5],"texture":"#1"},"up":{"uv":[5.5,4.0,10.0,7.5],"texture":"#1"},"down":{"uv":[5.5,7.5,10.0,11.0],"texture":"#1"}}},{"from":[0.5,14.5,4.0],"to":[3.5,22.5,12.0],"rotation":{"angle":0.0,"axis":"y","origin":[7.5,-0.5,8.0]},"faces":{"north":{"uv":[6.0,0.0,4.5,4.0],"texture":"#1"},"east":{"uv":[10.0,0.0,14.0,4.0],"texture":"#1"},"south":{"uv":[4.5,0.0,6.0,4.0],"texture":"#1"},"west":{"uv":[6.0,0.0,10.0,4.0],"texture":"#1"},"up":{"uv":[11.5,4.0,10.0,8.0],"texture":"#1"},"down":{"uv":[13.0,8.0,11.5,4.0],"texture":"#1"}}},{"from":[12.5,14.5,4.0],"to":[15.5,22.5,12.0],"rotation":{"angle":0.0,"axis":"y","origin":[7.5,-0.5,8.0]},"faces":{"north":{"uv":[4.5,0.0,6.0,4.0],"texture":"#1"},"east":{"uv":[6.0,0.0,10.0,4.0],"texture":"#1"},"south":{"uv":[6.0,0.0,4.5,4.0],"texture":"#1"},"west":{"uv":[10.0,0.0,14.0,4.0],"texture":"#1"},"up":{"uv":[10.0,8.0,11.5,4.0],"texture":"#1"},"down":{"uv":[11.5,8.0,13.0,4.0],"texture":"#1"}}},{"from":[6.5,1.0,6.5],"to":[9.5,9.0,9.5],"rotation":{"angle":0.0,"axis":"y","origin":[8.0,-0.5,8.0]},"faces":{"north":{"uv":[1.0,3.5,2.5,7.5],"texture":"#1","tintindex":0},"east":{"uv":[1.0,3.5,2.5,7.5],"texture":"#1","tintindex":0},"south":{"uv":[1.0,3.5,2.5,7.5],"texture":"#1","tintindex":0},"west":{"uv":[1.0,3.5,2.5,7.5],"texture":"#1","tintindex":0},"up":{"uv":[0.0,7.5,1.5,9.0],"texture":"#1","tintindex":0},"down":{"uv":[20.5,7.5,22.0,9.0],"texture":"#1","tintindex":0}}},{"from":[5.0,-8.0,8.0],"to":[11.0,1.0,8.0],"rotation":{"angle":45.0,"axis":"x","origin":[8.0,1.0,8.0]},"faces":{"north":{"uv":[5.5,4.0,2.5,8.5],"texture":"#1","tintindex":0},"east":{"uv":[5.5,10.5,5.5,10.5],"texture":"#1","tintindex":0},"south":{"uv":[5.5,4.0,2.5,8.5],"texture":"#1","tintindex":0},"west":{"uv":[5.5,10.5,5.5,10.5],"texture":"#1","tintindex":0},"up":{"uv":[5.5,10.5,5.5,10.5],"texture":"#1","tintindex":0},"down":{"uv":[26.0,10.5,26.0,10.5],"texture":"#1","tintindex":0}}},{"from":[6.5,1.0,6.5],"to":[9.5,9.0,9.5],"rotation":{"angle":0.0,"axis":"y","origin":[8.0,-0.5,8.0]},"faces":{"north":{"uv":[1.5,8.0,3.0,12.0],"texture":"#1"},"east":{"uv":[1.5,8.0,3.0,12.0],"texture":"#1"},"south":{"uv":[1.5,8.0,3.0,12.0],"texture":"#1"},"west":{"uv":[1.5,8.0,3.0,12.0],"texture":"#1"},"up":{"uv":[3.0,5.0,3.5,5.5],"texture":"#1"},"down":{"uv":[23.5,5.0,24.0,5.5],"texture":"#1"}}},{"from":[7.0,-3.0,8.0],"to":[9.0,1.0,8.0],"rotation":{"angle":45.0,"axis":"x","origin":[8.0,1.0,8.0]},"faces":{"north":{"uv":[5.0,8.5,4.0,10.5],"texture":"#1"},"south":{"uv":[5.0,8.5,4.0,10.5],"texture":"#1"}}}],"display":{"thirdperson_righthand":{"translation":[0.5,0.0,2.0],"rotation":[-112.5,-75.25,-115.25],"scale":[0.80898,0.80898,0.80898]},"thirdperson_lefthand":{"translation":[0.5,0.0,2.0],"rotation":[-112.5,-75.25,-115.25],"scale":[0.80898,0.80898,0.80898]},"firstperson_righthand":{"translation":[13.5,-1.0,-7.25],"rotation":[174.14,68.55,172.1],"scale":[0.77539,0.77539,0.77539]},"firstperson_lefthand":{"translation":[13.5,-1.0,-7.25],"rotation":[174.14,68.55,172.1],"scale":[0.77539,0.77539,0.77539]},"ground":{"translation":[0.0,4.25,0.0],"scale":[0.43945,0.43945,0.43945]},"gui":{"translation":[-1.75,-1.25,0.0],"rotation":[-168.02,-9.46,-131.76],"scale":[0.57384,0.57384,0.57384]},"head":{"translation":[0.0,4.25,0.0],"rotation":[0.0,3.25,0.0],"scale":[1.6,1.6,1.6]}},"credit":"Made with Blockbench","gui_light":"front"}