{"textures":{"0":"mcc:island_cosmetics/general/accessory/pirate_hook/pirate_hook","particle":"mcc:island_cosmetics/general/accessory/pirate_hook/pirate_hook"},"elements":[{"from":[5.5,10.9,5.5],"to":[10.5,10.9,10.5],"rotation":{"angle":0.0,"axis":"y","origin":[8.42036,5.22804,8.48889]},"faces":{"north":{"uv":[0.0,0.0,5.0,5.0],"texture":"#0","tintindex":0},"east":{"uv":[0.0,0.0,5.0,5.0],"texture":"#0","tintindex":0},"south":{"uv":[0.0,0.0,5.0,5.0],"texture":"#0","tintindex":0},"west":{"uv":[0.0,0.0,5.0,5.0],"texture":"#0","tintindex":0},"up":{"uv":[10.0,0.0,15.0,5.0],"texture":"#0"},"down":{"uv":[10.0,0.0,15.0,5.0],"texture":"#0"}}},{"from":[4.5,10.4,8.0],"to":[11.5,17.4,8.0],"rotation":{"angle":45.0,"axis":"y","origin":[8.0,13.9,8.0]},"faces":{"north":{"uv":[7.0,7.0,0.0,14.0],"texture":"#0","rotation":180},"east":{"uv":[0.0,0.0,5.0,5.0],"texture":"#0","tintindex":0,"rotation":270},"south":{"uv":[0.0,7.0,7.0,14.0],"texture":"#0","rotation":180},"west":{"uv":[0.0,0.0,5.0,5.0],"texture":"#0","tintindex":0,"rotation":90},"up":{"uv":[0.0,0.0,5.0,5.0],"texture":"#0","tintindex":0,"rotation":180},"down":{"uv":[0.0,0.0,5.0,5.0],"texture":"#0","tintindex":0}}},{"from":[5.5,5.9,5.5],"to":[10.5,10.9,10.5],"rotation":{"angle":0.0,"axis":"y","origin":[8.42036,5.22804,8.48889]},"faces":{"north":{"uv":[0.0,0.0,5.0,5.0],"texture":"#0","tintindex":0},"east":{"uv":[0.0,0.0,5.0,5.0],"texture":"#0","tintindex":0},"south":{"uv":[0.0,0.0,5.0,5.0],"texture":"#0","tintindex":0},"west":{"uv":[0.0,0.0,5.0,5.0],"texture":"#0","tintindex":0},"up":{"uv":[5.0,0.0,10.0,5.0],"texture":"#0","tintindex":0}}},{"from":[5.4,5.8,5.4],"to":[10.6,9.0,10.6],"rotation":{"angle":0.0,"axis":"y","origin":[8.42036,5.22804,8.48889]},"faces":{"north":{"uv":[11.0,13.0,16.0,16.0],"texture":"#0"},"east":{"uv":[11.0,13.0,16.0,16.0],"texture":"#0"},"south":{"uv":[11.0,13.0,16.0,16.0],"texture":"#0"},"west":{"uv":[11.0,13.0,16.0,16.0],"texture":"#0"},"down":{"uv":[10.0,5.0,15.0,10.0],"texture":"#0"}}},{"from":[10.6,9.0,10.6],"to":[5.4,5.8,5.4],"rotation":{"angle":0.0,"axis":"y","origin":[8.42036,5.22804,8.48889]},"faces":{"north":{"uv":[11.0,16.0,16.0,13.0],"texture":"#0"},"east":{"uv":[11.0,16.0,16.0,13.0],"texture":"#0"},"south":{"uv":[11.0,16.0,16.0,13.0],"texture":"#0"},"west":{"uv":[11.0,16.0,16.0,13.0],"texture":"#0"},"up":{"uv":[15.0,5.0,10.0,10.0],"texture":"#0"}}}],"display":{"thirdperson_righthand":{"translation":[0.0,-2.0,2.25],"rotation":[-90.0,-90.0,0.0],"scale":[1.05312,1.05312,1.05312]},"thirdperson_lefthand":{"translation":[0.0,-2.0,2.25],"rotation":[-90.0,-90.0,0.0],"scale":[1.05312,1.05312,1.05312]},"firstperson_righthand":{"translation":[9.5,-1.5,-5.5],"rotation":[132.12,-70.92,145.32],"scale":[0.7207,0.7207,0.7207]},"firstperson_lefthand":{"translation":[9.5,-1.5,-5.5],"rotation":[-179.54,18.16,163.12],"scale":[0.7207,0.7207,0.7207]},"ground":{"translation":[0.0,4.25,0.0],"scale":[0.43945,0.43945,0.43945]},"gui":{"translation":[-2.5,-2.5,0.0],"rotation":[-50.21,-49.5,-75.46],"scale":[1.2086,1.2086,1.2086]},"head":{"translation":[0.0,4.25,0.0],"rotation":[0.0,3.25,0.0],"scale":[1.6,1.6,1.6]}},"credit":"Made with Blockbench","gui_light":"front"}