{"textures":{"1":"mcc:island_cosmetics/general/accessory/exo_arm/exo_arm","2":"mcc:island_cosmetics/general/accessory/exo_arm/exo_arm_anim","particle":"mcc:island_cosmetics/general/accessory/exo_arm/exo_arm"},"elements":[{"from":[6.7,15.7,5.7],"to":[11.3,18.3,10.3],"rotation":{"angle":0.0,"axis":"y","origin":[16.0,0.0,0.0]},"faces":{"north":{"uv":[4.0,12.0,2.0,13.0],"texture":"#1"},"east":{"uv":[4.0,12.0,2.0,13.0],"texture":"#1"},"south":{"uv":[4.0,12.0,2.0,13.0],"texture":"#1"},"west":{"uv":[4.0,12.0,2.0,13.0],"texture":"#1"}}},{"from":[5.0,13.0,6.0],"to":[7.0,21.0,10.0],"rotation":{"angle":0.0,"axis":"y","origin":[0.0,17.0,6.0]},"faces":{"north":{"uv":[8.0,0.0,7.0,4.0],"texture":"#1"},"east":{"uv":[9.0,0.0,7.0,4.0],"texture":"#1"},"south":{"uv":[7.0,0.0,8.0,4.0],"texture":"#1"},"west":{"uv":[10.0,0.0,8.0,4.0],"texture":"#1"},"up":{"uv":[0.5,0.0,0.0,0.5],"texture":"#1"},"down":{"uv":[0.5,0.0,0.0,0.5],"texture":"#1"}}},{"from":[3.9,7.9,2.9],"to":[8.1,13.1,13.1],"rotation":{"angle":0.0,"axis":"y","origin":[16.0,0.0,0.0]},"faces":{"north":{"uv":[13.5,2.5,11.5,5.0],"texture":"#1","tintindex":0},"east":{"uv":[15.0,0.0,10.0,2.5],"texture":"#1","tintindex":0},"south":{"uv":[13.5,2.5,11.5,5.0],"texture":"#1","tintindex":0},"west":{"uv":[15.0,0.0,10.0,2.5],"texture":"#1","tintindex":0},"up":{"uv":[0.0,9.0,5.0,7.0],"texture":"#1","tintindex":0,"rotation":90},"down":{"uv":[5.0,10.0,10.0,8.0],"texture":"#1","tintindex":0,"rotation":90}}},{"from":[4.5,4.0,4.0],"to":[7.5,8.0,6.0],"rotation":{"angle":0.0,"axis":"y","origin":[16.0,0.0,0.0]},"faces":{"north":{"uv":[13.0,0.0,10.0,4.0],"texture":"#2","tintindex":0},"east":{"uv":[8.0,0.0,10.0,4.0],"texture":"#2","tintindex":0},"south":{"uv":[11.0,4.0,8.0,8.0],"texture":"#2"},"west":{"uv":[10.0,0.0,8.0,4.0],"texture":"#2","tintindex":0},"up":{"uv":[9.0,0.0,10.0,1.0],"texture":"#2","tintindex":0},"down":{"uv":[16.0,0.0,13.0,2.0],"texture":"#2","tintindex":0}}},{"from":[4.5,4.0,5.0],"to":[7.5,8.0,7.0],"rotation":{"angle":0.0,"axis":"y","origin":[16.0,0.0,0.0]},"faces":{"north":{"uv":[5.0,8.0,2.0,12.0],"texture":"#2","tintindex":0},"east":{"uv":[0.0,8.0,2.0,12.0],"texture":"#2","tintindex":0},"south":{"uv":[3.0,12.0,0.0,16.0],"texture":"#2"},"west":{"uv":[2.0,8.0,0.0,12.0],"texture":"#2","tintindex":0},"up":{"uv":[1.0,8.0,2.0,9.0],"texture":"#2","tintindex":0},"down":{"uv":[8.0,8.0,5.0,10.0],"texture":"#2","tintindex":0}}},{"from":[4.5,4.0,10.0],"to":[7.5,8.0,12.0],"rotation":{"angle":0.0,"axis":"y","origin":[16.0,0.0,16.0]},"faces":{"north":{"uv":[8.0,4.0,11.0,8.0],"texture":"#2"},"east":{"uv":[10.0,0.0,8.0,4.0],"texture":"#2","tintindex":0},"south":{"uv":[10.0,0.0,13.0,4.0],"texture":"#2","tintindex":0},"west":{"uv":[8.0,0.0,10.0,4.0],"texture":"#2","tintindex":0},"up":{"uv":[9.0,1.0,10.0,0.0],"texture":"#2","tintindex":0},"down":{"uv":[16.0,2.0,13.0,0.0],"texture":"#2","tintindex":0}}},{"from":[4.5,4.0,3.0],"to":[7.5,8.0,5.0],"rotation":{"angle":0.0,"axis":"y","origin":[16.0,0.0,0.0]},"faces":{"north":{"uv":[5.0,0.0,2.0,4.0],"texture":"#2","tintindex":0},"east":{"uv":[0.0,0.0,2.0,4.0],"texture":"#2","tintindex":0},"south":{"uv":[3.0,4.0,0.0,8.0],"texture":"#2"},"west":{"uv":[2.0,0.0,0.0,4.0],"texture":"#2","tintindex":0},"up":{"uv":[1.0,0.0,2.0,1.0],"texture":"#2","tintindex":0},"down":{"uv":[8.0,0.0,5.0,2.0],"texture":"#2","tintindex":0}}},{"from":[4.5,4.0,11.0],"to":[7.5,8.0,13.0],"rotation":{"angle":0.0,"axis":"y","origin":[16.0,0.0,16.0]},"faces":{"north":{"uv":[0.0,4.0,3.0,8.0],"texture":"#2"},"east":{"uv":[2.0,0.0,0.0,4.0],"texture":"#2","tintindex":0},"south":{"uv":[2.0,0.0,5.0,4.0],"texture":"#2","tintindex":0},"west":{"uv":[0.0,0.0,2.0,4.0],"texture":"#2","tintindex":0},"up":{"uv":[1.0,1.0,2.0,0.0],"texture":"#2","tintindex":0},"down":{"uv":[8.0,2.0,5.0,0.0],"texture":"#2","tintindex":0}}},{"from":[4.5,4.0,9.0],"to":[7.5,8.0,11.0],"rotation":{"angle":0.0,"axis":"y","origin":[16.0,0.0,16.0]},"faces":{"north":{"uv":[0.0,12.0,3.0,16.0],"texture":"#2"},"east":{"uv":[2.0,8.0,0.0,12.0],"texture":"#2","tintindex":0},"south":{"uv":[2.0,8.0,5.0,12.0],"texture":"#2","tintindex":0},"west":{"uv":[0.0,8.0,2.0,12.0],"texture":"#2","tintindex":0},"up":{"uv":[1.0,9.0,2.0,8.0],"texture":"#2","tintindex":0},"down":{"uv":[8.0,10.0,5.0,8.0],"texture":"#2","tintindex":0}}},{"from":[4.5,4.0,6.0],"to":[7.5,8.0,8.0],"rotation":{"angle":0.0,"axis":"y","origin":[16.0,0.0,0.0]},"faces":{"north":{"uv":[13.0,8.0,10.0,12.0],"texture":"#2","tintindex":0},"east":{"uv":[8.0,8.0,10.0,12.0],"texture":"#2","tintindex":0},"south":{"uv":[11.0,12.0,8.0,16.0],"texture":"#2"},"west":{"uv":[10.0,8.0,8.0,12.0],"texture":"#2","tintindex":0},"up":{"uv":[9.0,8.0,10.0,9.0],"texture":"#2","tintindex":0},"down":{"uv":[16.0,8.0,13.0,10.0],"texture":"#2","tintindex":0}}},{"from":[4.5,4.0,8.0],"to":[7.5,8.0,10.0],"rotation":{"angle":0.0,"axis":"y","origin":[16.0,0.0,16.0]},"faces":{"north":{"uv":[8.0,12.0,11.0,16.0],"texture":"#2"},"east":{"uv":[10.0,8.0,8.0,12.0],"texture":"#2","tintindex":0},"south":{"uv":[10.0,8.0,13.0,12.0],"texture":"#2","tintindex":0},"west":{"uv":[8.0,8.0,10.0,12.0],"texture":"#2","tintindex":0},"up":{"uv":[9.0,9.0,10.0,8.0],"texture":"#2","tintindex":0},"down":{"uv":[16.0,10.0,13.0,8.0],"texture":"#2","tintindex":0}}},{"from":[3.98,14.98,4.98],"to":[7.02,19.02,11.02],"rotation":{"angle":0.0,"axis":"y","origin":[0.0,17.0,6.0]},"faces":{"north":{"uv":[8.5,4.0,7.0,6.0],"texture":"#1","tintindex":0},"east":{"uv":[9.0,6.0,6.0,8.0],"texture":"#1","tintindex":0},"south":{"uv":[7.0,4.0,8.5,6.0],"texture":"#1","tintindex":0},"west":{"uv":[11.5,4.0,8.5,6.0],"texture":"#1","tintindex":0},"up":{"uv":[0.0,7.0,3.0,5.5],"texture":"#1","tintindex":0,"rotation":90},"down":{"uv":[3.0,7.0,6.0,5.5],"texture":"#1","tintindex":0,"rotation":90}}},{"from":[4.0,8.0,3.0],"to":[8.0,13.0,13.0],"rotation":{"angle":0.0,"axis":"y","origin":[16.0,0.0,0.0]},"faces":{"north":{"uv":[13.5,5.0,11.5,7.5],"texture":"#1"},"east":{"uv":[0.0,0.0,0.0,0.0],"texture":"#1"},"south":{"uv":[13.5,5.0,11.5,7.5],"texture":"#1"},"west":{"uv":[0.0,0.0,0.0,0.0],"texture":"#1"},"up":{"uv":[0.0,0.0,0.0,0.0],"texture":"#1","rotation":90},"down":{"uv":[11.0,10.0,16.0,8.0],"texture":"#1","rotation":90}}},{"from":[4.0,21.0,5.0],"to":[11.0,26.0,11.0],"rotation":{"angle":0.0,"axis":"y","origin":[16.0,0.0,0.0]},"faces":{"north":{"uv":[3.5,0.0,0.0,2.5],"texture":"#1","tintindex":0},"east":{"uv":[7.5,10.5,4.5,13.0],"texture":"#1","tintindex":0},"south":{"uv":[0.0,0.0,3.5,2.5],"texture":"#1","tintindex":0},"west":{"uv":[6.5,0.0,3.5,2.5],"texture":"#1","tintindex":0},"up":{"uv":[7.0,2.5,3.5,5.5],"texture":"#1","tintindex":0},"down":{"uv":[3.5,2.5,0.0,5.5],"texture":"#1","tintindex":0}}},{"from":[11.3,18.3,10.3],"to":[6.7,15.7,5.7],"rotation":{"angle":0.0,"axis":"y","origin":[16.0,0.0,0.0]},"faces":{"north":{"uv":[4.0,13.0,2.0,12.0],"texture":"#1"},"east":{"uv":[4.0,13.0,2.0,12.0],"texture":"#1"},"south":{"uv":[4.0,13.0,2.0,12.0],"texture":"#1"},"west":{"uv":[4.0,13.0,2.0,12.0],"texture":"#1"}}}],"display":{"thirdperson_righthand":{"translation":[1.0,-1.75,-3.0],"rotation":[-90.0,0.0,-180.0],"scale":[1.00586,1.00586,1.00586]},"thirdperson_lefthand":{"translation":[1.0,-1.75,-3.0],"rotation":[90.0,0.0,0.0],"scale":[1.00586,1.00586,1.00586]},"firstperson_righthand":{"translation":[0.88,3.95,-3.37],"rotation":[-60.64,-8.91,-168.93],"scale":[0.53547,0.53547,0.53547]},"firstperson_lefthand":{"translation":[2.63,3.95,-3.62],"rotation":[120.95,-0.29,-5.97],"scale":[0.53547,0.53547,0.53547]},"ground":{"translation":[0.5,11.75,1.0],"rotation":[-28.49,3.83,0.0],"scale":[0.60938,0.60938,0.60938]},"gui":{"translation":[-4.25,-3.75,0.0],"rotation":[129.37,33.19,-129.53],"scale":[0.71836,0.71836,0.71836]},"head":{"translation":[0.0,-20.25,8.0],"rotation":[0.0,90.0,0.0],"scale":[1.7543,1.7543,1.7543]}},"credit":"Made with Blockbench","gui_light":"front"}