{"textures":{"2":"mcc:island_cosmetics/general/accessory/lasso/lasso","particle":"mcc:island_cosmetics/general/accessory/lasso/lasso"},"elements":[{"from":[7.0,-5.52536,10.21077],"to":[9.0,2.47464,18.21077],"rotation":{"angle":0.0,"axis":"z","origin":[8.0,2.47464,16.21077]},"faces":{"north":{"uv":[4.66667,0.0,5.33333,2.66667],"texture":"#2"},"east":{"uv":[5.33333,0.0,8.0,2.66667],"texture":"#2"},"south":{"uv":[4.66667,0.0,5.33333,2.66667],"texture":"#2"},"west":{"uv":[8.0,0.0,5.33333,2.66667],"texture":"#2"},"up":{"uv":[4.66667,0.0,5.33333,2.66667],"texture":"#2"},"down":{"uv":[4.66667,0.0,5.33333,2.66667],"texture":"#2"}}},{"from":[7.0,1.68495,7.82416],"to":[9.0,15.68495,7.82416],"rotation":{"angle":-22.5,"axis":"x","origin":[8.0,8.94149,7.20402]},"faces":{"north":{"uv":[5.33333,0.0,4.66667,4.66667],"texture":"#2"},"south":{"uv":[4.66667,0.0,5.33333,4.66667],"texture":"#2"}}},{"from":[1.0,15.40833,-8.80273],"to":[15.0,15.40833,5.19727],"rotation":{"angle":0.0,"axis":"x","origin":[8.0,15.40833,5.19727]},"faces":{"up":{"uv":[0.0,0.0,4.66667,4.66667],"texture":"#2"},"down":{"uv":[0.0,0.0,4.66667,4.66667],"texture":"#2"}}},{"from":[1.0,15.40833,-8.80273],"to":[15.0,15.40833,5.19727],"rotation":{"angle":45.0,"axis":"y","origin":[8.0,15.40833,5.19727]},"faces":{"up":{"uv":[9.33333,0.0,14.0,4.66667],"texture":"#2"},"down":{"uv":[9.33333,0.0,14.0,4.66667],"texture":"#2"}}},{"from":[-6.0,15.40833,-1.80273],"to":[8.0,15.40833,12.19727],"rotation":{"angle":45.0,"axis":"y","origin":[8.0,15.40833,5.19727]},"faces":{"up":{"uv":[4.66667,4.66667,9.33333,9.33333],"texture":"#2","rotation":270},"down":{"uv":[4.66667,4.66667,9.33333,9.33333],"texture":"#2","rotation":90}}},{"from":[1.0,15.40833,5.19727],"to":[15.0,15.40833,19.19727],"rotation":{"angle":45.0,"axis":"y","origin":[8.0,15.40833,5.19727]},"faces":{"up":{"uv":[0.0,9.33333,4.66667,14.0],"texture":"#2","rotation":180},"down":{"uv":[0.0,9.33333,4.66667,14.0],"texture":"#2","rotation":180}}},{"from":[8.0,15.40833,-1.80273],"to":[22.0,15.40833,12.19727],"rotation":{"angle":45.0,"axis":"y","origin":[8.0,15.40833,5.19727]},"faces":{"up":{"uv":[9.33333,9.33333,14.0,14.0],"texture":"#2","rotation":90},"down":{"uv":[9.33333,9.33333,14.0,14.0],"texture":"#2","rotation":270}}},{"from":[-6.0,15.40833,-1.80273],"to":[8.0,15.40833,12.19727],"rotation":{"angle":0.0,"axis":"y","origin":[8.0,15.40833,5.19727]},"faces":{"up":{"uv":[0.0,4.66667,4.66667,9.33333],"texture":"#2","rotation":270},"down":{"uv":[0.0,4.66667,4.66667,9.33333],"texture":"#2","rotation":90}}},{"from":[1.0,15.40833,5.19727],"to":[15.0,15.40833,19.19727],"rotation":{"angle":0.0,"axis":"y","origin":[8.0,15.40833,5.19727]},"faces":{"up":{"uv":[9.33333,4.66667,14.0,9.33333],"texture":"#2","rotation":180},"down":{"uv":[9.33333,4.66667,14.0,9.33333],"texture":"#2","rotation":180}}},{"from":[8.0,15.40833,-1.80273],"to":[22.0,15.40833,12.19727],"rotation":{"angle":0.0,"axis":"y","origin":[8.0,15.40833,5.19727]},"faces":{"up":{"uv":[4.66667,9.33333,9.33333,14.0],"texture":"#2","rotation":90},"down":{"uv":[4.66667,9.33333,9.33333,14.0],"texture":"#2","rotation":270}}}],"display":{"thirdperson_righthand":{"translation":[3.75,1.25,7.75],"rotation":[90.39,-26.01,-18.4]},"thirdperson_lefthand":{"translation":[3.75,1.25,7.75],"rotation":[90.39,-26.01,-18.4]},"firstperson_righthand":{"translation":[10.5,1.0,-7.25],"rotation":[-25.67,-81.36,-0.84],"scale":[0.54297,0.54297,0.54297]},"firstperson_lefthand":{"translation":[10.5,1.0,-7.25],"rotation":[-25.67,-81.36,-0.84],"scale":[0.54297,0.54297,0.54297]},"ground":{"translation":[0.0,4.25,0.0],"scale":[0.43945,0.43945,0.43945]},"gui":{"translation":[-1.0,-0.5,0.0],"rotation":[-151.65,-22.26,-168.51],"scale":[0.58945,0.58945,0.58945]},"head":{"translation":[0.0,4.25,0.0],"rotation":[0.0,3.25,0.0],"scale":[1.6,1.6,1.6]}},"credit":"Made with Blockbench","gui_light":"front"}