{"textures":{"1":"mcc:island_cosmetics/general/accessory/blowtorch/flame","2":"mcc:island_cosmetics/general/accessory/blowtorch/blowtorch","particle":"mcc:island_cosmetics/general/accessory/blowtorch/blowtorch"},"elements":[{"from":[5.5,-0.2,5.5],"to":[10.5,8.8,10.5],"rotation":{"angle":0.0,"axis":"y","origin":[8.3,-0.5,7.7]},"faces":{"north":{"uv":[0.0,0.0,2.5,4.5],"texture":"#2"},"east":{"uv":[0.0,0.0,2.5,4.5],"texture":"#2"},"south":{"uv":[0.0,0.0,2.5,4.5],"texture":"#2"},"west":{"uv":[0.0,0.0,2.5,4.5],"texture":"#2"},"up":{"uv":[5.0,0.0,7.5,2.5],"texture":"#2"},"down":{"uv":[5.0,0.0,7.5,2.5],"texture":"#2"}}},{"from":[5.4,1.7,5.4],"to":[10.6,6.9,10.6],"rotation":{"angle":0.0,"axis":"y","origin":[8.3,-0.5,7.7]},"faces":{"north":{"uv":[2.5,2.5,5.0,5.0],"texture":"#2"},"east":{"uv":[2.5,0.0,5.0,2.5],"texture":"#2"},"south":{"uv":[2.5,2.5,5.0,5.0],"texture":"#2"},"west":{"uv":[2.5,0.0,5.0,2.5],"texture":"#2"}}},{"from":[6.0,8.8,6.0],"to":[10.0,10.8,10.0],"rotation":{"angle":0.0,"axis":"y","origin":[7.8,-0.5,8.2]},"faces":{"north":{"uv":[0.0,4.5,2.0,5.5],"texture":"#2","tintindex":0},"east":{"uv":[0.0,4.5,2.0,5.5],"texture":"#2","tintindex":0},"south":{"uv":[0.0,4.5,2.0,5.5],"texture":"#2","tintindex":0},"west":{"uv":[0.0,4.5,2.0,5.5],"texture":"#2","tintindex":0},"up":{"uv":[5.0,2.5,7.0,4.5],"texture":"#2","tintindex":0}}},{"from":[7.0,10.8,7.0],"to":[9.0,16.8,9.0],"rotation":{"angle":0.0,"axis":"y","origin":[7.8,-0.5,9.2]},"faces":{"north":{"uv":[8.5,2.0,7.5,5.0],"texture":"#2"},"east":{"uv":[8.5,2.0,8.0,5.0],"texture":"#2"},"south":{"uv":[7.5,2.0,8.5,5.0],"texture":"#2"},"west":{"uv":[7.5,2.0,8.5,5.0],"texture":"#2"},"up":{"uv":[9.0,5.0,8.0,6.0],"texture":"#2"}}},{"from":[12.0,4.8,6.0],"to":[14.0,8.8,10.0],"rotation":{"angle":0.0,"axis":"y","origin":[7.8,-0.5,9.2]},"faces":{"north":{"uv":[8.5,0.0,7.5,2.0],"texture":"#2","tintindex":0},"east":{"uv":[8.5,0.0,10.5,2.0],"texture":"#2","tintindex":0},"south":{"uv":[7.5,2.0,8.5,0.0],"texture":"#2","tintindex":0},"west":{"uv":[8.0,0.5,7.5,1.0],"texture":"#2","tintindex":0},"up":{"uv":[7.5,0.0,8.5,2.0],"texture":"#2","tintindex":0},"down":{"uv":[7.5,0.0,8.5,2.0],"texture":"#2","tintindex":0}}},{"from":[10.0,5.8,7.0],"to":[12.0,7.8,9.0],"rotation":{"angle":0.0,"axis":"y","origin":[7.8,-0.5,9.2]},"faces":{"north":{"uv":[6.5,1.0,6.0,1.5],"texture":"#2"},"east":{"uv":[6.5,1.0,6.0,1.5],"texture":"#2"},"south":{"uv":[6.5,1.0,6.0,1.5],"texture":"#2"},"west":{"uv":[6.5,1.0,6.0,1.5],"texture":"#2"},"up":{"uv":[6.5,1.0,6.0,1.5],"texture":"#2"},"down":{"uv":[6.5,1.0,6.0,1.5],"texture":"#2"}}},{"from":[5.0,14.8,7.0],"to":[7.0,16.8,9.0],"rotation":{"angle":0.0,"axis":"y","origin":[7.8,-0.5,9.2]},"faces":{"north":{"uv":[6.0,4.5,5.0,5.5],"texture":"#2"},"south":{"uv":[5.0,4.5,6.0,5.5],"texture":"#2"},"up":{"uv":[10.0,4.0,9.0,5.0],"texture":"#2"},"down":{"uv":[5.0,5.5,6.0,5.0],"texture":"#2"}}},{"from":[1.0,14.3,6.5],"to":[5.0,17.3,9.5],"rotation":{"angle":0.0,"axis":"y","origin":[7.8,-0.5,9.2]},"faces":{"north":{"uv":[8.5,2.0,10.5,3.5],"texture":"#2"},"east":{"uv":[3.5,5.0,5.0,6.5],"texture":"#2"},"south":{"uv":[8.5,2.0,10.5,3.5],"texture":"#2"},"up":{"uv":[8.5,3.5,10.5,5.0],"texture":"#2"},"down":{"uv":[6.0,5.0,8.0,6.5],"texture":"#2"}}},{"from":[-10.0,12.8,8.0],"to":[2.0,17.8,8.0],"rotation":{"angle":0.0,"axis":"y","origin":[7.8,-0.5,9.2]},"faces":{"north":{"uv":[0.0,0.0,12.0,5.0],"texture":"#1"},"south":{"uv":[12.0,0.0,0.0,5.0],"texture":"#1"}}},{"from":[5.0,17.3,9.5],"to":[1.0,14.3,6.5],"rotation":{"angle":0.0,"axis":"y","origin":[7.8,-0.5,9.2]},"faces":{"north":{"uv":[8.5,3.5,10.5,2.0],"texture":"#2"},"south":{"uv":[8.5,3.5,10.5,2.0],"texture":"#2"},"west":{"uv":[3.5,6.5,5.0,5.0],"texture":"#2"},"up":{"uv":[8.0,5.0,6.0,6.5],"texture":"#2"},"down":{"uv":[10.5,3.5,8.5,5.0],"texture":"#2"}}}],"display":{"thirdperson_righthand":{"translation":[2.0,1.25,1.75],"rotation":[-137.99,-73.79,175.57],"scale":[0.89101,0.89101,0.89101]},"thirdperson_lefthand":{"translation":[2.0,1.25,1.75],"rotation":[92.75,69.61,-49.69],"scale":[0.89101,0.89101,0.89101]},"firstperson_righthand":{"translation":[12.25,-1.5,-7.25],"rotation":[6.42,-76.07,-2.98],"scale":[0.67187,0.67187,0.67187]},"firstperson_lefthand":{"translation":[11.75,-1.5,-7.25],"rotation":[134.73,79.54,-129.62],"scale":[0.67187,0.67187,0.67187]},"ground":{"translation":[0.0,4.25,0.0],"scale":[0.43945,0.43945,0.43945]},"gui":{"translation":[-3.0,0.75,0.0],"rotation":[-152.98,42.61,-161.74],"scale":[0.73596,0.73596,0.73596]},"head":{"translation":[0.0,4.25,0.0],"rotation":[0.0,3.25,0.0],"scale":[1.6,1.6,1.6]}},"credit":"Made with Blockbench","gui_light":"front"}