{"textures":{"2":"mcc:island_cosmetics/general/accessory/paper_umbrella/paper_umbrella"},"elements":[{"from":[7.0,-6.0,7.0],"to":[9.0,19.0,9.0],"rotation":{"angle":0.0,"axis":"y","origin":[9.0,15.0,6.875]},"faces":{"north":{"uv":[7.4,5.4,7.8,10.4],"texture":"#2"},"east":{"uv":[7.8,5.4,7.4,10.4],"texture":"#2"},"south":{"uv":[7.4,5.4,7.8,10.4],"texture":"#2"},"west":{"uv":[7.8,5.4,7.4,10.4],"texture":"#2"},"up":{"uv":[7.4,12.4,7.0,12.8],"texture":"#2"},"down":{"uv":[7.0,12.8,7.4,13.2],"texture":"#2"}}},{"from":[2.5,14.0,1.0],"to":[13.5,14.0,8.0],"rotation":{"angle":22.5,"axis":"x","origin":[7.5,13.75,8.0]},"faces":{"up":{"uv":[6.8,1.4,9.0,0.0],"texture":"#2"},"down":{"uv":[6.8,0.0,9.0,1.4],"texture":"#2"}}},{"from":[2.5,14.0,8.0],"to":[13.5,14.0,15.0],"rotation":{"angle":-22.5,"axis":"x","origin":[8.5,13.75,8.0]},"faces":{"up":{"uv":[9.0,0.0,6.8,1.4],"texture":"#2"},"down":{"uv":[9.0,1.4,6.8,0.0],"texture":"#2"}}},{"from":[7.39905,14.11954,2.5],"to":[14.39905,14.11954,13.5],"rotation":{"angle":22.5,"axis":"z","origin":[8.0,15.32036,8.0]},"faces":{"up":{"uv":[6.8,1.4,9.0,0.0],"texture":"#2","rotation":90},"down":{"uv":[6.8,0.0,9.0,1.4],"texture":"#2","rotation":270}}},{"from":[1.60095,14.11954,2.5],"to":[8.60095,14.11954,13.5],"rotation":{"angle":-22.5,"axis":"z","origin":[8.0,15.32036,8.0]},"faces":{"up":{"uv":[9.0,0.0,6.8,1.4],"texture":"#2","rotation":90},"down":{"uv":[9.0,1.4,6.8,0.0],"texture":"#2","rotation":270}}},{"from":[7.0,-15.0,7.0],"to":[9.0,-6.0,9.0],"rotation":{"angle":0.0,"axis":"y","origin":[9.0,17.0,6.875]},"faces":{"north":{"uv":[7.2,1.6,7.6,3.4],"texture":"#2","tintindex":0},"east":{"uv":[7.6,1.6,7.2,3.4],"texture":"#2","tintindex":0},"south":{"uv":[7.2,1.6,7.6,3.4],"texture":"#2","tintindex":0},"west":{"uv":[7.6,1.6,7.2,3.4],"texture":"#2","tintindex":0},"up":{"uv":[0.0,6.4,0.4,6.8],"texture":"#2","tintindex":0},"down":{"uv":[7.6,3.4,7.2,3.8],"texture":"#2","tintindex":0}}},{"from":[-8.0,17.0,-8.0],"to":[24.0,17.0,24.0],"rotation":{"angle":0.0,"axis":"y","origin":[9.0,14.0,3.875]},"faces":{"up":{"uv":[0.4,6.8,6.8,13.2],"texture":"#2","tintindex":0},"down":{"uv":[0.4,6.8,6.8,13.2],"texture":"#2","tintindex":0}}},{"from":[-9.0,16.5,-9.0],"to":[25.0,16.5,25.0],"rotation":{"angle":0.0,"axis":"y","origin":[9.0,14.0,3.875]},"faces":{"up":{"uv":[0.0,0.0,6.8,6.8],"texture":"#2"},"down":{"uv":[0.0,0.0,6.8,6.8],"texture":"#2"}}}],"display":{"thirdperson_righthand":{"translation":[-2.75,-2.0,20.5],"rotation":[96.93,-2.33,8.97],"scale":[0.85,0.85,0.85]},"thirdperson_lefthand":{"translation":[-2.75,-2.0,20.5],"rotation":[96.93,-2.33,8.97],"scale":[0.85,0.85,0.85]},"firstperson_righthand":{"translation":[14.0,18.0,-4.0],"rotation":[-172.83,-20.35,-175.66],"scale":[0.59375,0.98,0.59375]},"firstperson_lefthand":{"translation":[14.0,18.0,-4.0],"rotation":[-172.83,-20.35,-175.66],"scale":[0.59375,0.98,0.59375]},"ground":{"translation":[0.0,4.25,0.0],"scale":[0.43945,0.43945,0.43945]},"gui":{"translation":[-0.5,0.0,0.0],"rotation":[-21.08,-37.45,-53.23],"scale":[0.41563,0.41563,0.41563]},"head":{"translation":[0.0,4.25,0.0],"rotation":[0.0,3.25,0.0],"scale":[1.6,1.6,1.6]}},"credit":"Made with Blockbench","ambientocclusion":false,"gui_light":"front"}