{"textures":{"2":"mcc:island_cosmetics/general/accessory/chamberstick/chamberstick","3":"mcc:island_cosmetics/general/hat/wick/wick_anim","particle":"mcc:island_cosmetics/general/accessory/chamberstick/chamberstick"},"elements":[{"from":[4.9,1.9,4.9],"to":[11.1,4.1,11.1],"rotation":{"angle":0.0,"axis":"y","origin":[8.0,13.5,3.5]},"faces":{"north":{"uv":[0.0,0.0,6.0,2.0],"texture":"#2"},"east":{"uv":[0.0,0.0,6.0,2.0],"texture":"#2"},"south":{"uv":[0.0,0.0,6.0,2.0],"texture":"#2"},"west":{"uv":[0.0,0.0,6.0,2.0],"texture":"#2"},"up":{"uv":[0.0,2.0,6.0,8.0],"texture":"#2"},"down":{"uv":[6.0,0.0,12.0,6.0],"texture":"#2"}}},{"from":[7.0,2.0,10.0],"to":[9.0,6.0,14.0],"rotation":{"angle":0.0,"axis":"y","origin":[8.0,13.5,3.5]},"faces":{"north":{"uv":[2.0,8.0,4.0,12.0],"texture":"#2"},"east":{"uv":[4.0,8.0,8.0,12.0],"texture":"#2"},"south":{"uv":[0.0,8.0,2.0,12.0],"texture":"#2"},"west":{"uv":[4.0,8.0,8.0,12.0],"texture":"#2"},"up":{"uv":[0.0,8.0,2.0,12.0],"texture":"#2"},"down":{"uv":[2.0,8.0,4.0,12.0],"texture":"#2"}}},{"from":[7.0,4.0,7.0],"to":[9.0,13.0,9.0],"rotation":{"angle":0.0,"axis":"y","origin":[8.0,13.5,3.5]},"faces":{"north":{"uv":[12.0,0.0,14.0,9.0],"texture":"#2"},"east":{"uv":[12.0,0.0,14.0,9.0],"texture":"#2"},"south":{"uv":[12.0,0.0,14.0,9.0],"texture":"#2"},"west":{"uv":[12.0,0.0,14.0,9.0],"texture":"#2"},"up":{"uv":[0.0,0.0,1.0,1.0],"texture":"#2"},"down":{"uv":[0.0,0.0,1.0,1.0],"texture":"#2"}}},{"from":[6.9,10.9,6.9],"to":[9.1,13.1,9.1],"rotation":{"angle":0.0,"axis":"y","origin":[8.0,13.5,3.5]},"faces":{"north":{"uv":[16.0,0.0,14.0,2.0],"texture":"#2"},"east":{"uv":[14.0,0.0,16.0,2.0],"texture":"#2"},"south":{"uv":[16.0,0.0,14.0,2.0],"texture":"#2"},"west":{"uv":[14.0,0.0,16.0,2.0],"texture":"#2"},"up":{"uv":[16.0,2.0,14.0,4.0],"texture":"#2"},"down":{"uv":[0.0,0.0,0.0,0.0],"texture":"#2"}}},{"from":[7.0,13.0,8.0],"to":[9.0,18.0,8.0],"rotation":{"angle":0.0,"axis":"y","origin":[8.0,13.5,3.5]},"faces":{"north":{"uv":[12.0,9.0,10.0,14.0],"texture":"#3"},"east":{"uv":[14.0,0.0,16.0,2.0],"texture":"#3"},"south":{"uv":[10.0,9.0,12.0,14.0],"texture":"#3"},"west":{"uv":[14.0,0.0,16.0,2.0],"texture":"#3"},"up":{"uv":[16.0,2.0,14.0,4.0],"texture":"#3"},"down":{"uv":[0.0,0.0,1.0,1.0],"texture":"#3"}}},{"from":[6.0,7.0,6.0],"to":[10.0,8.0,10.0],"rotation":{"angle":0.0,"axis":"y","origin":[8.0,13.5,3.5]},"faces":{"north":{"uv":[8.0,6.0,12.0,7.0],"texture":"#2"},"east":{"uv":[8.0,6.0,12.0,7.0],"texture":"#2"},"south":{"uv":[8.0,6.0,12.0,7.0],"texture":"#2"},"west":{"uv":[8.0,6.0,12.0,7.0],"texture":"#2"},"up":{"uv":[8.0,7.0,12.0,11.0],"texture":"#2"},"down":{"uv":[8.0,7.0,12.0,11.0],"texture":"#2"}}},{"from":[9.0,6.0,14.0],"to":[7.0,2.0,10.0],"rotation":{"angle":0.0,"axis":"y","origin":[8.0,13.5,3.5]},"faces":{"north":{"uv":[0.0,12.0,2.0,8.0],"texture":"#2"},"east":{"uv":[4.0,12.0,8.0,8.0],"texture":"#2"},"south":{"uv":[2.0,12.0,4.0,8.0],"texture":"#2"},"west":{"uv":[4.0,12.0,8.0,8.0],"texture":"#2"},"up":{"uv":[4.0,8.0,2.0,12.0],"texture":"#2"},"down":{"uv":[2.0,8.0,0.0,12.0],"texture":"#2"}}}],"display":{"thirdperson_righthand":{"translation":[2.25,6.0,0.25],"rotation":[50.92,-18.61,-3.56],"scale":[0.99648,0.98867,0.99648]},"thirdperson_lefthand":{"translation":[2.25,6.0,0.25],"rotation":[50.92,-18.61,-3.56],"scale":[0.99648,0.98867,0.99648]},"firstperson_righthand":{"translation":[1.13,4.2,1.13],"rotation":[12.31,15.02,1.47],"scale":[0.44563,0.44563,0.44563]},"firstperson_lefthand":{"translation":[1.13,4.2,1.13],"rotation":[12.31,15.02,1.47],"scale":[0.44563,0.44563,0.44563]},"ground":{"translation":[0.0,4.25,0.0],"scale":[0.43945,0.43945,0.43945]},"gui":{"translation":[0.0,-0.25,0.0],"rotation":[-141.8,-42.23,-171.19],"scale":[0.94299,0.94299,0.94299]},"head":{"translation":[0.0,4.25,0.0],"rotation":[0.0,3.25,0.0],"scale":[1.6,1.6,1.6]}},"credit":"Made with Blockbench","gui_light":"front"}