{"textures":{"1":"mcc:island_cosmetics/general/accessory/donut/donut"},"elements":[{"from":[9.5,3.0,4.5],"to":[11.5,6.0,11.5],"rotation":{"angle":0.0,"axis":"y","origin":[9.5,17.0,8.375]},"faces":{"north":{"uv":[7.0,0.0,5.0,3.0],"texture":"#1"},"east":{"uv":[7.0,0.0,0.0,3.0],"texture":"#1"},"south":{"uv":[5.0,0.0,7.0,3.0],"texture":"#1"},"west":{"uv":[9.0,5.0,2.0,8.0],"texture":"#1"},"down":{"uv":[0.0,3.0,2.0,10.0],"texture":"#1"}}},{"from":[6.5,3.0,9.5],"to":[9.5,6.0,11.5],"rotation":{"angle":0.0,"axis":"y","origin":[9.5,17.0,8.375]},"faces":{"north":{"uv":[4.0,5.0,7.0,8.0],"texture":"#1"},"east":{"uv":[38.0,25.0,31.0,31.0],"texture":"#1"},"south":{"uv":[5.0,0.0,2.0,3.0],"texture":"#1"},"west":{"uv":[35.0,19.0,28.0,25.0],"texture":"#1"},"down":{"uv":[5.0,5.0,2.0,3.0],"texture":"#1"}}},{"from":[6.5,3.0,4.5],"to":[9.5,6.0,6.5],"rotation":{"angle":0.0,"axis":"y","origin":[9.5,17.0,8.375]},"faces":{"north":{"uv":[5.0,0.0,2.0,3.0],"texture":"#1"},"east":{"uv":[38.0,25.0,31.0,31.0],"texture":"#1"},"south":{"uv":[4.0,5.0,7.0,8.0],"texture":"#1"},"west":{"uv":[35.0,19.0,28.0,25.0],"texture":"#1"},"down":{"uv":[2.0,3.0,5.0,5.0],"texture":"#1"}}},{"from":[4.5,3.0,4.5],"to":[6.5,6.0,11.5],"rotation":{"angle":0.0,"axis":"y","origin":[9.5,17.0,8.375]},"faces":{"north":{"uv":[5.0,0.0,7.0,3.0],"texture":"#1"},"east":{"uv":[9.0,5.0,2.0,8.0],"texture":"#1"},"south":{"uv":[7.0,0.0,5.0,3.0],"texture":"#1"},"west":{"uv":[7.0,0.0,0.0,3.0],"texture":"#1"},"down":{"uv":[2.0,3.0,0.0,10.0],"texture":"#1"}}},{"from":[9.5,3.0,4.5],"to":[11.5,6.0,11.5],"rotation":{"angle":0.0,"axis":"y","origin":[9.5,17.0,8.375]},"faces":{"west":{"uv":[16.0,12.0,9.0,15.0],"texture":"#1","tintindex":0},"up":{"uv":[9.0,3.0,10.0,4.0],"texture":"#1","tintindex":0}}},{"from":[6.5,3.0,9.5],"to":[9.5,6.0,11.5],"rotation":{"angle":0.0,"axis":"y","origin":[9.5,17.0,8.375]},"faces":{"north":{"uv":[14.0,12.0,11.0,15.0],"texture":"#1","tintindex":0},"east":{"uv":[38.0,25.0,31.0,31.0],"texture":"#1"},"west":{"uv":[35.0,19.0,28.0,25.0],"texture":"#1"},"up":{"uv":[9.0,3.0,10.0,4.0],"texture":"#1","tintindex":0}}},{"from":[4.5,3.0,4.5],"to":[6.5,6.0,11.5],"rotation":{"angle":0.0,"axis":"y","origin":[9.5,17.0,8.375]},"faces":{"east":{"uv":[16.0,12.0,9.0,15.0],"texture":"#1","tintindex":0},"up":{"uv":[9.0,3.0,10.0,4.0],"texture":"#1","tintindex":0}}},{"from":[6.5,3.0,4.5],"to":[9.5,6.0,6.5],"rotation":{"angle":0.0,"axis":"y","origin":[9.5,17.0,8.375]},"faces":{"south":{"uv":[14.0,12.0,11.0,15.0],"texture":"#1","tintindex":0},"west":{"uv":[35.0,19.0,28.0,25.0],"texture":"#1"},"up":{"uv":[9.0,3.0,10.0,4.0],"texture":"#1","tintindex":0}}},{"from":[4.3,2.8,4.3],"to":[11.7,6.2,11.7],"rotation":{"angle":0.0,"axis":"y","origin":[9.5,17.0,8.375]},"faces":{"north":{"uv":[14.0,0.0,7.0,3.0],"texture":"#1","tintindex":0},"east":{"uv":[14.0,0.0,7.0,3.0],"texture":"#1","tintindex":0},"south":{"uv":[14.0,0.0,7.0,3.0],"texture":"#1","tintindex":0},"west":{"uv":[14.0,0.0,7.0,3.0],"texture":"#1","tintindex":0},"up":{"uv":[16.0,3.0,9.0,10.0],"texture":"#1","tintindex":0},"down":{"uv":[7.0,4.0,8.0,5.0],"texture":"#1","tintindex":0}}}],"display":{"thirdperson_righthand":{"translation":[0.0,2.0,2.0],"rotation":[-132.61,-34.12,165.93],"scale":[1.00821,1.00821,1.00821]},"thirdperson_lefthand":{"translation":[0.0,2.0,2.0],"rotation":[-132.61,-34.12,165.93],"scale":[1.00821,1.00821,1.00821]},"firstperson_righthand":{"translation":[8.25,2.0,-5.75],"rotation":[-132.12,58.22,135.45],"scale":[0.89844,0.89844,0.89844]},"firstperson_lefthand":{"translation":[8.25,2.0,-5.75],"rotation":[-132.12,58.22,135.45],"scale":[0.89844,0.89844,0.89844]},"ground":{"translation":[0.0,4.25,0.0],"scale":[0.43945,0.43945,0.43945]},"gui":{"translation":[-1.0,3.75,0.0],"rotation":[-137.07,34.15,166.31],"scale":[1.31994,1.31994,1.31994]},"head":{"translation":[0.0,4.25,0.0],"rotation":[0.0,3.25,0.0],"scale":[1.6,1.6,1.6]}},"credit":"Made with Blockbench","ambientocclusion":false,"gui_light":"front"}