{"textures":{"1":"mcc:island_cosmetics/general/accessory/lollipop_staff/lollipop_staff","5":"mcc:island_cosmetics/general/accessory/lollipop_staff/anim","6":"mcc:island_cosmetics/general/hat/8_ball/gold_shine"},"elements":[{"from":[6.97803,-14.0,7.02197],"to":[8.97803,10.0,9.02197],"rotation":{"angle":0.0,"axis":"y","origin":[7.97803,4.40358,8.0]},"faces":{"north":{"uv":[4.0,12.0,5.0,0.0],"texture":"#1","rotation":180},"east":{"uv":[5.0,12.0,4.0,0.0],"texture":"#1","rotation":180},"south":{"uv":[5.0,0.0,4.0,12.0],"texture":"#1"},"west":{"uv":[5.0,0.0,4.0,12.0],"texture":"#1"},"up":{"uv":[4.0,12.0,5.0,0.0],"texture":"#1"},"down":{"uv":[4.0,12.0,5.0,0.0],"texture":"#1"}}},{"from":[5.97803,-15.0,6.02197],"to":[9.97803,-11.0,10.02197],"rotation":{"angle":0.0,"axis":"y","origin":[7.97803,4.40358,8.0]},"faces":{"north":{"uv":[5.0,2.0,7.0,0.0],"texture":"#1","rotation":180},"east":{"uv":[5.0,2.0,7.0,0.0],"texture":"#1","rotation":180},"south":{"uv":[7.0,0.0,5.0,2.0],"texture":"#1"},"west":{"uv":[7.0,0.0,5.0,2.0],"texture":"#1"},"up":{"uv":[7.0,4.0,5.0,6.0],"texture":"#1"},"down":{"uv":[7.0,2.0,5.0,4.0],"texture":"#1"}}},{"from":[5.97803,6.0,6.02197],"to":[9.97803,10.0,10.02197],"rotation":{"angle":0.0,"axis":"y","origin":[7.97803,4.40358,8.0]},"faces":{"north":{"uv":[2.0,6.0,0.0,8.0],"texture":"#1","tintindex":0,"rotation":90},"east":{"uv":[4.0,6.0,2.0,8.0],"texture":"#1","tintindex":0,"rotation":180},"south":{"uv":[0.0,6.0,2.0,8.0],"texture":"#1","tintindex":0,"rotation":270},"west":{"uv":[4.0,6.0,2.0,8.0],"texture":"#1","tintindex":0},"up":{"uv":[2.0,8.0,0.0,10.0],"texture":"#1","tintindex":0,"rotation":270},"down":{"uv":[4.0,6.0,2.0,8.0],"texture":"#1","tintindex":0,"rotation":270}}},{"from":[1.97803,2.0,8.02197],"to":[13.97803,10.0,8.02197],"rotation":{"angle":0.0,"axis":"y","origin":[7.97803,4.40358,8.0]},"faces":{"north":{"uv":[4.0,0.0,0.0,6.0],"texture":"#1","tintindex":0,"rotation":90},"south":{"uv":[0.0,0.0,4.0,6.0],"texture":"#1","tintindex":0,"rotation":270}}},{"from":[2.97803,10.0,7.02197],"to":[12.97803,20.0,9.02197],"rotation":{"angle":0.0,"axis":"y","origin":[7.97803,4.40358,8.0]},"faces":{"north":{"uv":[12.0,0.0,7.0,5.0],"texture":"#1","rotation":90},"east":{"uv":[7.0,0.0,12.0,0.5],"texture":"#1","rotation":270},"south":{"uv":[7.0,0.0,12.0,5.0],"texture":"#1","rotation":270},"west":{"uv":[12.0,0.0,7.0,0.5],"texture":"#1","rotation":90},"up":{"uv":[11.5,0.0,12.0,5.0],"texture":"#1","rotation":270},"down":{"uv":[7.0,0.0,7.5,5.0],"texture":"#1","rotation":270}}},{"from":[6.77803,-3.2,6.82197],"to":[9.17803,-0.8,9.22197],"rotation":{"angle":0.0,"axis":"y","origin":[7.97803,4.40358,8.0]},"faces":{"north":{"uv":[5.5,1.5,6.5,0.5],"texture":"#1","rotation":180},"east":{"uv":[6.5,0.5,5.5,1.5],"texture":"#1"},"south":{"uv":[6.5,0.5,5.5,1.5],"texture":"#1"},"west":{"uv":[6.5,0.5,5.5,1.5],"texture":"#1"},"up":{"uv":[5.5,0.0,6.0,0.5],"texture":"#1"},"down":{"uv":[5.5,2.0,6.0,2.5],"texture":"#1"}}},{"from":[-2.02197,15.0,-1.47803],"to":[16.97803,15.0,17.52197],"rotation":{"angle":0.0,"axis":"y","origin":[7.97803,4.40358,8.0]},"faces":{"north":{"uv":[12.0,0.0,7.0,5.0],"texture":"#1","rotation":90},"east":{"uv":[7.0,0.0,12.0,0.5],"texture":"#1","rotation":270},"south":{"uv":[7.0,0.0,12.0,5.0],"texture":"#1","rotation":270},"west":{"uv":[12.0,0.0,7.0,0.5],"texture":"#1","rotation":90},"up":{"uv":[0.0,0.0,6.33333,6.33333],"texture":"#5","rotation":270},"down":{"uv":[0.0,0.0,6.33333,6.33333],"texture":"#5","rotation":270}}},{"from":[-1.9755,15.0,-1.28837],"to":[17.0245,15.0,17.71163],"rotation":{"angle":-22.5,"axis":"y","origin":[7.97803,4.40358,8.0]},"faces":{"north":{"uv":[12.0,0.0,7.0,5.0],"texture":"#1","rotation":90},"east":{"uv":[7.0,0.0,12.0,0.5],"texture":"#1","rotation":270},"south":{"uv":[7.0,0.0,12.0,5.0],"texture":"#1","rotation":270},"west":{"uv":[12.0,0.0,7.0,0.5],"texture":"#1","rotation":90},"up":{"uv":[6.66667,0.0,13.0,6.33333],"texture":"#5","rotation":270},"down":{"uv":[6.66667,0.0,13.0,6.33333],"texture":"#5","rotation":270}}},{"from":[-1.85999,15.0,-1.13091],"to":[17.14001,15.0,17.86909],"rotation":{"angle":-45.0,"axis":"y","origin":[7.97803,4.40358,8.0]},"faces":{"north":{"uv":[12.0,0.0,7.0,5.0],"texture":"#1","rotation":90},"east":{"uv":[7.0,0.0,12.0,0.5],"texture":"#1","rotation":270},"south":{"uv":[7.0,0.0,12.0,5.0],"texture":"#1","rotation":270},"west":{"uv":[12.0,0.0,7.0,0.5],"texture":"#1","rotation":90},"up":{"uv":[0.0,6.66667,6.33333,13.0],"texture":"#5","rotation":270},"down":{"uv":[0.0,6.66667,6.33333,13.0],"texture":"#5","rotation":270}}},{"from":[-1.99231,15.0,-1.67105],"to":[17.00769,15.0,17.32895],"rotation":{"angle":22.5,"axis":"y","origin":[7.97803,4.40358,8.0]},"faces":{"north":{"uv":[12.0,0.0,7.0,0.5],"texture":"#1","rotation":90},"east":{"uv":[12.0,0.0,7.0,5.0],"texture":"#1","rotation":90},"south":{"uv":[7.0,0.0,12.0,0.5],"texture":"#1","rotation":270},"west":{"uv":[7.0,0.0,12.0,5.0],"texture":"#1","rotation":270},"up":{"uv":[6.66667,6.66667,13.0,13.0],"texture":"#5"},"down":{"uv":[6.66667,6.66667,13.0,13.0],"texture":"#5","rotation":180}}},{"from":[-3.02197,17.8457,-3.79767],"to":[3.97803,17.8457,3.20233],"rotation":{"angle":22.5,"axis":"x","origin":[7.97803,4.40358,8.0]},"faces":{"north":{"uv":[0.0,8.0,1.0,9.0],"texture":"#6","rotation":90},"east":{"uv":[0.0,8.0,1.0,9.0],"texture":"#6","rotation":180},"south":{"uv":[0.0,8.0,1.0,9.0],"texture":"#6","rotation":270},"west":{"uv":[0.0,8.0,1.0,9.0],"texture":"#6"},"up":{"uv":[8.0,9.0,15.0,16.0],"texture":"#6","rotation":270},"down":{"uv":[8.0,9.0,15.0,16.0],"texture":"#6","rotation":270}}},{"from":[-0.02197,5.87044,15.19031],"to":[6.97803,5.87044,22.19031],"rotation":{"angle":-45.0,"axis":"x","origin":[7.97803,4.40358,8.0]},"faces":{"north":{"uv":[0.0,0.0,1.0,1.0],"texture":"#6","rotation":90},"east":{"uv":[0.0,0.0,1.0,1.0],"texture":"#6","rotation":180},"south":{"uv":[0.0,0.0,1.0,1.0],"texture":"#6","rotation":270},"west":{"uv":[0.0,0.0,1.0,1.0],"texture":"#6"},"up":{"uv":[0.0,1.0,7.0,8.0],"texture":"#6","rotation":270},"down":{"uv":[0.0,1.0,7.0,8.0],"texture":"#6","rotation":270}}},{"from":[-0.02197,15.09389,3.03314],"to":[6.97803,15.09389,10.03314],"rotation":{"angle":45.0,"axis":"x","origin":[7.97803,4.40358,8.0]},"faces":{"north":{"uv":[0.0,0.0,1.0,1.0],"texture":"#6","rotation":90},"east":{"uv":[0.0,0.0,1.0,1.0],"texture":"#6","rotation":180},"south":{"uv":[0.0,0.0,1.0,1.0],"texture":"#6","rotation":270},"west":{"uv":[0.0,0.0,1.0,1.0],"texture":"#6"},"up":{"uv":[0.0,1.0,7.0,8.0],"texture":"#6","rotation":270},"down":{"uv":[0.0,1.0,7.0,8.0],"texture":"#6","rotation":270}}},{"from":[-3.02197,14.3457,-0.29767],"to":[3.97803,21.3457,-0.29767],"rotation":{"angle":22.5,"axis":"x","origin":[7.97803,4.40358,8.0]},"faces":{"north":{"uv":[8.0,9.0,15.0,16.0],"texture":"#6","rotation":90},"east":{"uv":[0.0,8.0,1.0,9.0],"texture":"#6","rotation":270},"south":{"uv":[8.0,9.0,15.0,16.0],"texture":"#6","rotation":270},"west":{"uv":[0.0,8.0,1.0,9.0],"texture":"#6","rotation":270},"up":{"uv":[0.0,8.0,1.0,9.0],"texture":"#6","rotation":270},"down":{"uv":[0.0,8.0,1.0,9.0],"texture":"#6","rotation":270}}},{"from":[10.97803,19.95613,12.43057],"to":[17.97803,19.95613,19.43057],"rotation":{"angle":-22.5,"axis":"x","origin":[7.97803,4.40358,8.0]},"faces":{"north":{"uv":[0.0,0.0,1.0,1.0],"texture":"#6","rotation":90},"east":{"uv":[0.0,0.0,1.0,1.0],"texture":"#6","rotation":180},"south":{"uv":[0.0,0.0,1.0,1.0],"texture":"#6","rotation":270},"west":{"uv":[0.0,0.0,1.0,1.0],"texture":"#6"},"up":{"uv":[8.0,1.0,15.0,8.0],"texture":"#6","rotation":270},"down":{"uv":[8.0,1.0,15.0,8.0],"texture":"#6","rotation":270}}},{"from":[10.97803,16.45613,15.93057],"to":[17.97803,23.45613,15.93057],"rotation":{"angle":-22.5,"axis":"x","origin":[7.97803,4.40358,8.0]},"faces":{"north":{"uv":[8.0,1.0,15.0,8.0],"texture":"#6","rotation":90},"east":{"uv":[0.0,0.0,1.0,1.0],"texture":"#6","rotation":90},"south":{"uv":[8.0,1.0,15.0,8.0],"texture":"#6","rotation":270},"west":{"uv":[0.0,0.0,1.0,1.0],"texture":"#6","rotation":90},"up":{"uv":[0.0,0.0,1.0,1.0],"texture":"#6","rotation":270},"down":{"uv":[0.0,0.0,1.0,1.0],"texture":"#6","rotation":270}}}],"display":{"thirdperson_righthand":{"translation":[3.5,6.25,7.5],"rotation":[69.88,58.49,-28.77],"scale":[0.91055,0.91055,0.91055]},"thirdperson_lefthand":{"translation":[3.5,6.25,7.5],"rotation":[69.88,58.49,-28.77],"scale":[0.91055,0.91055,0.91055]},"firstperson_righthand":{"translation":[10.5,4.25,-8.25],"rotation":[174.14,68.55,172.1],"scale":[0.5957,0.5957,0.5957]},"firstperson_lefthand":{"translation":[10.5,4.25,-8.25],"rotation":[174.14,68.55,172.1],"scale":[0.5957,0.5957,0.5957]},"ground":{"translation":[0.0,4.25,0.0],"scale":[0.43945,0.43945,0.43945]},"gui":{"translation":[1.0,1.5,0.0],"rotation":[-156.28,-7.27,-138.62],"scale":[0.49767,0.49767,0.49767]},"head":{"rotation":[0.0,90.0,0.0],"scale":[1.6,1.6,1.6]}},"credit":"Made with Blockbench","gui_light":"front"}