{"textures":{"8":"mcc:island_cosmetics/general/accessory/lollipop_staff/lollipop_staff_2","particle":"mcc:island_cosmetics/general/accessory/lollipop_staff/lollipop_staff_2"},"elements":[{"from":[7.0,-13.0,7.0],"to":[9.0,11.0,9.0],"rotation":{"angle":0.0,"axis":"y","origin":[8.0,11.0,9.0]},"faces":{"north":{"uv":[4.0,12.0,5.0,0.0],"texture":"#8","rotation":180},"east":{"uv":[5.0,12.0,4.0,0.0],"texture":"#8","rotation":180},"south":{"uv":[5.0,0.0,4.0,12.0],"texture":"#8"},"west":{"uv":[5.0,0.0,4.0,12.0],"texture":"#8"},"up":{"uv":[4.0,12.0,5.0,0.0],"texture":"#8"},"down":{"uv":[4.0,12.0,5.0,0.0],"texture":"#8"}}},{"from":[6.8,-11.2,6.8],"to":[9.2,6.2,9.2],"rotation":{"angle":0.0,"axis":"y","origin":[8.0,11.0,9.0]},"faces":{"north":{"uv":[15.0,8.5,16.0,0.0],"texture":"#8","rotation":180},"east":{"uv":[15.0,8.5,16.0,0.0],"texture":"#8","rotation":180},"south":{"uv":[15.0,8.5,16.0,0.0],"texture":"#8","rotation":180},"west":{"uv":[15.0,8.5,16.0,0.0],"texture":"#8","rotation":180}}},{"from":[6.8,-8.2,6.8],"to":[9.2,0.2,9.2],"rotation":{"angle":0.0,"axis":"y","origin":[8.0,11.0,9.0]},"faces":{"north":{"uv":[5.0,10.0,6.0,6.0],"texture":"#8","rotation":180},"east":{"uv":[5.0,10.0,6.0,6.0],"texture":"#8","rotation":180},"south":{"uv":[5.0,10.0,6.0,6.0],"texture":"#8","rotation":180},"west":{"uv":[5.0,10.0,6.0,6.0],"texture":"#8","rotation":180}}},{"from":[6.0,-15.0,6.0],"to":[10.0,-11.0,10.0],"rotation":{"angle":0.0,"axis":"y","origin":[8.0,11.0,9.0]},"faces":{"north":{"uv":[5.0,2.0,7.0,0.0],"texture":"#8","tintindex":0,"rotation":180},"east":{"uv":[5.0,2.0,7.0,0.0],"texture":"#8","tintindex":0,"rotation":180},"south":{"uv":[7.0,0.0,5.0,2.0],"texture":"#8","tintindex":0},"west":{"uv":[7.0,0.0,5.0,2.0],"texture":"#8","tintindex":0},"up":{"uv":[7.0,4.0,5.0,6.0],"texture":"#8","tintindex":0},"down":{"uv":[7.0,2.0,5.0,4.0],"texture":"#8","tintindex":0}}},{"from":[6.0,6.0,6.0],"to":[10.0,10.0,10.0],"rotation":{"angle":0.0,"axis":"y","origin":[8.0,11.0,9.0]},"faces":{"north":{"uv":[2.0,6.0,0.0,8.0],"texture":"#8","tintindex":0,"rotation":90},"east":{"uv":[4.0,6.0,2.0,8.0],"texture":"#8","tintindex":0,"rotation":180},"south":{"uv":[0.0,6.0,2.0,8.0],"texture":"#8","tintindex":0,"rotation":270},"west":{"uv":[4.0,6.0,2.0,8.0],"texture":"#8","tintindex":0},"up":{"uv":[2.0,8.0,0.0,10.0],"texture":"#8","tintindex":0,"rotation":270},"down":{"uv":[4.0,6.0,2.0,8.0],"texture":"#8","tintindex":0,"rotation":270}}},{"from":[2.0,2.0,8.0],"to":[14.0,10.0,8.0],"rotation":{"angle":0.0,"axis":"y","origin":[8.0,11.0,9.0]},"faces":{"north":{"uv":[16.0,10.0,12.0,16.0],"texture":"#8","rotation":90},"south":{"uv":[12.0,10.0,16.0,16.0],"texture":"#8","rotation":270}}},{"from":[3.0,11.0,7.0],"to":[13.0,21.0,9.0],"rotation":{"angle":0.0,"axis":"y","origin":[9.0,18.5,9.0]},"faces":{"north":{"uv":[12.0,0.0,7.0,5.0],"texture":"#8","rotation":90},"east":{"uv":[7.0,0.0,12.0,0.5],"texture":"#8","rotation":270},"south":{"uv":[7.0,0.0,12.0,5.0],"texture":"#8","rotation":270},"west":{"uv":[12.0,0.0,7.0,0.5],"texture":"#8","rotation":90},"up":{"uv":[11.5,0.0,12.0,5.0],"texture":"#8","rotation":270},"down":{"uv":[7.0,0.0,7.5,5.0],"texture":"#8","rotation":270}}},{"from":[3.0,11.0,7.0],"to":[13.0,21.0,9.0],"rotation":{"angle":0.0,"axis":"y","origin":[9.0,18.5,9.0]},"faces":{"north":{"uv":[12.0,5.5,7.0,10.5],"texture":"#8","tintindex":0,"rotation":90},"east":{"uv":[7.0,5.5,12.0,6.0],"texture":"#8","tintindex":0,"rotation":270},"south":{"uv":[7.0,5.5,12.0,10.5],"texture":"#8","tintindex":0,"rotation":270},"west":{"uv":[12.0,5.5,7.0,6.0],"texture":"#8","tintindex":0,"rotation":90},"up":{"uv":[11.5,5.5,12.0,10.5],"texture":"#8","tintindex":0,"rotation":270},"down":{"uv":[7.0,5.5,7.5,10.5],"texture":"#8","tintindex":0,"rotation":270}}},{"from":[9.2,6.2,9.2],"to":[6.8,-11.2,6.8],"rotation":{"angle":0.0,"axis":"y","origin":[8.0,11.0,9.0]},"faces":{"north":{"uv":[15.0,0.0,16.0,8.5],"texture":"#8","rotation":180},"east":{"uv":[15.0,0.0,16.0,8.5],"texture":"#8","rotation":180},"south":{"uv":[15.0,0.0,16.0,8.5],"texture":"#8","rotation":180},"west":{"uv":[15.0,0.0,16.0,8.5],"texture":"#8","rotation":180}}}],"display":{"thirdperson_righthand":{"translation":[3.5,6.25,7.5],"rotation":[69.88,58.49,-28.77],"scale":[0.91055,0.91055,0.91055]},"thirdperson_lefthand":{"translation":[3.5,6.25,7.5],"rotation":[69.88,58.49,-28.77],"scale":[0.91055,0.91055,0.91055]},"firstperson_righthand":{"translation":[10.5,4.25,-8.25],"rotation":[174.14,68.55,172.1],"scale":[0.5957,0.5957,0.5957]},"firstperson_lefthand":{"translation":[10.5,4.25,-8.25],"rotation":[174.14,68.55,172.1],"scale":[0.5957,0.5957,0.5957]},"ground":{"translation":[0.0,4.25,0.0],"scale":[0.43945,0.43945,0.43945]},"gui":{"translation":[1.0,1.5,0.0],"rotation":[-156.28,-7.27,-138.62],"scale":[0.49767,0.49767,0.49767]},"head":{"rotation":[0.0,90.0,0.0],"scale":[1.6,1.6,1.6]}},"credit":"Made with Blockbench","gui_light":"front"}