{"textures":{"1":"mcc:island_cosmetics/general/accessory/cutlass/cutlass"},"elements":[{"from":[7.0,-6.0,7.0],"to":[9.0,2.0,9.0],"rotation":{"angle":0.0,"axis":"y","origin":[9.0,17.0,6.875]},"faces":{"north":{"uv":[4.5,3.5,3.5,7.5],"texture":"#1"},"east":{"uv":[4.5,3.5,3.5,7.5],"texture":"#1"},"south":{"uv":[4.5,3.5,3.5,7.5],"texture":"#1"},"west":{"uv":[4.5,3.5,3.5,7.5],"texture":"#1"},"up":{"uv":[3.5,3.5,4.0,4.0],"texture":"#1"},"down":{"uv":[3.5,3.5,4.0,4.0],"texture":"#1"}}},{"from":[7.0,-6.0,7.0],"to":[9.0,2.0,9.0],"rotation":{"angle":0.0,"axis":"y","origin":[9.0,17.0,6.875]},"faces":{"north":{"uv":[1.0,6.0,0.0,10.0],"texture":"#1","tintindex":0},"east":{"uv":[1.0,6.0,0.0,10.0],"texture":"#1","tintindex":0},"south":{"uv":[1.0,6.0,0.0,10.0],"texture":"#1","tintindex":0},"west":{"uv":[1.0,6.0,0.0,10.0],"texture":"#1","tintindex":0}}},{"from":[6.5,-9.0,7.0],"to":[9.5,-6.0,9.0],"rotation":{"angle":0.0,"axis":"y","origin":[9.0,17.0,6.875]},"faces":{"north":{"uv":[1.5,0.5,0.0,2.0],"texture":"#1"},"east":{"uv":[2.5,3.0,1.5,4.5],"texture":"#1"},"south":{"uv":[1.5,0.5,0.0,2.0],"texture":"#1"},"west":{"uv":[2.5,3.0,1.5,4.5],"texture":"#1"},"up":{"uv":[3.0,2.0,1.5,3.0],"texture":"#1"},"down":{"uv":[3.0,2.0,1.5,3.0],"texture":"#1"}}},{"from":[5.5,2.0,8.0],"to":[15.5,21.0,8.0],"rotation":{"angle":0.0,"axis":"y","origin":[9.0,17.0,6.875]},"faces":{"north":{"uv":[10.5,0.0,5.5,9.5],"texture":"#1"},"south":{"uv":[5.5,0.0,10.5,9.5],"texture":"#1"}}},{"from":[3.9,-6.1,6.4],"to":[12.1,2.1,9.6],"rotation":{"angle":0.0,"axis":"y","origin":[9.0,17.0,6.875]},"faces":{"west":{"uv":[11.0,0.0,12.5,4.0],"texture":"#1"},"up":{"uv":[1.5,6.0,0.0,2.0],"texture":"#1","rotation":90},"down":{"uv":[1.5,8.0,5.5,9.5],"texture":"#1"}}},{"from":[12.1,2.1,9.6],"to":[3.9,-6.1,6.4],"rotation":{"angle":0.0,"axis":"y","origin":[9.0,17.0,6.875]},"faces":{"east":{"uv":[11.0,4.0,12.5,0.0],"texture":"#1"},"up":{"uv":[5.5,8.0,1.5,9.5],"texture":"#1"},"down":{"uv":[1.5,2.0,0.0,6.0],"texture":"#1","rotation":90}}}],"display":{"thirdperson_righthand":{"translation":[0.0,7.75,4.5],"rotation":[-136.51,-89.69,-148.79],"scale":[0.96719,0.96719,0.96719]},"thirdperson_lefthand":{"translation":[2.25,7.25,4.5],"rotation":[58.04,74.47,-46.88],"scale":[0.96719,0.96719,0.96719]},"firstperson_righthand":{"translation":[10.75,2.75,-7.25],"rotation":[54.3,-72.72,57.42],"scale":[0.57617,0.57617,0.57617]},"firstperson_lefthand":{"translation":[10.5,4.0,-7.25],"rotation":[-149.89,76.93,137.17],"scale":[0.57617,0.57617,0.57617]},"ground":{"translation":[0.0,4.25,0.0],"scale":[0.43945,0.43945,0.43945]},"gui":{"translation":[0.25,2.25,0.0],"rotation":[4.45,34.89,-44.07],"scale":[0.66368,0.66368,0.66368]},"head":{"translation":[0.0,4.25,0.0],"rotation":[0.0,3.25,0.0],"scale":[1.6,1.6,1.6]}},"credit":"Made with Blockbench","gui_light":"front"}