{"textures":{"1":"mcc:island_cosmetics/general/accessory/banana/banana"},"elements":[{"from":[6.0,7.0,7.0],"to":[11.0,14.0,11.0],"faces":{"north":{"uv":[7.0,0.0,12.0,7.0],"texture":"#1"},"east":{"uv":[4.0,0.0,0.0,7.0],"texture":"#1"},"south":{"uv":[11.0,7.0,16.0,14.0],"texture":"#1"},"west":{"uv":[0.0,0.0,4.0,7.0],"texture":"#1"},"up":{"uv":[6.0,7.0,11.0,11.0],"texture":"#1"},"down":{"uv":[5.0,11.0,10.0,15.0],"texture":"#1"}}},{"from":[7.0,11.69454,5.43414],"to":[10.0,16.69454,8.43414],"rotation":{"angle":-45.0,"axis":"x","origin":[8.5,15.94454,6.93414]},"faces":{"north":{"uv":[3.0,7.0,6.0,12.0],"texture":"#1"},"east":{"uv":[4.0,5.0,7.0,0.0],"texture":"#1","rotation":180},"south":{"uv":[0.0,7.0,3.0,12.0],"texture":"#1"},"west":{"uv":[4.0,0.0,7.0,5.0],"texture":"#1"},"up":{"uv":[0.0,12.0,3.0,15.0],"texture":"#1"}}},{"from":[7.5,16.69454,5.43414],"to":[9.5,18.69454,7.43414],"rotation":{"angle":-45.0,"axis":"x","origin":[7.0,15.94454,6.93414]},"faces":{"north":{"uv":[3.0,10.0,5.0,12.0],"texture":"#1"},"east":{"uv":[6.0,5.0,4.0,7.0],"texture":"#1"},"south":{"uv":[5.0,5.0,6.0,7.0],"texture":"#1"},"west":{"uv":[4.0,5.0,6.0,7.0],"texture":"#1"},"up":{"uv":[3.0,10.0,5.0,12.0],"texture":"#1"},"down":{"uv":[0.0,0.0,1.0,1.0],"texture":"#1"}}},{"from":[7.5,7.41421,2.58579],"to":[9.5,9.41421,4.58579],"rotation":{"angle":-45.0,"axis":"x","origin":[9.0,8.41421,9.58579]},"faces":{"north":{"uv":[3.0,10.0,5.0,12.0],"texture":"#1"},"east":{"uv":[4.0,5.0,6.0,7.0],"texture":"#1","rotation":90},"south":{"uv":[0.0,0.0,1.0,1.0],"texture":"#1","rotation":180},"west":{"uv":[6.0,5.0,4.0,7.0],"texture":"#1","rotation":270},"up":{"uv":[3.0,10.0,5.0,12.0],"texture":"#1"},"down":{"uv":[5.0,5.0,6.0,7.0],"texture":"#1","rotation":180}}},{"from":[7.0,9.59619,3.26777],"to":[10.0,12.59619,8.26777],"rotation":{"angle":-45.0,"axis":"x","origin":[8.0,11.59619,12.76777]},"faces":{"north":{"uv":[0.0,12.0,3.0,15.0],"texture":"#1"},"east":{"uv":[4.0,0.0,7.0,5.0],"texture":"#1","rotation":90},"west":{"uv":[7.0,0.0,4.0,5.0],"texture":"#1","rotation":270},"up":{"uv":[3.0,7.0,6.0,12.0],"texture":"#1"},"down":{"uv":[0.0,7.0,3.0,12.0],"texture":"#1","rotation":180}}}],"display":{"thirdperson_righthand":{"translation":[2.0,1.0,2.5],"rotation":[132.77,37.77,140.88],"scale":[0.85,0.85,0.85]},"thirdperson_lefthand":{"translation":[2.0,1.0,2.5],"rotation":[132.77,37.77,140.88],"scale":[0.85,0.85,0.85]},"firstperson_righthand":{"translation":[2.13,1.7,1.13],"rotation":[88.21,51.0,-112.07],"scale":[0.47297,0.47297,0.47297]},"firstperson_lefthand":{"translation":[2.13,1.7,1.13],"rotation":[88.21,51.0,-112.07],"scale":[0.47297,0.47297,0.47297]},"ground":{"translation":[0.0,4.25,0.0],"scale":[0.43945,0.43945,0.43945]},"gui":{"translation":[-0.5,-2.75,0.0],"rotation":[127.16,41.78,-122.85],"scale":[0.9957,0.9957,0.9957]}},"credit":"Made with Blockbench","gui_light":"front"}