{"textures":{"4":"mcc:island_cosmetics/general/hat/shroud/infernal_anim","6":"mcc:island_cosmetics/general/accessory/infernal_pitchfork/infernal_pitchfork"},"elements":[{"from":[7.0,-11.57302,6.99388],"to":[9.0,12.42698,8.99388],"rotation":{"angle":0.0,"axis":"y","origin":[7.1967,6.46655,7.46043]},"faces":{"north":{"uv":[12.0,1.0,0.0,0.0],"texture":"#6","rotation":270},"east":{"uv":[12.0,1.0,0.0,0.0],"texture":"#6","rotation":270},"south":{"uv":[0.0,0.0,12.0,1.0],"texture":"#6","rotation":90},"west":{"uv":[0.0,0.0,12.0,1.0],"texture":"#6","rotation":90},"down":{"uv":[0.0,0.5,0.5,1.0],"texture":"#6"}}},{"from":[6.5,-8.13397,18.81537],"to":[9.5,-4.13397,22.81537],"rotation":{"angle":45.0,"axis":"x","origin":[7.1967,6.46655,7.46043]},"faces":{"north":{"uv":[0.0,3.0,1.5,5.0],"texture":"#6","rotation":180},"east":{"uv":[0.0,1.0,2.0,3.0],"texture":"#6","rotation":180},"south":{"uv":[0.0,3.0,1.5,5.0],"texture":"#6"},"west":{"uv":[0.0,1.0,2.0,3.0],"texture":"#6","rotation":90},"up":{"uv":[0.0,3.0,1.5,5.0],"texture":"#6","rotation":180},"down":{"uv":[0.0,5.0,1.5,7.0],"texture":"#6"}}},{"from":[6.5,9.86603,0.81537],"to":[9.5,13.86603,4.81537],"rotation":{"angle":45.0,"axis":"x","origin":[7.1967,6.46655,7.46043]},"faces":{"north":{"uv":[0.0,3.0,1.5,5.0],"texture":"#6","rotation":180},"east":{"uv":[0.0,1.0,2.0,3.0],"texture":"#6","rotation":180},"south":{"uv":[0.0,3.0,1.5,5.0],"texture":"#6"},"west":{"uv":[0.0,1.0,2.0,3.0],"texture":"#6","rotation":90},"up":{"uv":[0.0,3.0,1.5,5.0],"texture":"#6","rotation":180},"down":{"uv":[0.0,5.0,1.5,7.0],"texture":"#6"}}},{"from":[7.5,13.42698,1.99388],"to":[8.25,27.42698,13.99388],"rotation":{"angle":0.0,"axis":"y","origin":[7.1967,6.46655,7.46043]},"faces":{"east":{"uv":[9.0,1.0,2.0,7.0],"texture":"#6","rotation":270},"west":{"uv":[2.0,1.0,9.0,7.0],"texture":"#6","rotation":90}}},{"from":[6.7,-8.87302,6.69388],"to":[9.3,2.72698,9.29388],"rotation":{"angle":0.0,"axis":"y","origin":[7.1967,6.46655,7.46043]},"faces":{"north":{"uv":[5.5,7.0,0.0,8.0],"texture":"#6","tintindex":0,"rotation":270},"east":{"uv":[5.5,7.0,0.0,8.0],"texture":"#6","tintindex":0,"rotation":270},"south":{"uv":[0.0,8.0,5.5,7.0],"texture":"#6","tintindex":0,"rotation":90},"west":{"uv":[0.0,7.0,5.5,8.0],"texture":"#6","tintindex":0,"rotation":90}}},{"from":[8.0,13.17698,1.74388],"to":[8.0,27.67698,14.24388],"rotation":{"angle":0.0,"axis":"y","origin":[7.1967,6.46655,7.46043]},"faces":{"east":{"uv":[16.0,1.0,9.0,7.0],"texture":"#6","rotation":270},"west":{"uv":[9.0,1.0,16.0,7.0],"texture":"#6","rotation":90}}},{"from":[9.7,14.06603,5.01537],"to":[6.3,9.66603,0.61537],"rotation":{"angle":45.0,"axis":"x","origin":[7.1967,6.46655,7.46043]},"faces":{"north":{"uv":[10.5,3.83333,11.0,4.33333],"texture":"#6","rotation":180},"east":{"uv":[10.5,3.83333,11.0,4.33333],"texture":"#6","rotation":270},"south":{"uv":[10.5,3.83333,11.0,4.33333],"texture":"#6"},"west":{"uv":[10.5,3.83333,11.0,4.33333],"texture":"#6","rotation":90},"up":{"uv":[10.5,3.83333,11.0,4.33333],"texture":"#6","rotation":180},"down":{"uv":[10.5,3.83333,11.0,4.33333],"texture":"#6"}}},{"from":[9.7,-3.93397,23.01537],"to":[6.3,-8.33397,18.61537],"rotation":{"angle":45.0,"axis":"x","origin":[7.1967,6.46655,7.46043]},"faces":{"north":{"uv":[10.5,3.83333,11.0,4.33333],"texture":"#6","rotation":180},"east":{"uv":[10.5,3.83333,11.0,4.33333],"texture":"#6","rotation":270},"south":{"uv":[10.5,3.83333,11.0,4.33333],"texture":"#6"},"west":{"uv":[10.5,3.83333,11.0,4.33333],"texture":"#6","rotation":90},"up":{"uv":[10.5,3.83333,11.0,4.33333],"texture":"#6","rotation":180},"down":{"uv":[10.5,3.83333,11.0,4.33333],"texture":"#6"}}},{"from":[9.3,2.72698,9.29388],"to":[6.7,-8.87302,6.69388],"rotation":{"angle":0.0,"axis":"y","origin":[7.1967,6.46655,7.46043]},"faces":{"north":{"uv":[0.0,8.0,5.5,7.0],"texture":"#6","tintindex":0,"rotation":270},"east":{"uv":[0.0,8.0,5.5,7.0],"texture":"#6","tintindex":0,"rotation":270},"south":{"uv":[0.0,8.0,5.5,7.0],"texture":"#6","tintindex":0,"rotation":90},"west":{"uv":[0.0,8.0,5.5,7.0],"texture":"#6","tintindex":0,"rotation":90}}},{"from":[8.22703,20.86881,8.55613],"to":[8.22703,24.86881,15.55613],"rotation":{"angle":-45.0,"axis":"x","origin":[7.1967,6.46655,7.46043]},"faces":{"north":{"uv":[0.0,0.0,0.0,0.0],"texture":"#4","rotation":180},"east":{"uv":[8.0,4.0,15.0,8.0],"texture":"#4","rotation":180},"south":{"uv":[0.0,0.0,0.0,0.0],"texture":"#4","rotation":180},"west":{"uv":[15.0,4.0,8.0,8.0],"texture":"#4","rotation":180},"up":{"uv":[0.0,0.0,0.0,0.0],"texture":"#4","rotation":180},"down":{"uv":[0.0,0.0,0.0,0.0],"texture":"#4","rotation":180}}},{"from":[11.90028,20.4851,6.19162],"to":[18.90028,20.4851,10.19162],"rotation":{"angle":45.0,"axis":"z","origin":[7.1967,6.46655,7.46043]},"faces":{"north":{"uv":[0.0,0.0,0.0,0.0],"texture":"#4","rotation":90},"east":{"uv":[0.0,0.0,0.0,0.0],"texture":"#4","rotation":90},"south":{"uv":[0.0,0.0,0.0,0.0],"texture":"#4","rotation":90},"west":{"uv":[0.0,0.0,0.0,0.0],"texture":"#4","rotation":270},"up":{"uv":[1.0,4.0,8.0,8.0],"texture":"#4"},"down":{"uv":[8.0,4.0,1.0,8.0],"texture":"#4","rotation":180}}},{"from":[23.08191,13.03679,6.33758],"to":[23.08191,20.03679,10.33758],"rotation":{"angle":45.0,"axis":"z","origin":[7.1967,6.46655,7.46043]},"faces":{"north":{"uv":[0.0,0.0,0.0,0.0],"texture":"#4"},"east":{"uv":[9.0,0.0,16.0,4.0],"texture":"#4","rotation":270},"south":{"uv":[0.0,0.0,0.0,0.0],"texture":"#4","rotation":180},"west":{"uv":[16.0,0.0,9.0,4.0],"texture":"#4","rotation":90},"up":{"uv":[0.0,0.0,0.0,0.0],"texture":"#4","rotation":180},"down":{"uv":[0.0,0.0,0.0,0.0],"texture":"#4"}}},{"from":[7.77297,21.32513,6.01373],"to":[7.77297,25.32513,13.01373],"rotation":{"angle":22.5,"axis":"x","origin":[7.1967,6.46655,7.46043]},"faces":{"north":{"uv":[0.0,0.0,0.0,0.0],"texture":"#4"},"east":{"uv":[0.0,0.0,7.0,4.0],"texture":"#4"},"south":{"uv":[0.0,0.0,0.0,0.0],"texture":"#4"},"west":{"uv":[7.0,0.0,0.0,4.0],"texture":"#4"},"up":{"uv":[0.0,0.0,0.0,0.0],"texture":"#4","rotation":180},"down":{"uv":[0.0,0.0,0.0,0.0],"texture":"#4","rotation":180}}}],"display":{"thirdperson_righthand":{"translation":[3.25,6.25,5.75],"rotation":[-150.39,22.89,-164.28],"scale":[0.94727,0.94727,0.94727]},"thirdperson_lefthand":{"translation":[3.25,6.25,5.75],"rotation":[-150.39,22.89,-164.28],"scale":[0.94727,0.94727,0.94727]},"firstperson_righthand":{"translation":[3.63,3.7,0.38],"rotation":[-21.02,6.83,4.09],"scale":[0.42023,0.42023,0.42023]},"firstperson_lefthand":{"translation":[3.63,3.7,0.38],"rotation":[-21.02,6.83,4.09],"scale":[0.42023,0.42023,0.42023]},"ground":{"translation":[0.25,14.0,0.25],"rotation":[-47.04,0.0,0.0],"scale":[0.49805,0.49805,0.49805]},"gui":{"translation":[0.5,0.25,0.0],"rotation":[108.87,40.96,-126.12],"scale":[0.47813,0.47813,0.47813]},"head":{"translation":[0.0,7.0,0.25],"rotation":[-1.75,90.0,0.0],"scale":[1.6,1.6,1.6]}},"credit":"Made with Blockbench","gui_light":"front"}