{"textures":{"1":"mcc:island_cosmetics/general/accessory/gold_chunk/gold_chunk"},"elements":[{"from":[4.0,0.0,4.5],"to":[12.0,3.0,11.5],"rotation":{"angle":0.0,"axis":"y","origin":[7.0,0.0,6.5]},"faces":{"north":{"uv":[4.0,0.0,8.0,1.5],"texture":"#1"},"east":{"uv":[4.0,3.0,7.5,4.5],"texture":"#1"},"south":{"uv":[4.0,1.5,8.0,3.0],"texture":"#1"},"west":{"uv":[4.0,3.0,7.5,4.5],"texture":"#1"},"up":{"uv":[4.0,3.5,0.0,0.0],"texture":"#1"},"down":{"uv":[4.0,3.5,0.0,7.0],"texture":"#1"}}},{"from":[5.0,2.0,5.5],"to":[10.0,6.0,9.5],"rotation":{"angle":22.5,"axis":"x","origin":[7.5,4.0,7.5]},"faces":{"north":{"uv":[4.0,4.5,6.5,6.5],"texture":"#1"},"east":{"uv":[0.0,7.0,2.0,9.0],"texture":"#1"},"south":{"uv":[4.0,6.5,6.5,8.5],"texture":"#1"},"west":{"uv":[2.0,7.0,4.0,9.0],"texture":"#1"},"up":{"uv":[9.0,6.5,6.5,4.5],"texture":"#1"},"down":{"uv":[9.0,6.5,6.5,8.5],"texture":"#1"}}},{"from":[9.5,2.0,7.75],"to":[12.5,5.0,10.75],"rotation":{"angle":-22.5,"axis":"z","origin":[10.0,4.0,8.5]},"faces":{"north":{"uv":[7.5,3.0,9.0,4.5],"texture":"#1"},"east":{"uv":[8.0,0.0,9.5,1.5],"texture":"#1"},"south":{"uv":[8.0,1.5,9.5,3.0],"texture":"#1"},"west":{"uv":[4.0,8.5,5.5,10.0],"texture":"#1"},"up":{"uv":[7.0,10.0,5.5,8.5],"texture":"#1"},"down":{"uv":[8.5,8.5,7.0,10.0],"texture":"#1"}}}],"display":{"thirdperson_righthand":{"translation":[-0.5,4.25,3.75],"rotation":[31.62,-8.41,-11.51],"scale":[0.7,0.7,0.7]},"thirdperson_lefthand":{"translation":[-0.5,4.25,3.75],"rotation":[31.62,-8.41,-11.51],"scale":[0.7,0.7,0.7]},"firstperson_righthand":{"translation":[-0.5,6.0,0.75],"rotation":[12.0,166.0,-6.0],"scale":[0.7,0.7,0.7]},"firstperson_lefthand":{"translation":[-0.5,6.0,0.75],"rotation":[12.0,166.0,-6.0],"scale":[0.7,0.7,0.7]},"ground":{"translation":[0.0,1.75,0.0],"scale":[0.5,0.5,0.5]},"gui":{"translation":[0.0,4.75,0.0],"rotation":[-161.0,-19.25,-180.0]},"head":{"translation":[0.0,14.0,0.0]},"fixed":{"translation":[0.0,4.5,-3.5],"rotation":[-31.75,0.0,0.0]}},"gui_light":"front"}