{"textures":{"4":"mcc:island_cosmetics/general/accessory/arm_cannon/chicken_ballistics","5":"mcc:island_cosmetics/general/accessory/arm_cannon/chicken_ballistics_anim"},"elements":[{"from":[6.0,9.0,5.0],"to":[12.0,15.0,11.0],"rotation":{"angle":0.0,"axis":"y","origin":[7.0,-10.0,0.0]},"faces":{"north":{"uv":[0.0,0.0,3.0,3.0],"texture":"#4"},"east":{"uv":[5.0,3.0,8.0,6.0],"texture":"#4"},"south":{"uv":[3.0,0.0,0.0,3.0],"texture":"#4"},"west":{"uv":[6.0,0.0,9.0,3.0],"texture":"#4"},"up":{"uv":[0.0,6.0,3.0,9.0],"texture":"#4"},"down":{"uv":[1.0,1.0,1.5,1.5],"texture":"#4"}}},{"from":[6.0,0.0,5.0],"to":[12.0,6.0,11.0],"rotation":{"angle":0.0,"axis":"y","origin":[7.0,-10.0,0.0]},"faces":{"north":{"uv":[3.0,0.0,6.0,3.0],"texture":"#4"},"east":{"uv":[6.0,0.0,3.0,3.0],"texture":"#4"},"south":{"uv":[6.0,0.0,3.0,3.0],"texture":"#4"},"west":{"uv":[6.0,0.0,3.0,3.0],"texture":"#4"},"up":{"uv":[2.5,4.0,3.0,4.5],"texture":"#4"},"down":{"uv":[2.0,3.0,5.0,6.0],"texture":"#4"}}},{"from":[6.8,4.8,5.8],"to":[11.2,9.2,10.2],"rotation":{"angle":0.0,"axis":"y","origin":[7.0,-10.0,0.0]},"faces":{"north":{"uv":[0.0,3.0,2.0,5.0],"texture":"#4"},"east":{"uv":[0.0,3.0,2.0,5.0],"texture":"#4"},"south":{"uv":[0.0,3.0,2.0,5.0],"texture":"#4"},"west":{"uv":[0.0,3.0,2.0,5.0],"texture":"#4"}}},{"from":[6.5,6.36396,4.12132],"to":[12.5,6.36396,10.12132],"rotation":{"angle":45.0,"axis":"x","origin":[9.5,12.36396,7.12132]},"faces":{"up":{"uv":[6.0,12.0,9.0,9.0],"texture":"#4","rotation":90},"down":{"uv":[6.0,9.0,9.0,12.0],"texture":"#4","rotation":270}}},{"from":[6.5,6.36396,5.87868],"to":[12.5,6.36396,11.87868],"rotation":{"angle":-45.0,"axis":"x","origin":[9.5,12.36396,8.87868]},"faces":{"up":{"uv":[9.0,12.0,6.0,9.0],"texture":"#4","rotation":90},"down":{"uv":[9.0,9.0,6.0,12.0],"texture":"#4","rotation":270}}},{"from":[0.87797,8.12061,5.0],"to":[6.87797,8.12061,11.0],"rotation":{"angle":-45.0,"axis":"z","origin":[3.87797,8.12061,8.0]},"faces":{"up":{"uv":[6.0,12.0,9.0,9.0],"texture":"#4"},"down":{"uv":[6.0,9.0,9.0,12.0],"texture":"#4"}}},{"from":[0.57797,17.42061,4.7],"to":[6.57797,17.42061,10.7],"rotation":{"angle":-45.0,"axis":"z","origin":[3.57797,17.42061,7.7]},"faces":{"up":{"uv":[6.0,6.0,9.0,9.0],"texture":"#4"},"down":{"uv":[6.0,9.0,9.0,6.0],"texture":"#4"}}},{"from":[5.7,14.78457,5.94193],"to":[11.7,14.78457,11.94193],"rotation":{"angle":45.0,"axis":"x","origin":[8.7,23.78457,8.94193]},"faces":{"up":{"uv":[6.0,9.0,9.0,6.0],"texture":"#4","rotation":90},"down":{"uv":[6.0,6.0,9.0,9.0],"texture":"#4","rotation":270}}},{"from":[5.7,14.78457,4.05807],"to":[11.7,14.78457,10.05807],"rotation":{"angle":-45.0,"axis":"x","origin":[8.7,23.78457,7.05807]},"faces":{"up":{"uv":[9.0,9.0,6.0,6.0],"texture":"#4","rotation":90},"down":{"uv":[9.0,6.0,6.0,9.0],"texture":"#4","rotation":270}}},{"from":[7.5,-5.0,6.5],"to":[10.5,-2.0,9.5],"rotation":{"angle":0.0,"axis":"y","origin":[7.5,-7.0,1.0]},"faces":{"north":{"uv":[4.0,6.0,7.0,9.0],"texture":"#5","rotation":180},"east":{"uv":[4.0,6.0,7.0,9.0],"texture":"#5","rotation":180},"south":{"uv":[4.0,6.0,7.0,9.0],"texture":"#5","rotation":180},"west":{"uv":[4.0,6.0,7.0,9.0],"texture":"#5","rotation":180},"up":{"uv":[4.0,9.0,7.0,12.0],"texture":"#5","rotation":180},"down":{"uv":[4.0,9.0,7.0,12.0],"texture":"#5","rotation":180}}},{"from":[11.0,0.5,10.0],"to":[7.0,-5.5,6.0],"rotation":{"angle":0.0,"axis":"y","origin":[7.5,-7.0,1.0]},"faces":{"north":{"uv":[4.0,0.0,8.0,6.0],"texture":"#5","rotation":180},"east":{"uv":[4.0,0.0,8.0,6.0],"texture":"#5","rotation":180},"south":{"uv":[4.0,0.0,8.0,6.0],"texture":"#5","rotation":180},"west":{"uv":[4.0,0.0,8.0,6.0],"texture":"#5","rotation":180},"up":{"uv":[6.0,5.0,7.0,6.0],"texture":"#5","rotation":180}}},{"from":[7.5,-8.0,6.5],"to":[10.5,-5.0,9.5],"rotation":{"angle":0.0,"axis":"y","origin":[7.5,-7.0,1.0]},"faces":{"north":{"uv":[8.0,6.0,11.0,9.0],"texture":"#5","rotation":180},"east":{"uv":[8.0,6.0,11.0,9.0],"texture":"#5","rotation":180},"south":{"uv":[8.0,6.0,11.0,9.0],"texture":"#5","rotation":180},"west":{"uv":[8.0,6.0,11.0,9.0],"texture":"#5","rotation":180},"up":{"uv":[8.0,9.0,11.0,12.0],"texture":"#5","rotation":180},"down":{"uv":[8.0,9.0,11.0,12.0],"texture":"#5","rotation":180}}},{"from":[11.0,-2.5,10.0],"to":[7.0,-8.5,6.0],"rotation":{"angle":0.0,"axis":"y","origin":[7.5,-7.0,1.0]},"faces":{"north":{"uv":[8.0,0.0,12.0,6.0],"texture":"#5","rotation":180},"east":{"uv":[8.0,0.0,12.0,6.0],"texture":"#5","rotation":180},"south":{"uv":[8.0,0.0,12.0,6.0],"texture":"#5","rotation":180},"west":{"uv":[8.0,0.0,12.0,6.0],"texture":"#5","rotation":180},"up":{"uv":[9.0,5.0,10.0,6.0],"texture":"#5","rotation":90}}},{"from":[7.5,-11.0,6.5],"to":[10.5,-8.0,9.5],"rotation":{"angle":0.0,"axis":"y","origin":[7.5,-7.0,1.0]},"faces":{"north":{"uv":[12.0,6.0,15.0,9.0],"texture":"#5","rotation":180},"east":{"uv":[12.0,6.0,15.0,9.0],"texture":"#5","rotation":180},"south":{"uv":[12.0,6.0,15.0,9.0],"texture":"#5","rotation":180},"west":{"uv":[12.0,6.0,15.0,9.0],"texture":"#5","rotation":180},"up":{"uv":[12.0,9.0,15.0,12.0],"texture":"#5","rotation":180},"down":{"uv":[12.0,9.0,15.0,12.0],"texture":"#5","rotation":180}}},{"from":[11.0,-5.5,10.0],"to":[7.0,-11.5,6.0],"rotation":{"angle":0.0,"axis":"y","origin":[7.5,-7.0,1.0]},"faces":{"north":{"uv":[12.0,0.0,16.0,6.0],"texture":"#5","rotation":180},"east":{"uv":[12.0,0.0,16.0,6.0],"texture":"#5","rotation":180},"south":{"uv":[12.0,0.0,16.0,6.0],"texture":"#5","rotation":180},"west":{"uv":[12.0,0.0,16.0,6.0],"texture":"#5","rotation":180},"up":{"uv":[14.0,5.0,15.0,6.0],"texture":"#5","rotation":180}}},{"from":[7.5,-2.0,6.5],"to":[10.5,1.0,9.5],"rotation":{"angle":0.0,"axis":"y","origin":[7.5,-7.0,1.0]},"faces":{"north":{"uv":[0.0,6.0,3.0,9.0],"texture":"#5","rotation":180},"east":{"uv":[0.0,6.0,3.0,9.0],"texture":"#5","rotation":180},"south":{"uv":[0.0,6.0,3.0,9.0],"texture":"#5","rotation":180},"west":{"uv":[0.0,6.0,3.0,9.0],"texture":"#5","rotation":180},"up":{"uv":[0.0,9.0,3.0,12.0],"texture":"#5","rotation":180},"down":{"uv":[0.0,9.0,3.0,12.0],"texture":"#5","rotation":180}}},{"from":[11.0,3.5,10.0],"to":[7.0,-2.5,6.0],"rotation":{"angle":0.0,"axis":"y","origin":[7.5,-7.0,1.0]},"faces":{"north":{"uv":[0.0,0.0,4.0,6.0],"texture":"#5","rotation":180},"east":{"uv":[0.0,0.0,4.0,6.0],"texture":"#5","rotation":180},"south":{"uv":[0.0,0.0,4.0,6.0],"texture":"#5","rotation":180},"west":{"uv":[0.0,0.0,4.0,6.0],"texture":"#5","rotation":180},"up":{"uv":[2.0,5.0,3.0,6.0],"texture":"#5","rotation":180}}},{"from":[5.8,3.8,4.8],"to":[12.2,6.2,11.2],"rotation":{"angle":0.0,"axis":"y","origin":[7.0,-10.0,0.0]},"faces":{"north":{"uv":[3.0,0.0,6.0,1.0],"texture":"#4"},"east":{"uv":[6.0,0.0,3.0,1.0],"texture":"#4"},"south":{"uv":[6.0,0.0,3.0,1.0],"texture":"#4"},"west":{"uv":[6.0,0.0,3.0,1.0],"texture":"#4"},"up":{"uv":[12.0,5.0,12.5,5.5],"texture":"#4"}}},{"from":[5.67,-1.44,4.67],"to":[12.33,5.22,11.33],"rotation":{"angle":0.0,"axis":"y","origin":[7.55,-11.43,-0.88]},"faces":{"north":{"uv":[12.5,3.0,15.5,6.0],"texture":"#4"},"east":{"uv":[15.5,3.0,12.5,6.0],"texture":"#4"},"south":{"uv":[15.5,3.0,12.5,6.0],"texture":"#4"},"west":{"uv":[15.5,3.0,12.5,6.0],"texture":"#4"},"up":{"uv":[12.0,7.0,12.5,7.5],"texture":"#4"},"down":{"uv":[11.5,6.0,14.5,9.0],"texture":"#4"}}},{"from":[5.448,2.778,4.448],"to":[12.552,5.442,11.552],"rotation":{"angle":0.0,"axis":"y","origin":[7.55,-11.43,-0.88]},"faces":{"north":{"uv":[12.5,3.0,15.5,4.0],"texture":"#4"},"east":{"uv":[15.5,3.0,12.5,4.0],"texture":"#4"},"south":{"uv":[15.5,3.0,12.5,4.0],"texture":"#4"},"west":{"uv":[15.5,3.0,12.5,4.0],"texture":"#4"},"up":{"uv":[12.0,5.5,12.5,6.0],"texture":"#4"}}},{"from":[6.49433,5.56125,5.81504],"to":[12.67433,5.56125,11.99504],"rotation":{"angle":-45.0,"axis":"x","origin":[9.58433,11.74125,8.90504]},"faces":{"up":{"uv":[6.0,12.0,3.0,9.0],"texture":"#4","rotation":90},"down":{"uv":[6.0,9.0,3.0,12.0],"texture":"#4","rotation":270}}},{"from":[0.70364,7.3706,4.91],"to":[6.88364,7.3706,11.09],"rotation":{"angle":-45.0,"axis":"z","origin":[3.79364,7.3706,8.0]},"faces":{"up":{"uv":[3.0,12.0,6.0,9.0],"texture":"#4"},"down":{"uv":[3.0,9.0,6.0,12.0],"texture":"#4"}}},{"from":[6.49433,5.56125,4.00496],"to":[12.67433,5.56125,10.18496],"rotation":{"angle":45.0,"axis":"x","origin":[9.58433,11.74125,7.09496]},"faces":{"up":{"uv":[3.0,12.0,6.0,9.0],"texture":"#4","rotation":90},"down":{"uv":[3.0,9.0,6.0,12.0],"texture":"#4","rotation":270}}},{"from":[5.7,9.7,4.7],"to":[12.3,15.3,11.3],"rotation":{"angle":0.0,"axis":"y","origin":[7.0,-10.0,0.0]},"faces":{"north":{"uv":[3.0,6.0,6.0,8.5],"texture":"#4"},"east":{"uv":[6.0,6.0,3.0,8.5],"texture":"#4"},"south":{"uv":[3.0,6.0,6.0,8.5],"texture":"#4"},"west":{"uv":[6.0,6.0,3.0,8.5],"texture":"#4"},"up":{"uv":[8.0,3.0,11.0,6.0],"texture":"#4"}}}],"display":{"thirdperson_righthand":{"translation":[1.25,-1.75,6.25],"rotation":[-90.0,0.0,180.0],"scale":[1.03906,1.03906,1.03906]},"thirdperson_lefthand":{"translation":[1.25,-1.75,5.75],"rotation":[90.0,0.0,0.0],"scale":[1.05469,1.05469,1.05469]},"firstperson_righthand":{"translation":[3.63,1.95,-0.12],"rotation":[99.27,-74.87,-31.47],"scale":[0.4632,0.4632,0.4632]},"firstperson_lefthand":{"translation":[3.63,1.95,-0.12],"rotation":[-88.87,80.36,-143.54],"scale":[0.4632,0.4632,0.4632]},"ground":{"translation":[-0.75,16.75,0.0],"rotation":[0.0,0.0,45.0],"scale":[0.78516,0.78516,0.78516]},"gui":{"translation":[0.75,0.0,0.0],"rotation":[116.45,33.89,-130.32],"scale":[0.67538,0.67538,0.67538]},"head":{"translation":[0.0,6.25,0.0],"rotation":[1.75,0.0,0.0],"scale":[1.61172,1.61172,1.61172]}},"credit":"Made with Blockbench","gui_light":"front"}