{"textures":{"1":"mcc:island_cosmetics/general/accessory/katana/katana"},"elements":[{"from":[7.0,-4.0,7.0],"to":[9.0,5.0,9.0],"rotation":{"angle":0.0,"axis":"y","origin":[8.0,-0.5,8.0]},"faces":{"north":{"uv":[1.0,1.5,2.0,6.0],"texture":"#1"},"east":{"uv":[1.0,1.5,2.0,6.0],"texture":"#1"},"south":{"uv":[1.0,1.5,2.0,6.0],"texture":"#1"},"west":{"uv":[1.0,1.5,2.0,6.0],"texture":"#1"},"down":{"uv":[0.0,2.5,1.0,3.5],"texture":"#1"}}},{"from":[7.0,-4.0,7.0],"to":[9.0,5.0,9.0],"rotation":{"angle":0.0,"axis":"y","origin":[8.0,-0.5,8.0]},"faces":{"north":{"uv":[2.0,1.5,3.0,6.0],"texture":"#1","tintindex":0},"east":{"uv":[2.0,1.5,3.0,6.0],"texture":"#1","tintindex":0},"south":{"uv":[2.0,1.5,3.0,6.0],"texture":"#1","tintindex":0},"west":{"uv":[2.0,1.5,3.0,6.0],"texture":"#1","tintindex":0}}},{"from":[4.0,5.0,6.0],"to":[12.0,5.0,10.0],"rotation":{"angle":0.0,"axis":"y","origin":[8.0,-0.5,8.0]},"faces":{"up":{"uv":[5.5,0.0,9.5,2.0],"texture":"#1"},"down":{"uv":[5.5,0.0,9.5,2.0],"texture":"#1"}}},{"from":[5.5,5.0,8.0],"to":[10.5,31.0,8.0],"rotation":{"angle":0.0,"axis":"y","origin":[8.0,-0.5,8.0]},"faces":{"north":{"uv":[5.5,0.0,3.0,13.0],"texture":"#1"},"south":{"uv":[3.0,0.0,5.5,13.0],"texture":"#1"}}}],"display":{"thirdperson_righthand":{"translation":[1.75,3.5,4.5],"rotation":[63.6,67.12,-41.08],"scale":[0.93398,0.93398,0.93398]},"thirdperson_lefthand":{"translation":[1.25,4.75,3.0],"rotation":[-127.2,-77.79,-136.5],"scale":[0.93398,0.93398,0.93398]},"firstperson_righthand":{"translation":[13.5,-1.5,-7.25],"rotation":[170.36,80.76,-179.66],"scale":[0.67187,0.67187,0.67187]},"firstperson_lefthand":{"translation":[13.5,-1.5,-7.25],"rotation":[33.91,-76.66,38.79],"scale":[0.67187,0.67187,0.67187]},"ground":{"translation":[0.0,4.25,0.0],"scale":[0.43945,0.43945,0.43945]},"gui":{"translation":[-1.75,-1.75,0.0],"rotation":[24.84,33.25,-56.21],"scale":[0.54065,0.54065,0.54065]},"head":{"translation":[0.0,4.25,0.0],"rotation":[0.0,3.25,0.0],"scale":[1.6,1.6,1.6]}},"credit":"Made with Blockbench","gui_light":"front"}