{"textures":{"0":"mcc:island_cosmetics/general/accessory/knight_shield/goldshire","particle":"mcc:island_cosmetics/general/accessory/knight_shield/goldshire"},"elements":[{"from":[-0.32122,3.75,8.0],"to":[10.67878,20.75,10.0],"rotation":{"angle":-22.5,"axis":"y","origin":[10.67878,9.25,3.0]},"faces":{"north":{"uv":[7.33333,0.0,11.0,5.66667],"texture":"#0"},"south":{"uv":[7.33333,0.0,3.66667,5.66667],"texture":"#0"},"west":{"uv":[10.66667,0.0,11.0,5.66667],"texture":"#0"},"up":{"uv":[11.0,0.0,7.33333,0.33333],"texture":"#0"},"down":{"uv":[11.0,5.33333,7.33333,5.66667],"texture":"#0"}}},{"from":[-0.32122,-2.25,10.0],"to":[10.67878,3.75,10.0],"rotation":{"angle":-22.5,"axis":"y","origin":[10.67878,8.25,3.0]},"faces":{"north":{"uv":[7.33333,5.66667,11.0,7.66667],"texture":"#0"},"south":{"uv":[7.33333,5.66667,3.66667,7.66667],"texture":"#0"}}},{"from":[5.32122,-2.25,10.0],"to":[16.32122,3.75,10.0],"rotation":{"angle":22.5,"axis":"y","origin":[5.32122,8.25,3.0]},"faces":{"north":{"uv":[11.0,5.66667,7.33333,7.66667],"texture":"#0"},"south":{"uv":[0.0,5.66667,3.66667,7.66667],"texture":"#0"}}},{"from":[5.32122,3.75,8.0],"to":[16.32122,20.75,10.0],"rotation":{"angle":22.5,"axis":"y","origin":[5.32122,9.25,3.0]},"faces":{"north":{"uv":[11.0,0.0,7.33333,5.66667],"texture":"#0"},"east":{"uv":[10.66667,0.0,11.0,5.66667],"texture":"#0"},"south":{"uv":[0.0,0.0,3.66667,5.66667],"texture":"#0"},"up":{"uv":[7.33333,0.0,11.0,0.33333],"texture":"#0"},"down":{"uv":[7.33333,5.33333,11.0,5.66667],"texture":"#0"}}},{"from":[0.67878,8.75,10.0],"to":[10.67878,19.75,10.0],"rotation":{"angle":-22.5,"axis":"y","origin":[10.67878,9.25,3.0]},"faces":{"south":{"uv":[7.0,7.66667,3.66667,11.33334],"texture":"#0","tintindex":0},"west":{"uv":[10.66667,0.0,11.0,5.66667],"texture":"#0"},"up":{"uv":[11.0,0.0,7.33333,0.33333],"texture":"#0"},"down":{"uv":[11.0,5.33333,7.33333,5.66667],"texture":"#0"}}},{"from":[5.32122,3.75,10.0],"to":[16.32122,8.75,10.0],"rotation":{"angle":22.5,"axis":"y","origin":[5.32122,9.25,3.0]},"faces":{"east":{"uv":[10.66667,0.0,11.0,5.66667],"texture":"#0"},"south":{"uv":[0.0,7.66667,3.66667,9.33333],"texture":"#0","tintindex":0},"up":{"uv":[7.33333,0.0,11.0,0.33333],"texture":"#0"},"down":{"uv":[7.33333,5.33333,11.0,5.66667],"texture":"#0"}}},{"from":[5.32122,-2.25,10.0],"to":[16.32122,3.75,10.0],"rotation":{"angle":22.5,"axis":"y","origin":[5.32122,8.25,3.0]},"faces":{"south":{"uv":[0.0,9.66667,3.66667,11.66667],"texture":"#0","tintindex":0}}},{"from":[4.5,9.0,0.0],"to":[11.5,12.0,7.0],"rotation":{"angle":0.0,"axis":"y","origin":[0.5,0.0,0.0]},"faces":{"north":{"uv":[7.33333,8.0,9.66667,9.0],"texture":"#0"},"east":{"uv":[9.66667,9.0,7.33333,10.0],"texture":"#0"},"west":{"uv":[7.33333,10.0,9.66667,9.0],"texture":"#0"}}},{"from":[11.5,12.0,7.0],"to":[4.5,9.0,0.0],"rotation":{"angle":0.0,"axis":"y","origin":[0.5,0.0,0.0]},"faces":{"east":{"uv":[7.33333,9.0,9.66667,10.0],"texture":"#0"},"south":{"uv":[7.33333,9.0,9.66667,8.0],"texture":"#0"},"west":{"uv":[9.66667,10.0,7.33333,9.0],"texture":"#0"}}}],"display":{"thirdperson_righthand":{"translation":[4.0,-2.0,1.0],"rotation":[90.0,90.0,0.0],"scale":[0.83828,0.83828,0.83828]},"thirdperson_lefthand":{"translation":[4.0,-2.0,1.0],"rotation":[90.0,90.0,0.0],"scale":[0.83828,0.83828,0.83828]},"firstperson_righthand":{"translation":[2.38,2.45,2.13],"rotation":[-161.51,71.07,173.93],"scale":[0.33039,0.33039,0.33039]},"firstperson_lefthand":{"translation":[2.38,2.45,2.13],"rotation":[-161.51,71.07,173.93],"scale":[0.33039,0.33039,0.33039]},"ground":{"translation":[0.0,4.25,0.0],"scale":[0.43945,0.43945,0.43945]},"gui":{"translation":[0.75,-1.25,0.0],"rotation":[19.91,24.71,4.29],"scale":[0.57773,0.57773,0.57773]}},"credit":"Made with Blockbench","gui_light":"front"}