{"textures":{"0":"mcc:island_cosmetics/faction/hat/features/head_faction_features","particle":"mcc:island_cosmetics/faction/hat/features/head_faction_features"},"elements":[{"from":[9.5,7.74,7.0],"to":[12.5,12.74,9.0],"rotation":{"angle":-22.5,"axis":"y","origin":[11.0,10.24,8.0]},"faces":{"north":{"uv":[0.0,0.0,0.375,0.625],"texture":"#0"},"east":{"uv":[0.0,0.625,0.25,1.25],"texture":"#0"},"south":{"uv":[0.25,0.875,0.625,1.5],"texture":"#0"},"west":{"uv":[0.25,1.25,0.0,1.875],"texture":"#0"},"up":{"uv":[0.625,0.875,1.0,1.125],"texture":"#0"},"down":{"uv":[1.0,0.875,1.375,1.125],"texture":"#0"}}},{"from":[3.5,7.74,7.0],"to":[6.5,12.74,9.0],"rotation":{"angle":22.5,"axis":"y","origin":[5.0,10.24,8.0]},"faces":{"north":{"uv":[0.375,0.0,0.0,0.625],"texture":"#0"},"east":{"uv":[0.0,1.25,0.25,1.875],"texture":"#0"},"south":{"uv":[0.625,0.875,0.25,1.5],"texture":"#0"},"west":{"uv":[0.25,0.625,0.0,1.25],"texture":"#0"},"up":{"uv":[1.0,0.875,0.625,1.125],"texture":"#0"},"down":{"uv":[1.375,0.875,1.0,1.125],"texture":"#0"}}},{"from":[9.0,10.74,7.0],"to":[13.0,20.74,7.0],"rotation":{"angle":-22.5,"axis":"x","origin":[8.5,15.24,8.0]},"faces":{"north":{"uv":[0.0,1.875,0.5,3.125],"texture":"#0"},"south":{"uv":[1.125,1.875,0.625,3.125],"texture":"#0"}}},{"from":[3.0,10.32882,5.63288],"to":[7.0,20.32882,5.63288],"rotation":{"angle":-45.0,"axis":"x","origin":[4.5,15.32882,6.90788]},"faces":{"north":{"uv":[0.5,1.875,0.0,3.125],"texture":"#0"},"south":{"uv":[0.625,1.875,1.125,3.125],"texture":"#0"}}}],"display":{"thirdperson_righthand":{"rotation":[64.25,0.0,0.0],"scale":[0.44336,0.44336,0.44336]},"thirdperson_lefthand":{"rotation":[64.25,0.0,0.0],"scale":[0.44336,0.44336,0.44336]},"firstperson_righthand":{"scale":[0.0,0.0,0.0]},"firstperson_lefthand":{"scale":[0.0,0.0,0.0]},"ground":{"translation":[0.0,4.25,0.0],"scale":[0.43945,0.43945,0.43945]},"gui":{"translation":[-1.0,-5.75,0.0],"rotation":[-163.61,-31.92,-180.0],"scale":[1.23437,1.23437,1.23437]},"head":{"translation":[0.0,4.0,0.0],"rotation":[-8.0,0.0,0.0],"scale":[1.6,1.6,1.6]}},"credit":"Made with Blockbench","gui_light":"front"}