{"textures":{"2":"mcc:island_cosmetics/general/accessory/cloud_fist/cloud_fist_anim","3":"mcc:island_cosmetics/general/accessory/cloud_fist/cloud_fist","4":"mcc:island_cosmetics/general/accessory/cloud_fist/heavens","particle":"mcc:island_cosmetics/general/accessory/cloud_fist/cloud_fist_anim"},"elements":[{"from":[5.0,4.0,5.0],"to":[11.0,22.0,11.0],"rotation":{"angle":0.0,"axis":"y","origin":[10.0,17.0,7.875]},"faces":{"north":{"uv":[9.5,3.5,6.5,12.5],"texture":"#2"},"east":{"uv":[10.0,3.5,13.0,12.5],"texture":"#2"},"south":{"uv":[9.5,3.5,6.5,12.5],"texture":"#2"},"west":{"uv":[10.0,3.5,13.0,12.5],"texture":"#2"},"down":{"uv":[6.0,5.5,3.0,8.5],"texture":"#3"}}},{"from":[7.0,2.0,4.0],"to":[13.0,8.0,10.0],"rotation":{"angle":0.0,"axis":"y","origin":[10.0,17.0,7.875]},"faces":{"north":{"uv":[2.5,8.5,5.5,11.5],"texture":"#3"},"east":{"uv":[2.5,8.5,5.5,11.5],"texture":"#3"},"south":{"uv":[2.5,8.5,5.5,11.5],"texture":"#3"},"west":{"uv":[2.5,8.5,5.5,11.5],"texture":"#3"},"up":{"uv":[3.0,0.0,6.0,3.0],"texture":"#3"},"down":{"uv":[0.0,0.0,3.0,3.0],"texture":"#3"}}},{"from":[4.0,0.0,7.0],"to":[9.0,5.0,12.0],"rotation":{"angle":0.0,"axis":"y","origin":[10.0,17.0,7.875]},"faces":{"north":{"uv":[0.0,9.0,2.5,11.5],"texture":"#3"},"east":{"uv":[0.0,9.0,2.5,11.5],"texture":"#3"},"south":{"uv":[0.0,9.0,2.5,11.5],"texture":"#3"},"west":{"uv":[0.0,9.0,2.5,11.5],"texture":"#3"},"up":{"uv":[0.5,5.0,3.0,7.5],"texture":"#3"},"down":{"uv":[3.5,3.0,6.0,5.5],"texture":"#3"}}},{"from":[3.0,6.0,9.0],"to":[7.0,10.0,13.0],"rotation":{"angle":0.0,"axis":"y","origin":[10.0,17.0,7.875]},"faces":{"north":{"uv":[6.0,2.0,8.0,4.0],"texture":"#3"},"east":{"uv":[6.0,2.0,8.0,4.0],"texture":"#3"},"south":{"uv":[6.0,2.0,8.0,4.0],"texture":"#3"},"west":{"uv":[6.0,2.0,8.0,4.0],"texture":"#3"},"up":{"uv":[6.0,0.0,8.0,2.0],"texture":"#3"},"down":{"uv":[1.5,3.0,3.5,5.0],"texture":"#3"}}},{"from":[11.0,22.0,11.0],"to":[5.0,4.0,5.0],"rotation":{"angle":0.0,"axis":"y","origin":[10.0,17.0,7.875]},"faces":{"north":{"uv":[9.5,12.5,6.5,3.5],"texture":"#2"},"east":{"uv":[10.0,12.5,13.0,3.5],"texture":"#2"},"south":{"uv":[9.5,12.5,6.5,3.5],"texture":"#2"},"west":{"uv":[10.0,12.5,13.0,3.5],"texture":"#2"},"up":{"uv":[3.0,5.5,6.0,8.5],"texture":"#3"}}},{"from":[6.95,10.225,13.15],"to":[2.55,5.825,8.75],"rotation":{"angle":0.0,"axis":"y","origin":[21.5,5.25,9.0]},"faces":{"north":{"uv":[7.0,0.0,8.0,1.0],"texture":"#4"},"east":{"uv":[7.0,0.0,8.0,1.0],"texture":"#4"},"south":{"uv":[7.0,0.0,8.0,1.0],"texture":"#4"},"west":{"uv":[7.0,0.0,8.0,1.0],"texture":"#4"},"up":{"uv":[7.0,0.0,8.0,1.0],"texture":"#4"},"down":{"uv":[7.0,0.0,8.0,1.0],"texture":"#4"}}},{"from":[9.15,5.225,12.3],"to":[3.65,-0.275,6.8],"rotation":{"angle":0.0,"axis":"y","origin":[21.5,5.25,9.0]},"faces":{"north":{"uv":[5.0,0.0,6.0,1.0],"texture":"#4"},"east":{"uv":[5.0,0.0,6.0,1.0],"texture":"#4"},"south":{"uv":[5.0,0.0,6.0,1.0],"texture":"#4"},"west":{"uv":[5.0,0.0,6.0,1.0],"texture":"#4"},"up":{"uv":[5.0,0.0,6.0,1.0],"texture":"#4"},"down":{"uv":[5.0,0.0,6.0,1.0],"texture":"#4"}}},{"from":[13.55,8.275,10.1],"to":[6.95,1.675,3.5],"rotation":{"angle":0.0,"axis":"y","origin":[21.5,5.25,9.0]},"faces":{"north":{"uv":[3.0,0.0,4.0,1.0],"texture":"#4"},"east":{"uv":[3.0,0.0,4.0,1.0],"texture":"#4"},"south":{"uv":[3.0,0.0,4.0,1.0],"texture":"#4"},"west":{"uv":[3.0,0.0,4.0,1.0],"texture":"#4"},"up":{"uv":[3.0,0.0,4.0,1.0],"texture":"#4"},"down":{"uv":[3.0,0.0,4.0,1.0],"texture":"#4"}}},{"from":[13.93898,-4.62587,6.1],"to":[16.93898,4.37413,6.1],"rotation":{"angle":45.0,"axis":"z","origin":[13.43898,-0.12587,6.1]},"faces":{"north":{"uv":[3.0,0.0,4.0,8.0],"texture":"#4"},"east":{"uv":[3.0,0.0,4.0,1.0],"texture":"#4"},"south":{"uv":[3.0,0.0,4.0,8.0],"texture":"#4"},"west":{"uv":[3.0,0.0,4.0,1.0],"texture":"#4"},"up":{"uv":[3.0,0.0,4.0,1.0],"texture":"#4"},"down":{"uv":[3.0,0.0,4.0,1.0],"texture":"#4"}}},{"from":[5.3532,-10.21166,10.1],"to":[8.3532,-1.21166,10.1],"rotation":{"angle":-22.5,"axis":"z","origin":[14.8532,1.28834,6.1]},"faces":{"north":{"uv":[5.0,0.0,6.0,8.0],"texture":"#4"},"east":{"uv":[3.0,0.0,4.0,1.0],"texture":"#4"},"south":{"uv":[5.0,0.0,6.0,8.0],"texture":"#4"},"west":{"uv":[3.0,0.0,4.0,1.0],"texture":"#4"},"up":{"uv":[3.0,0.0,4.0,1.0],"texture":"#4"},"down":{"uv":[3.0,0.0,4.0,1.0],"texture":"#4"}}},{"from":[-3.71662,-4.61735,12.1],"to":[-0.71662,4.38265,12.1],"rotation":{"angle":-45.0,"axis":"z","origin":[4.78338,-2.11735,10.1]},"faces":{"north":{"uv":[7.0,0.0,8.0,8.0],"texture":"#4"},"east":{"uv":[3.0,0.0,4.0,1.0],"texture":"#4"},"south":{"uv":[7.0,0.0,8.0,8.0],"texture":"#4"},"west":{"uv":[3.0,0.0,4.0,1.0],"texture":"#4"},"up":{"uv":[3.0,0.0,4.0,1.0],"texture":"#4"},"down":{"uv":[3.0,0.0,4.0,1.0],"texture":"#4"}}}],"display":{"thirdperson_righthand":{"translation":[0.0,-2.0,1.5],"rotation":[90.0,0.0,0.0],"scale":[0.86954,0.86954,0.86954]},"thirdperson_lefthand":{"translation":[0.0,-2.0,1.5],"rotation":[90.0,0.0,0.0],"scale":[0.86954,0.86954,0.86954]},"firstperson_righthand":{"translation":[9.0,-1.0,-6.0],"rotation":[-75.81,-12.97,-174.59],"scale":[0.63282,0.63282,0.63282]},"firstperson_lefthand":{"translation":[9.0,-1.0,-6.0],"rotation":[154.27,79.81,-34.07],"scale":[0.63282,0.63282,0.63282]},"ground":{"translation":[0.0,4.25,0.0],"scale":[0.43945,0.43945,0.43945]},"gui":{"translation":[-1.0,-1.25,0.0],"rotation":[-40.17,-6.1,-38.75],"scale":[0.6715,0.6715,0.6715]},"head":{"translation":[0.0,4.25,0.0],"rotation":[0.0,3.25,0.0],"scale":[1.6,1.6,1.6]}},"credit":"Made with Blockbench","ambientocclusion":false,"gui_light":"front"}