{"textures":{"1":"mcc:island_cosmetics/general/accessory/coral_trident/coral_trident"},"elements":[{"from":[7.0,14.0,7.0],"to":[9.0,18.0,9.0],"rotation":{"angle":45.0,"axis":"y","origin":[8.0,16.0,8.0]},"faces":{"north":{"uv":[2.0,6.25,2.5,7.25],"texture":"#1"},"east":{"uv":[2.75,6.25,3.25,7.25],"texture":"#1"},"south":{"uv":[3.5,6.25,4.0,7.25],"texture":"#1"},"west":{"uv":[6.75,0.0,7.25,1.0],"texture":"#1"},"up":{"uv":[7.25,1.75,6.75,1.25],"texture":"#1"},"down":{"uv":[7.25,2.0,6.75,2.5],"texture":"#1"}}},{"from":[7.0,19.0,7.0],"to":[9.0,21.0,9.0],"rotation":{"angle":0.0,"axis":"y","origin":[7.0,4.0,7.0]},"faces":{"north":{"uv":[7.25,7.25,7.75,7.75],"texture":"#1"},"east":{"uv":[7.5,0.0,8.0,0.5],"texture":"#1"},"south":{"uv":[7.5,0.75,8.0,1.25],"texture":"#1"},"west":{"uv":[7.5,1.5,8.0,2.0],"texture":"#1"},"up":{"uv":[2.5,8.0,2.0,7.5],"texture":"#1"},"down":{"uv":[3.25,7.5,2.75,8.0],"texture":"#1"}}},{"from":[7.5,0.0,7.5],"to":[8.5,25.0,8.5],"rotation":{"angle":0.0,"axis":"y","origin":[7.0,4.0,7.0]},"faces":{"north":{"uv":[0.0,6.25,0.25,12.5],"texture":"#1"},"east":{"uv":[0.5,6.25,0.75,12.5],"texture":"#1"},"south":{"uv":[1.0,6.25,1.25,12.5],"texture":"#1"},"west":{"uv":[1.5,6.25,1.75,12.5],"texture":"#1"},"up":{"uv":[8.75,6.75,8.5,6.5],"texture":"#1"},"down":{"uv":[8.75,8.0,8.5,8.25],"texture":"#1"}}},{"from":[7.5,19.0,4.5],"to":[8.5,23.0,5.5],"rotation":{"angle":0.0,"axis":"y","origin":[7.0,4.0,7.0]},"faces":{"north":{"uv":[3.5,7.5,3.75,8.5],"texture":"#1"},"east":{"uv":[4.0,7.5,4.25,8.5],"texture":"#1"},"south":{"uv":[6.75,7.75,7.0,8.75],"texture":"#1"},"west":{"uv":[8.0,2.25,8.25,3.25],"texture":"#1"},"up":{"uv":[8.75,8.75,8.5,8.5],"texture":"#1"},"down":{"uv":[3.5,8.75,3.25,9.0],"texture":"#1"}}},{"from":[7.525,16.0,7.5],"to":[8.475,20.0,8.5],"rotation":{"angle":-45.0,"axis":"x","origin":[8.0,16.5,8.0]},"faces":{"north":{"uv":[6.75,2.75,7.0,3.75],"texture":"#1"},"east":{"uv":[6.75,4.0,7.0,5.0],"texture":"#1"},"south":{"uv":[6.75,5.25,7.0,6.25],"texture":"#1"},"west":{"uv":[6.75,6.5,7.0,7.5],"texture":"#1"},"up":{"uv":[7.75,2.5,7.5,2.25],"texture":"#1"},"down":{"uv":[8.75,6.0,8.5,6.25],"texture":"#1"}}},{"from":[7.0,17.97487,4.52513],"to":[9.0,19.97487,6.52513],"rotation":{"angle":-22.5,"axis":"x","origin":[8.0,18.97487,5.52513]},"faces":{"north":{"uv":[7.25,2.75,7.75,3.25],"texture":"#1"},"east":{"uv":[7.25,3.5,7.75,4.0],"texture":"#1"},"south":{"uv":[7.25,4.25,7.75,4.75],"texture":"#1"},"west":{"uv":[7.25,5.0,7.75,5.5],"texture":"#1"},"up":{"uv":[7.75,6.25,7.25,5.75],"texture":"#1"},"down":{"uv":[7.75,6.5,7.25,7.0],"texture":"#1"}}},{"from":[7.5,19.0,10.5],"to":[8.5,23.0,11.5],"rotation":{"angle":0.0,"axis":"y","origin":[7.0,4.0,9.0]},"faces":{"north":{"uv":[2.75,8.25,3.0,9.25],"texture":"#1"},"east":{"uv":[8.5,2.25,8.75,3.25],"texture":"#1"},"south":{"uv":[8.5,3.5,8.75,4.5],"texture":"#1"},"west":{"uv":[8.5,4.75,8.75,5.75],"texture":"#1"},"up":{"uv":[9.0,7.75,8.75,7.5],"texture":"#1"},"down":{"uv":[8.0,8.75,7.75,9.0],"texture":"#1"}}},{"from":[7.0,17.97487,9.47487],"to":[9.0,19.97487,11.47487],"rotation":{"angle":22.5,"axis":"x","origin":[8.0,18.97487,10.47487]},"faces":{"north":{"uv":[8.0,7.25,8.5,7.75],"texture":"#1"},"east":{"uv":[7.75,8.0,8.25,8.5],"texture":"#1"},"south":{"uv":[8.25,0.0,8.75,0.5],"texture":"#1"},"west":{"uv":[8.25,0.75,8.75,1.25],"texture":"#1"},"up":{"uv":[8.75,2.0,8.25,1.5],"texture":"#1"},"down":{"uv":[2.5,8.25,2.0,8.75],"texture":"#1"}}},{"from":[7.525,16.0,7.5],"to":[8.475,20.0,8.5],"rotation":{"angle":45.0,"axis":"x","origin":[8.0,16.5,8.0]},"faces":{"north":{"uv":[8.0,3.5,8.25,4.5],"texture":"#1"},"east":{"uv":[8.0,4.75,8.25,5.75],"texture":"#1"},"south":{"uv":[8.0,6.0,8.25,7.0],"texture":"#1"},"west":{"uv":[7.25,8.0,7.5,9.0],"texture":"#1"},"up":{"uv":[4.0,9.0,3.75,8.75],"texture":"#1"},"down":{"uv":[9.0,7.0,8.75,7.25],"texture":"#1"}}},{"from":[8.0,-5.0,4.0],"to":[8.0,19.0,12.0],"rotation":{"angle":0.0,"axis":"y","origin":[7.0,11.0,7.0]},"faces":{"north":{"uv":[4.25,8.75,4.25,14.75],"texture":"#1"},"east":{"uv":[0.0,0.0,2.0,6.0],"texture":"#1"},"south":{"uv":[8.25,8.75,8.25,14.75],"texture":"#1"},"west":{"uv":[2.25,0.0,4.25,6.0],"texture":"#1"},"up":{"uv":[9.0,2.0,9.0,0.0],"texture":"#1"},"down":{"uv":[2.0,9.0,2.0,11.0],"texture":"#1"}}},{"from":[4.0,-4.0,8.0],"to":[12.0,19.0,8.0],"rotation":{"angle":0.0,"axis":"y","origin":[8.0,8.0,8.0]},"faces":{"north":{"uv":[4.5,0.0,6.5,5.75],"texture":"#1"},"east":{"uv":[2.25,9.0,2.25,14.75],"texture":"#1"},"south":{"uv":[4.5,6.0,6.5,11.75],"texture":"#1"},"west":{"uv":[2.5,9.0,2.5,14.75],"texture":"#1"},"up":{"uv":[11.0,2.25,9.0,2.25],"texture":"#1"},"down":{"uv":[11.0,2.5,9.0,2.5],"texture":"#1"}}}],"display":{"thirdperson_righthand":{"translation":[0.0,-0.75,1.5]},"thirdperson_lefthand":{"translation":[0.0,-0.75,1.5]},"firstperson_righthand":{"scale":[0.9,0.9,0.9]},"firstperson_lefthand":{"scale":[0.9,0.9,0.9]},"ground":{"translation":[0.0,2.5,0.0],"rotation":[45.0,0.0,0.0],"scale":[0.5,0.5,0.5]},"gui":{"translation":[-0.75,-0.75,0.0],"rotation":[41.86,35.91,-54.73],"scale":[0.6,0.6,0.6]},"fixed":{"translation":[1.25,-1.25,0.25],"rotation":[-92.75,44.95,93.89],"scale":[0.8,0.8,0.8]}},"credit":"Made with Blockbench","gui_light":"front"}