{"textures":{"1":"mcc:island_cosmetics/general/accessory/gauntlet/gauntlet"},"elements":[{"from":[4.0,12.0,4.0],"to":[12.0,16.0,12.0],"rotation":{"angle":0.0,"axis":"y","origin":[15.0,0.0,1.0]},"faces":{"north":{"uv":[0.0,1.0,4.0,3.0],"texture":"#1","tintindex":0},"east":{"uv":[0.0,1.0,4.0,3.0],"texture":"#1","tintindex":0},"south":{"uv":[0.0,1.0,4.0,3.0],"texture":"#1","tintindex":0},"west":{"uv":[0.0,1.0,4.0,3.0],"texture":"#1","tintindex":0},"down":{"uv":[0.0,6.5,4.0,10.5],"texture":"#1","tintindex":0}}},{"from":[3.8,15.8,3.8],"to":[12.2,18.2,12.2],"rotation":{"angle":0.0,"axis":"y","origin":[15.0,0.0,1.0]},"faces":{"north":{"uv":[0.0,0.0,4.0,1.0],"texture":"#1"},"east":{"uv":[0.0,0.0,4.0,1.0],"texture":"#1"},"south":{"uv":[0.0,0.0,4.0,1.0],"texture":"#1"},"west":{"uv":[0.0,0.0,4.0,1.0],"texture":"#1"},"up":{"uv":[4.0,6.5,8.0,10.5],"texture":"#1"}}},{"from":[5.0,5.0,5.0],"to":[11.0,11.0,11.0],"rotation":{"angle":0.0,"axis":"y","origin":[15.0,0.0,1.0]},"faces":{"north":{"uv":[6.0,3.5,9.0,6.5],"texture":"#1","tintindex":0},"east":{"uv":[3.0,3.5,0.0,6.5],"texture":"#1","tintindex":0},"south":{"uv":[3.0,3.5,6.0,6.5],"texture":"#1","tintindex":0},"west":{"uv":[0.0,3.5,3.0,6.5],"texture":"#1","tintindex":0},"down":{"uv":[4.0,0.0,7.0,3.0],"texture":"#1","tintindex":0}}},{"from":[4.8,4.8,4.8],"to":[11.2,7.2,7.2],"rotation":{"angle":0.0,"axis":"y","origin":[15.0,0.0,1.0]},"faces":{"north":{"uv":[7.0,1.0,10.0,0.0],"texture":"#1"},"east":{"uv":[8.0,2.0,7.0,3.0],"texture":"#1"},"west":{"uv":[7.0,2.0,8.0,3.0],"texture":"#1"},"down":{"uv":[7.0,1.0,10.0,0.0],"texture":"#1"}}},{"from":[5.0,11.0,5.0],"to":[11.0,12.0,11.0],"rotation":{"angle":0.0,"axis":"y","origin":[15.0,0.0,1.0]},"faces":{"north":{"uv":[0.0,3.0,3.0,3.5],"texture":"#1"},"east":{"uv":[0.0,3.0,3.0,3.5],"texture":"#1"},"south":{"uv":[0.0,3.0,3.0,3.5],"texture":"#1"},"west":{"uv":[0.0,3.0,3.0,3.5],"texture":"#1"}}},{"from":[4.0,16.0,4.0],"to":[12.0,18.0,12.0],"rotation":{"angle":0.0,"axis":"y","origin":[15.0,0.0,1.0]},"faces":{"north":{"uv":[0.0,0.0,4.0,1.0],"texture":"#1"},"east":{"uv":[0.0,0.0,4.0,1.0],"texture":"#1"},"south":{"uv":[0.0,0.0,4.0,1.0],"texture":"#1"},"west":{"uv":[0.0,0.0,4.0,1.0],"texture":"#1"},"up":{"uv":[4.0,6.5,8.0,10.5],"texture":"#1"},"down":{"uv":[0.0,0.5,0.5,1.0],"texture":"#1"}}},{"from":[4.8,9.8,4.8],"to":[11.2,11.2,11.2],"rotation":{"angle":0.0,"axis":"y","origin":[15.0,0.0,1.0]},"faces":{"north":{"uv":[0.0,3.5,3.0,4.0],"texture":"#1","tintindex":0},"east":{"uv":[0.0,3.5,3.0,4.0],"texture":"#1","tintindex":0},"south":{"uv":[0.0,3.5,3.0,4.0],"texture":"#1","tintindex":0},"west":{"uv":[0.0,3.5,3.0,4.0],"texture":"#1","tintindex":0}}},{"from":[11.2,11.2,11.2],"to":[4.8,9.8,4.8],"rotation":{"angle":0.0,"axis":"y","origin":[15.0,0.0,1.0]},"faces":{"north":{"uv":[0.0,4.0,3.0,3.5],"texture":"#1","tintindex":0},"east":{"uv":[0.0,4.0,3.0,3.5],"texture":"#1","tintindex":0},"south":{"uv":[0.0,4.0,3.0,3.5],"texture":"#1","tintindex":0},"west":{"uv":[0.0,4.0,3.0,3.5],"texture":"#1","tintindex":0}}}],"display":{"thirdperson_righthand":{"translation":[0.75,-2.0,-0.25],"rotation":[172.97,-86.45,82.92],"scale":[0.93984,0.93984,0.93984]},"thirdperson_lefthand":{"translation":[0.75,-2.0,-0.25],"rotation":[172.97,-86.45,82.92],"scale":[0.93984,0.93984,0.93984]},"firstperson_righthand":{"translation":[0.38,4.7,1.13],"rotation":[125.82,-7.25,0.36],"scale":[0.41438,0.41438,0.41438]},"firstperson_lefthand":{"translation":[0.38,4.7,1.13],"rotation":[125.82,-7.25,0.36],"scale":[0.41438,0.41438,0.41438]},"ground":{"translation":[0.0,4.25,0.0],"scale":[0.43945,0.43945,0.43945]},"gui":{"translation":[2.75,2.5,0.0],"rotation":[150.26,15.53,52.71],"scale":[0.86094,0.86094,0.86094]}},"credit":"Made with Blockbench","gui_light":"front"}