{"textures":{"1":"mcc:island_cosmetics/general/accessory/jester_cane/jester_cane","2":"mcc:island_cosmetics/general/hat/8_ball/gold_shine","particle":"mcc:island_cosmetics/general/hat/8_ball/gold_shine"},"elements":[{"from":[7.0,-15.0,7.0],"to":[9.0,12.0,9.0],"rotation":{"angle":0.0,"axis":"y","origin":[8.0,-0.5,8.0]},"faces":{"north":{"uv":[4.0,0.0,4.5,6.75],"texture":"#1"},"east":{"uv":[4.5,0.0,4.0,6.75],"texture":"#1"},"south":{"uv":[4.0,0.0,4.5,6.75],"texture":"#1"},"west":{"uv":[4.5,0.0,4.0,6.75],"texture":"#1"}}},{"from":[7.0,8.0,7.0],"to":[9.0,10.0,9.0],"rotation":{"angle":0.0,"axis":"y","origin":[8.0,-0.5,8.0]},"faces":{"up":{"uv":[0.0,7.75,0.25,8.0],"texture":"#1"}}},{"from":[7.0,-15.0,7.0],"to":[9.0,12.0,9.0],"rotation":{"angle":0.0,"axis":"y","origin":[8.0,-0.5,8.0]},"faces":{"north":{"uv":[4.5,0.0,5.0,6.75],"texture":"#1","tintindex":0},"east":{"uv":[5.0,0.0,4.5,6.75],"texture":"#1","tintindex":0},"south":{"uv":[4.5,0.0,5.0,6.75],"texture":"#1","tintindex":0},"west":{"uv":[5.0,0.0,4.5,6.75],"texture":"#1","tintindex":0}}},{"from":[6.8,-15.2,6.8],"to":[9.2,-12.8,9.2],"rotation":{"angle":0.0,"axis":"y","origin":[8.0,-0.5,8.0]},"faces":{"north":{"uv":[2.75,6.25,3.25,6.75],"texture":"#1"},"east":{"uv":[3.25,6.25,2.75,6.75],"texture":"#1"},"south":{"uv":[2.75,6.25,3.25,6.75],"texture":"#1"},"west":{"uv":[3.25,6.25,2.75,6.75],"texture":"#1"},"up":{"uv":[3.0,7.0,3.25,7.25],"texture":"#1"},"down":{"uv":[2.75,6.75,3.0,7.0],"texture":"#1"}}},{"from":[6.8,8.8,6.8],"to":[9.2,11.2,9.2],"rotation":{"angle":0.0,"axis":"y","origin":[8.0,-0.5,8.0]},"faces":{"north":{"uv":[2.75,6.25,3.25,6.75],"texture":"#1"},"east":{"uv":[3.25,6.25,2.75,6.75],"texture":"#1"},"south":{"uv":[2.75,6.25,3.25,6.75],"texture":"#1"},"west":{"uv":[3.25,6.25,2.75,6.75],"texture":"#1"},"up":{"uv":[3.0,7.0,3.25,7.25],"texture":"#1"},"down":{"uv":[2.75,6.75,3.0,7.0],"texture":"#1"}}},{"from":[5.0,3.5,-2.0],"to":[11.0,8.5,-2.0],"rotation":{"angle":45.0,"axis":"x","origin":[8.0,0.0,8.0]},"faces":{"north":{"uv":[0.0,4.5,1.5,5.75],"texture":"#1"},"south":{"uv":[0.0,4.5,1.5,5.75],"texture":"#1"}}},{"from":[5.0,3.5,18.0],"to":[11.0,8.5,18.0],"rotation":{"angle":-45.0,"axis":"x","origin":[8.0,0.0,8.0]},"faces":{"north":{"uv":[1.5,4.5,0.0,5.75],"texture":"#1"},"south":{"uv":[1.5,4.5,0.0,5.75],"texture":"#1"}}},{"from":[6.0,6.81371,5.0],"to":[6.0,11.81371,11.0],"rotation":{"angle":-45.0,"axis":"z","origin":[8.0,11.31371,8.0]},"faces":{"east":{"uv":[1.5,4.5,0.0,5.75],"texture":"#1"},"west":{"uv":[1.5,4.5,0.0,5.75],"texture":"#1"}}},{"from":[10.0,6.81371,5.0],"to":[10.0,11.81371,11.0],"rotation":{"angle":45.0,"axis":"z","origin":[8.0,11.31371,8.0]},"faces":{"east":{"uv":[0.0,4.5,1.5,5.75],"texture":"#1"},"west":{"uv":[0.0,4.5,1.5,5.75],"texture":"#1"}}},{"from":[5.0,13.0,5.0],"to":[11.0,19.0,11.0],"rotation":{"angle":0.0,"axis":"y","origin":[9.0,18.0,7.875]},"faces":{"north":{"uv":[1.75,4.75,3.25,6.25],"texture":"#1"},"east":{"uv":[0.0,0.0,1.5,1.5],"texture":"#1"},"south":{"uv":[0.0,3.0,1.5,4.5],"texture":"#1"},"west":{"uv":[1.5,1.5,0.0,3.0],"texture":"#1"},"up":{"uv":[2.5,0.0,4.0,1.5],"texture":"#1"},"down":{"uv":[0.0,5.75,1.5,7.25],"texture":"#1"}}},{"from":[5.0,13.0,5.0],"to":[11.0,19.0,11.0],"rotation":{"angle":0.0,"axis":"y","origin":[9.0,18.0,7.875]},"faces":{"north":{"uv":[5.0,0.0,6.5,1.5],"texture":"#1","tintindex":0},"south":{"uv":[5.0,3.0,6.5,4.5],"texture":"#1","tintindex":0},"west":{"uv":[5.0,1.5,6.5,3.0],"texture":"#1","tintindex":0},"up":{"uv":[5.0,4.5,6.5,6.0],"texture":"#1","tintindex":0}}},{"from":[1.75,15.75,7.0],"to":[3.75,17.75,9.0],"rotation":{"angle":0.0,"axis":"z","origin":[7.5,19.0,7.375]},"faces":{"north":{"uv":[1.5,3.0,2.0,3.5],"texture":"#1"},"east":{"uv":[2.0,3.0,1.5,3.5],"texture":"#1"},"south":{"uv":[1.5,3.0,2.0,3.5],"texture":"#1"},"west":{"uv":[2.0,3.0,1.5,3.5],"texture":"#1"},"up":{"uv":[2.0,3.0,2.5,3.5],"texture":"#1"},"down":{"uv":[1.5,3.5,2.0,4.0],"texture":"#1"}}},{"from":[12.25,15.75,7.0],"to":[14.25,17.75,9.0],"rotation":{"angle":0.0,"axis":"z","origin":[8.5,19.0,7.375]},"faces":{"north":{"uv":[2.0,3.0,1.5,3.5],"texture":"#1"},"east":{"uv":[1.5,3.0,2.0,3.5],"texture":"#1"},"south":{"uv":[2.0,3.0,1.5,3.5],"texture":"#1"},"west":{"uv":[1.5,3.0,2.0,3.5],"texture":"#1"},"up":{"uv":[2.0,3.0,2.5,3.5],"texture":"#1"},"down":{"uv":[2.0,3.5,1.5,4.0],"texture":"#1"}}},{"from":[2.5,19.0,6.5],"to":[6.5,21.0,9.5],"rotation":{"angle":22.5,"axis":"z","origin":[7.5,19.0,7.375]},"faces":{"north":{"uv":[1.5,0.0,2.5,0.5],"texture":"#1","tintindex":0},"east":{"uv":[1.5,1.75,2.25,2.25],"texture":"#1","tintindex":0},"south":{"uv":[2.5,0.0,1.5,0.5],"texture":"#1","tintindex":0},"west":{"uv":[1.5,1.25,2.25,1.75],"texture":"#1","tintindex":0},"up":{"uv":[1.5,0.5,2.5,1.25],"texture":"#1","tintindex":0},"down":{"uv":[1.5,2.25,2.5,3.0],"texture":"#1","tintindex":0}}},{"from":[9.5,19.0,6.5],"to":[13.5,21.0,9.5],"rotation":{"angle":-22.5,"axis":"z","origin":[8.5,19.0,7.375]},"faces":{"north":{"uv":[3.5,1.5,2.5,2.0],"texture":"#1"},"east":{"uv":[3.25,2.75,2.5,3.25],"texture":"#1"},"south":{"uv":[2.5,1.5,3.5,2.0],"texture":"#1"},"west":{"uv":[3.25,3.25,2.5,3.75],"texture":"#1"},"up":{"uv":[3.5,2.0,2.5,2.75],"texture":"#1"},"down":{"uv":[3.5,3.75,2.5,4.5],"texture":"#1"}}},{"from":[6.7,11.2,6.7],"to":[9.3,13.3,9.3],"rotation":{"angle":0.0,"axis":"y","origin":[8.0,-0.5,8.0]},"faces":{"north":{"uv":[6.5,0.0,7.0,2.25],"texture":"#1"},"east":{"uv":[6.5,0.0,7.0,2.25],"texture":"#1"},"south":{"uv":[6.5,0.0,7.0,2.25],"texture":"#1"},"west":{"uv":[6.5,0.0,7.0,2.25],"texture":"#1"}}},{"from":[5.0,5.5,-2.0],"to":[11.0,10.5,-2.0],"rotation":{"angle":45.0,"axis":"x","origin":[8.0,2.0,8.0]},"faces":{"north":{"uv":[7.25,4.5,8.75,5.75],"texture":"#1"},"south":{"uv":[7.25,4.5,8.75,5.75],"texture":"#1"}}},{"from":[5.0,5.5,18.0],"to":[11.0,10.5,18.0],"rotation":{"angle":-45.0,"axis":"x","origin":[8.0,2.0,8.0]},"faces":{"north":{"uv":[8.75,4.5,7.25,5.75],"texture":"#1"},"south":{"uv":[8.75,4.5,7.25,5.75],"texture":"#1"}}},{"from":[6.0,8.81371,5.0],"to":[6.0,13.81371,11.0],"rotation":{"angle":-45.0,"axis":"z","origin":[8.0,13.31371,8.0]},"faces":{"east":{"uv":[8.75,4.5,7.25,5.75],"texture":"#1"},"west":{"uv":[8.75,4.5,7.25,5.75],"texture":"#1"}}},{"from":[10.0,8.81371,5.0],"to":[10.0,13.81371,11.0],"rotation":{"angle":45.0,"axis":"z","origin":[8.0,13.31371,8.0]},"faces":{"east":{"uv":[7.25,4.5,8.75,5.75],"texture":"#1"},"west":{"uv":[7.25,4.5,8.75,5.75],"texture":"#1"}}},{"from":[5.0,15.0,5.0],"to":[11.0,21.0,11.0],"rotation":{"angle":0.0,"axis":"y","origin":[9.0,20.0,7.875]},"faces":{"north":{"uv":[9.0,4.75,10.5,6.25],"texture":"#1"},"east":{"uv":[7.25,0.0,8.75,1.5],"texture":"#1"},"south":{"uv":[7.25,3.0,8.75,4.5],"texture":"#1"},"west":{"uv":[8.75,1.5,7.25,3.0],"texture":"#1"},"up":{"uv":[9.75,0.0,11.25,1.5],"texture":"#1"},"down":{"uv":[7.25,5.75,8.75,7.25],"texture":"#1"}}},{"from":[5.0,15.0,5.0],"to":[11.0,21.0,11.0],"rotation":{"angle":0.0,"axis":"y","origin":[9.0,20.0,7.875]},"faces":{"north":{"uv":[12.25,0.0,13.75,1.5],"texture":"#1","tintindex":0},"south":{"uv":[12.25,3.0,13.75,4.5],"texture":"#1","tintindex":0},"west":{"uv":[12.25,1.5,13.75,3.0],"texture":"#1","tintindex":0},"up":{"uv":[12.25,4.5,13.75,6.0],"texture":"#1","tintindex":0}}},{"from":[1.75,17.75,7.0],"to":[3.75,19.75,9.0],"rotation":{"angle":0.0,"axis":"z","origin":[7.5,21.0,7.375]},"faces":{"north":{"uv":[8.75,3.0,9.25,3.5],"texture":"#1"},"east":{"uv":[9.25,3.0,8.75,3.5],"texture":"#1"},"south":{"uv":[8.75,3.0,9.25,3.5],"texture":"#1"},"west":{"uv":[9.25,3.0,8.75,3.5],"texture":"#1"},"up":{"uv":[9.25,3.0,9.75,3.5],"texture":"#1"},"down":{"uv":[8.75,3.5,9.25,4.0],"texture":"#1"}}},{"from":[12.25,17.75,7.0],"to":[14.25,19.75,9.0],"rotation":{"angle":0.0,"axis":"z","origin":[8.5,21.0,7.375]},"faces":{"north":{"uv":[9.25,3.0,8.75,3.5],"texture":"#1"},"east":{"uv":[8.75,3.0,9.25,3.5],"texture":"#1"},"south":{"uv":[9.25,3.0,8.75,3.5],"texture":"#1"},"west":{"uv":[8.75,3.0,9.25,3.5],"texture":"#1"},"up":{"uv":[9.25,3.0,9.75,3.5],"texture":"#1"},"down":{"uv":[9.25,3.5,8.75,4.0],"texture":"#1"}}},{"from":[2.5,21.0,6.5],"to":[6.5,23.0,9.5],"rotation":{"angle":22.5,"axis":"z","origin":[7.5,21.0,7.375]},"faces":{"north":{"uv":[8.75,0.0,9.75,0.5],"texture":"#1","tintindex":0},"east":{"uv":[8.75,1.75,9.5,2.25],"texture":"#1","tintindex":0},"south":{"uv":[9.75,0.0,8.75,0.5],"texture":"#1","tintindex":0},"west":{"uv":[8.75,1.25,9.5,1.75],"texture":"#1","tintindex":0},"up":{"uv":[8.75,0.5,9.75,1.25],"texture":"#1","tintindex":0},"down":{"uv":[8.75,2.25,9.75,3.0],"texture":"#1","tintindex":0}}},{"from":[9.5,21.0,6.5],"to":[13.5,23.0,9.5],"rotation":{"angle":-22.5,"axis":"z","origin":[8.5,21.0,7.375]},"faces":{"north":{"uv":[10.75,1.5,9.75,2.0],"texture":"#1"},"east":{"uv":[10.5,2.75,9.75,3.25],"texture":"#1"},"south":{"uv":[9.75,1.5,10.75,2.0],"texture":"#1"},"west":{"uv":[10.5,3.25,9.75,3.75],"texture":"#1"},"up":{"uv":[10.75,2.0,9.75,2.75],"texture":"#1"},"down":{"uv":[10.75,3.75,9.75,4.5],"texture":"#1"}}},{"from":[6.7,11.2,6.7],"to":[9.3,15.3,9.3],"rotation":{"angle":0.0,"axis":"y","origin":[8.0,1.5,8.0]},"faces":{"north":{"uv":[13.75,0.0,14.25,2.25],"texture":"#1"},"east":{"uv":[13.75,0.0,14.25,2.25],"texture":"#1"},"south":{"uv":[13.75,0.0,14.25,2.25],"texture":"#1"},"west":{"uv":[13.75,0.0,14.25,2.25],"texture":"#1"}}},{"from":[5.0,8.5,-2.0],"to":[11.0,13.5,-2.0],"rotation":{"angle":45.0,"axis":"x","origin":[8.0,5.0,8.0]},"faces":{"north":{"uv":[0.0,12.0,1.5,13.25],"texture":"#1"},"south":{"uv":[0.0,12.0,1.5,13.25],"texture":"#1"}}},{"from":[5.0,8.5,18.0],"to":[11.0,13.5,18.0],"rotation":{"angle":-45.0,"axis":"x","origin":[8.0,5.0,8.0]},"faces":{"north":{"uv":[1.5,12.0,0.0,13.25],"texture":"#1"},"south":{"uv":[1.5,12.0,0.0,13.25],"texture":"#1"}}},{"from":[6.0,11.81371,5.0],"to":[6.0,16.81371,11.0],"rotation":{"angle":-45.0,"axis":"z","origin":[8.0,16.31371,8.0]},"faces":{"east":{"uv":[1.5,12.0,0.0,13.25],"texture":"#1"},"west":{"uv":[1.5,12.0,0.0,13.25],"texture":"#1"}}},{"from":[10.0,11.81371,5.0],"to":[10.0,16.81371,11.0],"rotation":{"angle":45.0,"axis":"z","origin":[8.0,16.31371,8.0]},"faces":{"east":{"uv":[0.0,12.0,1.5,13.25],"texture":"#1"},"west":{"uv":[0.0,12.0,1.5,13.25],"texture":"#1"}}},{"from":[5.0,18.0,5.0],"to":[11.0,24.0,11.0],"rotation":{"angle":0.0,"axis":"y","origin":[9.0,23.0,7.875]},"faces":{"north":{"uv":[1.75,12.25,3.25,13.75],"texture":"#1"},"east":{"uv":[0.0,7.5,1.5,9.0],"texture":"#1"},"south":{"uv":[0.0,10.5,1.5,12.0],"texture":"#1"},"west":{"uv":[1.5,9.0,0.0,10.5],"texture":"#1"},"up":{"uv":[2.5,7.5,4.0,9.0],"texture":"#1"},"down":{"uv":[0.0,13.25,1.5,14.75],"texture":"#1"}}},{"from":[5.0,18.0,5.0],"to":[11.0,24.0,11.0],"rotation":{"angle":0.0,"axis":"y","origin":[9.0,23.0,7.875]},"faces":{"north":{"uv":[5.0,7.5,6.5,9.0],"texture":"#1","tintindex":0},"south":{"uv":[5.0,10.5,6.5,12.0],"texture":"#1","tintindex":0},"west":{"uv":[5.0,9.0,6.5,10.5],"texture":"#1","tintindex":0},"up":{"uv":[5.0,12.0,6.5,13.5],"texture":"#1","tintindex":0}}},{"from":[1.75,20.75,7.0],"to":[3.75,22.75,9.0],"rotation":{"angle":0.0,"axis":"z","origin":[7.5,24.0,7.375]},"faces":{"north":{"uv":[1.5,10.5,2.0,11.0],"texture":"#1"},"east":{"uv":[2.0,10.5,1.5,11.0],"texture":"#1"},"south":{"uv":[1.5,10.5,2.0,11.0],"texture":"#1"},"west":{"uv":[2.0,10.5,1.5,11.0],"texture":"#1"},"up":{"uv":[2.0,10.5,2.5,11.0],"texture":"#1"},"down":{"uv":[1.5,11.0,2.0,11.5],"texture":"#1"}}},{"from":[12.25,20.75,7.0],"to":[14.25,22.75,9.0],"rotation":{"angle":0.0,"axis":"z","origin":[8.5,24.0,7.375]},"faces":{"north":{"uv":[2.0,10.5,1.5,11.0],"texture":"#1"},"east":{"uv":[1.5,10.5,2.0,11.0],"texture":"#1"},"south":{"uv":[2.0,10.5,1.5,11.0],"texture":"#1"},"west":{"uv":[1.5,10.5,2.0,11.0],"texture":"#1"},"up":{"uv":[2.0,10.5,2.5,11.0],"texture":"#1"},"down":{"uv":[2.0,11.0,1.5,11.5],"texture":"#1"}}},{"from":[2.5,24.0,6.5],"to":[6.5,26.0,9.5],"rotation":{"angle":22.5,"axis":"z","origin":[7.5,24.0,7.375]},"faces":{"north":{"uv":[1.5,7.5,2.5,8.0],"texture":"#1","tintindex":0},"east":{"uv":[1.5,9.25,2.25,9.75],"texture":"#1","tintindex":0},"south":{"uv":[2.5,7.5,1.5,8.0],"texture":"#1","tintindex":0},"west":{"uv":[1.5,8.75,2.25,9.25],"texture":"#1","tintindex":0},"up":{"uv":[1.5,8.0,2.5,8.75],"texture":"#1","tintindex":0},"down":{"uv":[1.5,9.75,2.5,10.5],"texture":"#1","tintindex":0}}},{"from":[9.5,24.0,6.5],"to":[13.5,26.0,9.5],"rotation":{"angle":-22.5,"axis":"z","origin":[8.5,24.0,7.375]},"faces":{"north":{"uv":[3.5,9.0,2.5,9.5],"texture":"#1"},"east":{"uv":[3.25,10.25,2.5,10.75],"texture":"#1"},"south":{"uv":[2.5,9.0,3.5,9.5],"texture":"#1"},"west":{"uv":[3.25,10.75,2.5,11.25],"texture":"#1"},"up":{"uv":[3.5,9.5,2.5,10.25],"texture":"#1"},"down":{"uv":[3.5,11.25,2.5,12.0],"texture":"#1"}}},{"from":[6.7,11.2,6.7],"to":[9.3,18.3,9.3],"rotation":{"angle":0.0,"axis":"y","origin":[8.0,4.5,8.0]},"faces":{"north":{"uv":[6.5,7.5,7.0,9.75],"texture":"#1"},"east":{"uv":[6.5,7.5,7.0,9.75],"texture":"#1"},"south":{"uv":[6.5,7.5,7.0,9.75],"texture":"#1"},"west":{"uv":[6.5,7.5,7.0,9.75],"texture":"#1"}}},{"from":[5.0,7.0,-2.0],"to":[11.0,12.0,-2.0],"rotation":{"angle":45.0,"axis":"x","origin":[8.0,3.5,8.0]},"faces":{"north":{"uv":[7.25,12.0,8.75,13.25],"texture":"#1"},"south":{"uv":[7.25,12.0,8.75,13.25],"texture":"#1"}}},{"from":[5.0,7.0,18.0],"to":[11.0,12.0,18.0],"rotation":{"angle":-45.0,"axis":"x","origin":[8.0,3.5,8.0]},"faces":{"north":{"uv":[8.75,12.0,7.25,13.25],"texture":"#1"},"south":{"uv":[8.75,12.0,7.25,13.25],"texture":"#1"}}},{"from":[6.0,10.31371,5.0],"to":[6.0,15.31371,11.0],"rotation":{"angle":-45.0,"axis":"z","origin":[8.0,14.81371,8.0]},"faces":{"east":{"uv":[8.75,12.0,7.25,13.25],"texture":"#1"},"west":{"uv":[8.75,12.0,7.25,13.25],"texture":"#1"}}},{"from":[10.0,10.31371,5.0],"to":[10.0,15.31371,11.0],"rotation":{"angle":45.0,"axis":"z","origin":[8.0,14.81371,8.0]},"faces":{"east":{"uv":[7.25,12.0,8.75,13.25],"texture":"#1"},"west":{"uv":[7.25,12.0,8.75,13.25],"texture":"#1"}}},{"from":[5.0,16.5,5.0],"to":[11.0,22.5,11.0],"rotation":{"angle":0.0,"axis":"y","origin":[9.0,21.5,7.875]},"faces":{"north":{"uv":[9.0,12.25,10.5,13.75],"texture":"#1"},"east":{"uv":[7.25,7.5,8.75,9.0],"texture":"#1"},"south":{"uv":[7.25,10.5,8.75,12.0],"texture":"#1"},"west":{"uv":[8.75,9.0,7.25,10.5],"texture":"#1"},"up":{"uv":[9.75,7.5,11.25,9.0],"texture":"#1"},"down":{"uv":[7.25,13.25,8.75,14.75],"texture":"#1"}}},{"from":[5.0,16.5,5.0],"to":[11.0,22.5,11.0],"rotation":{"angle":0.0,"axis":"y","origin":[9.0,21.5,7.875]},"faces":{"north":{"uv":[12.25,7.5,13.75,9.0],"texture":"#1","tintindex":0},"south":{"uv":[12.25,10.5,13.75,12.0],"texture":"#1","tintindex":0},"west":{"uv":[12.25,9.0,13.75,10.5],"texture":"#1","tintindex":0},"up":{"uv":[12.25,12.0,13.75,13.5],"texture":"#1","tintindex":0}}},{"from":[1.75,19.25,7.0],"to":[3.75,21.25,9.0],"rotation":{"angle":0.0,"axis":"z","origin":[7.5,22.5,7.375]},"faces":{"north":{"uv":[8.75,10.5,9.25,11.0],"texture":"#1"},"east":{"uv":[9.25,10.5,8.75,11.0],"texture":"#1"},"south":{"uv":[8.75,10.5,9.25,11.0],"texture":"#1"},"west":{"uv":[9.25,10.5,8.75,11.0],"texture":"#1"},"up":{"uv":[9.25,10.5,9.75,11.0],"texture":"#1"},"down":{"uv":[8.75,11.0,9.25,11.5],"texture":"#1"}}},{"from":[12.25,19.25,7.0],"to":[14.25,21.25,9.0],"rotation":{"angle":0.0,"axis":"z","origin":[8.5,22.5,7.375]},"faces":{"north":{"uv":[9.25,10.5,8.75,11.0],"texture":"#1"},"east":{"uv":[8.75,10.5,9.25,11.0],"texture":"#1"},"south":{"uv":[9.25,10.5,8.75,11.0],"texture":"#1"},"west":{"uv":[8.75,10.5,9.25,11.0],"texture":"#1"},"up":{"uv":[9.25,10.5,9.75,11.0],"texture":"#1"},"down":{"uv":[9.25,11.0,8.75,11.5],"texture":"#1"}}},{"from":[2.5,22.5,6.5],"to":[6.5,24.5,9.5],"rotation":{"angle":22.5,"axis":"z","origin":[7.5,22.5,7.375]},"faces":{"north":{"uv":[8.75,7.5,9.75,8.0],"texture":"#1","tintindex":0},"east":{"uv":[8.75,9.25,9.5,9.75],"texture":"#1","tintindex":0},"south":{"uv":[9.75,7.5,8.75,8.0],"texture":"#1","tintindex":0},"west":{"uv":[8.75,8.75,9.5,9.25],"texture":"#1","tintindex":0},"up":{"uv":[8.75,8.0,9.75,8.75],"texture":"#1","tintindex":0},"down":{"uv":[8.75,9.75,9.75,10.5],"texture":"#1","tintindex":0}}},{"from":[9.5,22.5,6.5],"to":[13.5,24.5,9.5],"rotation":{"angle":-22.5,"axis":"z","origin":[8.5,22.5,7.375]},"faces":{"north":{"uv":[10.75,9.0,9.75,9.5],"texture":"#1"},"east":{"uv":[10.5,10.25,9.75,10.75],"texture":"#1"},"south":{"uv":[9.75,9.0,10.75,9.5],"texture":"#1"},"west":{"uv":[10.5,10.75,9.75,11.25],"texture":"#1"},"up":{"uv":[10.75,9.5,9.75,10.25],"texture":"#1"},"down":{"uv":[10.75,11.25,9.75,12.0],"texture":"#1"}}},{"from":[11.9797,15.0,14.1704],"to":[11.9797,22.0,21.1704],"rotation":{"angle":22.5,"axis":"y","origin":[10.9797,15.5,15.6704]},"faces":{"north":{"uv":[0.0,0.0,1.0,1.0],"texture":"#2"},"east":{"uv":[8.0,1.0,15.0,8.0],"texture":"#2"},"south":{"uv":[0.0,0.0,1.0,1.0],"texture":"#2"},"west":{"uv":[8.0,1.0,15.0,8.0],"texture":"#2"},"up":{"uv":[0.0,0.0,1.0,1.0],"texture":"#2","rotation":90},"down":{"uv":[0.0,0.0,1.0,1.0],"texture":"#2","rotation":270}}},{"from":[8.4797,15.0,17.6704],"to":[15.4797,22.0,17.6704],"rotation":{"angle":22.5,"axis":"y","origin":[10.9797,15.5,15.6704]},"faces":{"north":{"uv":[8.0,1.0,15.0,8.0],"texture":"#2"},"east":{"uv":[0.0,0.0,1.0,1.0],"texture":"#2"},"south":{"uv":[8.0,1.0,15.0,8.0],"texture":"#2"},"west":{"uv":[0.0,0.0,1.0,1.0],"texture":"#2"},"up":{"uv":[0.0,0.0,1.0,1.0],"texture":"#2"},"down":{"uv":[0.0,0.0,1.0,1.0],"texture":"#2"}}},{"from":[17.34776,9.0,4.26537],"to":[17.34776,16.0,11.26537],"rotation":{"angle":0.0,"axis":"y","origin":[17.34776,14.5,7.76537]},"faces":{"north":{"uv":[0.0,0.0,1.0,1.0],"texture":"#2"},"east":{"uv":[8.0,9.0,15.0,16.0],"texture":"#2"},"south":{"uv":[0.0,0.0,1.0,1.0],"texture":"#2"},"west":{"uv":[8.0,9.0,15.0,16.0],"texture":"#2"},"up":{"uv":[0.0,0.0,1.0,1.0],"texture":"#2","rotation":90},"down":{"uv":[0.0,0.0,1.0,1.0],"texture":"#2","rotation":270}}},{"from":[14.0,9.0,7.75],"to":[21.0,16.0,7.75],"rotation":{"angle":0.0,"axis":"y","origin":[15.5,14.5,7.0]},"faces":{"north":{"uv":[8.0,9.0,15.0,16.0],"texture":"#2"},"east":{"uv":[0.0,0.0,1.0,1.0],"texture":"#2"},"south":{"uv":[8.0,9.0,15.0,16.0],"texture":"#2"},"west":{"uv":[0.0,0.0,1.0,1.0],"texture":"#2"},"up":{"uv":[0.0,0.0,1.0,1.0],"texture":"#2"},"down":{"uv":[0.0,0.0,1.0,1.0],"texture":"#2"}}},{"from":[-2.5,6.0,-2.5],"to":[-2.5,13.0,4.5],"rotation":{"angle":-22.5,"axis":"y","origin":[0.5,9.5,7.0]},"faces":{"north":{"uv":[0.0,0.0,1.0,1.0],"texture":"#2"},"east":{"uv":[8.0,1.0,15.0,8.0],"texture":"#2"},"south":{"uv":[0.0,0.0,1.0,1.0],"texture":"#2"},"west":{"uv":[8.0,1.0,15.0,8.0],"texture":"#2"},"up":{"uv":[0.0,0.0,1.0,1.0],"texture":"#2","rotation":270},"down":{"uv":[0.0,0.0,1.0,1.0],"texture":"#2","rotation":90}}},{"from":[-3.0,19.0,7.0],"to":[4.0,26.0,7.0],"rotation":{"angle":-45.0,"axis":"y","origin":[0.5,22.5,7.0]},"faces":{"north":{"uv":[0.0,1.0,7.0,8.0],"texture":"#2"},"east":{"uv":[0.0,0.0,1.0,1.0],"texture":"#2"},"south":{"uv":[0.0,1.0,7.0,8.0],"texture":"#2"},"west":{"uv":[0.0,0.0,1.0,1.0],"texture":"#2"},"up":{"uv":[0.0,0.0,1.0,1.0],"texture":"#2"},"down":{"uv":[0.0,0.0,1.0,1.0],"texture":"#2"}}},{"from":[-3.0,19.0,7.0],"to":[4.0,26.0,7.0],"rotation":{"angle":45.0,"axis":"y","origin":[0.5,22.5,7.0]},"faces":{"north":{"uv":[0.0,1.0,7.0,8.0],"texture":"#2"},"east":{"uv":[0.0,0.0,1.0,1.0],"texture":"#2"},"south":{"uv":[0.0,1.0,7.0,8.0],"texture":"#2"},"west":{"uv":[0.0,0.0,1.0,1.0],"texture":"#2"},"up":{"uv":[0.0,0.0,1.0,1.0],"texture":"#2"},"down":{"uv":[0.0,0.0,1.0,1.0],"texture":"#2"}}},{"from":[-6.0,6.0,1.0],"to":[1.0,13.0,1.0],"rotation":{"angle":-22.5,"axis":"y","origin":[0.5,9.5,7.0]},"faces":{"north":{"uv":[8.0,1.0,15.0,8.0],"texture":"#2"},"east":{"uv":[0.0,0.0,1.0,1.0],"texture":"#2"},"south":{"uv":[8.0,1.0,15.0,8.0],"texture":"#2"},"west":{"uv":[0.0,0.0,1.0,1.0],"texture":"#2"},"up":{"uv":[0.0,0.0,1.0,1.0],"texture":"#2"},"down":{"uv":[0.0,0.0,1.0,1.0],"texture":"#2"}}},{"from":[6.7,11.2,6.7],"to":[9.3,16.8,9.3],"rotation":{"angle":0.0,"axis":"y","origin":[8.0,3.0,8.0]},"faces":{"north":{"uv":[13.75,7.5,14.25,9.75],"texture":"#1"},"east":{"uv":[13.75,7.5,14.25,9.75],"texture":"#1"},"south":{"uv":[13.75,7.5,14.25,9.75],"texture":"#1"},"west":{"uv":[13.75,7.5,14.25,9.75],"texture":"#1"}}}],"display":{"thirdperson_righthand":{"translation":[3.0,4.0,5.0],"rotation":[69.88,58.49,-28.77],"scale":[0.85,0.85,0.85]},"thirdperson_lefthand":{"translation":[3.0,4.0,5.0],"rotation":[69.88,58.49,-28.77],"scale":[0.85,0.85,0.85]},"firstperson_righthand":{"translation":[10.5,3.5,-7.25],"rotation":[174.14,68.55,172.1],"scale":[0.54297,0.54297,0.54297]},"firstperson_lefthand":{"translation":[10.5,3.5,-7.25],"rotation":[174.14,68.55,172.1],"scale":[0.54297,0.54297,0.54297]},"ground":{"translation":[0.0,4.25,0.0],"scale":[0.43945,0.43945,0.43945]},"gui":{"translation":[1.0,0.75,0.0],"rotation":[-156.08,-6.57,-137.01],"scale":[0.46251,0.46251,0.46251]},"head":{"translation":[0.0,4.25,0.0],"rotation":[0.0,3.25,0.0],"scale":[1.6,1.6,1.6]}},"credit":"Made with Blockbench","gui_light":"front"}