{"textures":{"1":"mcc:island_cosmetics/general/accessory/bone/bone"},"elements":[{"from":[4.9,-0.1,6.4],"to":[11.1,3.1,9.6],"rotation":{"angle":0.0,"axis":"y","origin":[0.0,0.0,0.5]},"faces":{"north":{"uv":[3.0,0.0,9.0,3.0],"texture":"#1","rotation":180},"east":{"uv":[3.0,3.0,6.0,6.0],"texture":"#1","rotation":180},"south":{"uv":[3.0,0.0,9.0,3.0],"texture":"#1","rotation":180},"west":{"uv":[3.0,3.0,6.0,6.0],"texture":"#1","rotation":180},"up":{"uv":[3.0,9.0,9.0,12.0],"texture":"#1"},"down":{"uv":[3.0,6.0,9.0,9.0],"texture":"#1"}}},{"from":[4.9,13.9,6.4],"to":[11.1,17.1,9.6],"rotation":{"angle":0.0,"axis":"y","origin":[0.0,0.0,0.5]},"faces":{"north":{"uv":[3.0,0.0,9.0,3.0],"texture":"#1"},"east":{"uv":[3.0,3.0,6.0,6.0],"texture":"#1"},"south":{"uv":[3.0,0.0,9.0,3.0],"texture":"#1"},"west":{"uv":[3.0,3.0,6.0,6.0],"texture":"#1"},"up":{"uv":[3.0,6.0,9.0,9.0],"texture":"#1"},"down":{"uv":[3.0,9.0,9.0,12.0],"texture":"#1"}}},{"from":[6.5,3.0,6.5],"to":[9.5,14.0,9.5],"rotation":{"angle":0.0,"axis":"y","origin":[0.5,0.0,0.5]},"faces":{"north":{"uv":[0.0,0.0,3.0,11.0],"texture":"#1"},"east":{"uv":[0.0,0.0,3.0,11.0],"texture":"#1"},"south":{"uv":[0.0,0.0,3.0,11.0],"texture":"#1"},"west":{"uv":[0.0,0.0,3.0,11.0],"texture":"#1"},"up":{"uv":[0.0,0.0,1.0,1.0],"texture":"#1"},"down":{"uv":[0.0,0.0,1.0,1.0],"texture":"#1"}}}],"display":{"thirdperson_righthand":{"translation":[0.0,-1.5,3.0],"rotation":[-178.5,-89.0,176.75],"scale":[0.85,0.85,0.85]},"thirdperson_lefthand":{"translation":[0.0,-1.5,3.0],"rotation":[-178.5,-89.0,176.75],"scale":[0.85,0.85,0.85]},"firstperson_righthand":{"translation":[2.13,3.2,1.13],"rotation":[-42.25,104.0,10.25],"scale":[0.41438,0.41438,0.41438]},"firstperson_lefthand":{"translation":[2.13,3.2,1.63],"rotation":[-24.0,281.5,10.25],"scale":[0.41438,0.41438,0.41438]},"ground":{"translation":[0.0,4.25,0.0],"scale":[0.43945,0.43945,0.43945]},"gui":{"translation":[-0.25,-0.25,0.0],"rotation":[178.81,-18.91,-138.15],"scale":[0.84531,0.84531,0.84531]}},"credit":"Made with Blockbench","gui_light":"front"}