{"textures":{"1":"mcc:island_cosmetics/general/accessory/mace/mace"},"elements":[{"from":[7.0,9.0,7.0],"to":[9.0,16.0,9.0],"rotation":{"angle":0.0,"axis":"y","origin":[8.0,-0.5,8.0]},"faces":{"north":{"uv":[6.0,5.5,7.0,9.0],"texture":"#1"},"east":{"uv":[7.0,5.5,6.0,9.0],"texture":"#1"},"south":{"uv":[6.0,5.5,7.0,9.0],"texture":"#1"},"west":{"uv":[7.0,5.5,6.0,9.0],"texture":"#1"}}},{"from":[6.5,0.0,6.5],"to":[9.5,3.0,9.5],"rotation":{"angle":0.0,"axis":"y","origin":[8.0,-0.5,8.0]},"faces":{"north":{"uv":[8.5,6.5,7.0,8.0],"texture":"#1"},"east":{"uv":[8.5,6.5,7.0,8.0],"texture":"#1"},"south":{"uv":[8.5,6.5,7.0,8.0],"texture":"#1"},"west":{"uv":[8.5,6.5,7.0,8.0],"texture":"#1"},"up":{"uv":[10.0,3.5,8.5,5.0],"texture":"#1"},"down":{"uv":[10.0,5.0,8.5,6.5],"texture":"#1"}}},{"from":[6.5,3.0,6.5],"to":[9.5,9.0,9.5],"rotation":{"angle":0.0,"axis":"y","origin":[8.0,-0.5,8.0]},"faces":{"north":{"uv":[8.5,3.5,7.0,6.5],"texture":"#1","tintindex":0},"east":{"uv":[8.5,3.5,7.0,6.5],"texture":"#1","tintindex":0},"south":{"uv":[8.5,3.5,7.0,6.5],"texture":"#1","tintindex":0},"west":{"uv":[8.5,3.5,7.0,6.5],"texture":"#1","tintindex":0},"up":{"uv":[10.0,3.5,8.5,5.0],"texture":"#1","tintindex":0}}},{"from":[6.5,16.0,6.5],"to":[9.5,31.0,9.5],"rotation":{"angle":0.0,"axis":"y","origin":[8.0,-0.5,8.0]},"faces":{"north":{"uv":[5.0,0.0,3.5,7.5],"texture":"#1"},"east":{"uv":[5.0,0.0,3.5,7.5],"texture":"#1"},"south":{"uv":[5.0,0.0,3.5,7.5],"texture":"#1"},"west":{"uv":[5.0,0.0,3.5,7.5],"texture":"#1"},"up":{"uv":[3.0,7.5,1.5,9.0],"texture":"#1"},"down":{"uv":[3.0,7.5,1.5,9.0],"texture":"#1"}}},{"from":[4.5,18.0,4.5],"to":[11.5,29.0,11.5],"rotation":{"angle":0.0,"axis":"y","origin":[8.5,-0.5,7.0]},"faces":{"north":{"uv":[3.5,2.0,0.0,7.5],"texture":"#1"},"east":{"uv":[3.5,2.0,0.0,7.5],"texture":"#1"},"south":{"uv":[3.5,2.0,0.0,7.5],"texture":"#1"},"west":{"uv":[3.5,2.0,0.0,7.5],"texture":"#1"},"up":{"uv":[8.5,0.0,5.0,3.5],"texture":"#1"},"down":{"uv":[8.5,0.0,5.0,3.5],"texture":"#1"}}},{"from":[8.0,25.0,11.5],"to":[8.0,28.0,14.5],"rotation":{"angle":0.0,"axis":"y","origin":[8.5,-0.5,7.0]},"faces":{"east":{"uv":[1.5,7.5,0.0,9.0],"texture":"#1"},"west":{"uv":[0.0,7.5,1.5,9.0],"texture":"#1"}}},{"from":[8.0,19.0,11.5],"to":[8.0,22.0,14.5],"rotation":{"angle":0.0,"axis":"y","origin":[8.5,-0.5,7.0]},"faces":{"east":{"uv":[1.5,7.5,0.0,9.0],"texture":"#1"},"west":{"uv":[0.0,7.5,1.5,9.0],"texture":"#1"}}},{"from":[8.0,25.0,1.5],"to":[8.0,28.0,4.5],"rotation":{"angle":0.0,"axis":"y","origin":[8.5,-0.5,9.0]},"faces":{"east":{"uv":[0.0,7.5,1.5,9.0],"texture":"#1"},"west":{"uv":[1.5,7.5,0.0,9.0],"texture":"#1"}}},{"from":[8.0,19.0,1.5],"to":[8.0,22.0,4.5],"rotation":{"angle":0.0,"axis":"y","origin":[8.5,-0.5,9.0]},"faces":{"east":{"uv":[0.0,7.5,1.5,9.0],"texture":"#1"},"west":{"uv":[1.5,7.5,0.0,9.0],"texture":"#1"}}},{"from":[11.5,25.0,8.0],"to":[14.5,28.0,8.0],"rotation":{"angle":0.0,"axis":"y","origin":[7.5,22.5,8.0]},"faces":{"north":{"uv":[1.5,7.5,0.0,9.0],"texture":"#1"},"south":{"uv":[0.0,7.5,1.5,9.0],"texture":"#1"}}},{"from":[11.5,19.0,8.0],"to":[14.5,22.0,8.0],"rotation":{"angle":0.0,"axis":"y","origin":[7.5,22.5,8.0]},"faces":{"north":{"uv":[1.5,7.5,0.0,9.0],"texture":"#1"},"south":{"uv":[0.0,7.5,1.5,9.0],"texture":"#1"}}},{"from":[1.5,25.0,8.0],"to":[4.5,28.0,8.0],"rotation":{"angle":0.0,"axis":"y","origin":[7.5,22.5,8.0]},"faces":{"north":{"uv":[0.0,7.5,1.5,9.0],"texture":"#1"},"south":{"uv":[1.5,7.5,0.0,9.0],"texture":"#1"}}},{"from":[1.5,19.0,8.0],"to":[4.5,22.0,8.0],"rotation":{"angle":0.0,"axis":"y","origin":[7.5,22.5,8.0]},"faces":{"north":{"uv":[0.0,7.5,1.5,9.0],"texture":"#1"},"south":{"uv":[1.5,7.5,0.0,9.0],"texture":"#1"}}}],"display":{"thirdperson_righthand":{"translation":[0.0,0.0,2.0],"rotation":[2.75,-90.0,0.0],"scale":[0.84609,0.84609,0.84609]},"thirdperson_lefthand":{"translation":[0.0,0.0,2.0],"rotation":[2.75,-90.0,0.0],"scale":[0.84609,0.84609,0.84609]},"firstperson_righthand":{"translation":[13.5,-1.5,-7.25],"rotation":[170.36,80.76,-179.66],"scale":[0.67187,0.67187,0.67187]},"firstperson_lefthand":{"translation":[13.5,-1.5,-7.25],"rotation":[33.91,-76.66,38.79],"scale":[0.67187,0.67187,0.67187]},"ground":{"translation":[0.0,4.25,0.0],"scale":[0.43945,0.43945,0.43945]},"gui":{"translation":[-3.25,-3.25,0.0],"rotation":[12.82,26.82,-49.15],"scale":[0.60705,0.60705,0.60705]},"head":{"translation":[0.0,4.25,0.0],"rotation":[0.0,3.25,0.0],"scale":[1.6,1.6,1.6]}},"credit":"Made with Blockbench","gui_light":"front"}