{"providers":[{"type":"space","advances":{" ":4}},{"type":"bitmap","file":"mcc:2.png","chars":["","","","","","","","\u0000\u0000\u0000\u0000\u0000\u0000\u0000\u0000\u0000\u0000\u0000\u0000\u0000\u0000\u0000\u0000\u0000\u0000\u0000\u0000\u0000\u0000\u0000\u0000\u0000\u0000\u0000\u0000\u0000\u0000\u0000\u0000"],"ascent":9,"height":9},{"type":"bitmap","file":"mcc:2.png","chars":["𞀀𞀁𞀂𞀃𞀄𞀅𞀆𞀇𞀈𞀉𞀊𞀋𞀌𞀍𞀎𞀏𞀐𞀑𞀒𞀓𞀔𞀕𞀖𞀗𞀘𞀙𞀚𞀛𞀜𞀝𞀞𞀟𞀠𞀡𞀢𞀣𞀤𞀥𞀦𞀧𞀨𞀩𞀪𞀫𞀬𞀭𞀮𞀯𞀰𞀱𞀲𞀳𞀴𞀵𞀶𞀷𞀸𞀹𞀺𞀻𞀼𞀽𞀾𞀿𞁀𞁁𞁂𞁃","𞁄𞁅𞁆𞁇𞁈𞁉𞁊𞁋𞁌𞁍𞁎𞁏𞁐𞁑𞁒𞁓𞁔𞁕𞁖𞁗𞁘𞁙𞁚𞁛𞁜𞁝𞁞𞁟𞁠𞁡𞁢𞁣𞁤𞁥𞁦𞁧𞁨𞁩𞁪𞁫𞁬𞁭𞁮𞁯𞁰𞁱𞁲𞁳𞁴𞁵𞁶𞁷𞁸𞁹𞁺𞁻𞁼𞁽𞁾𞁿𞂀𞂁𞂂𞂃𞂄𞂅𞂆𞂇","𞂈𞂉𞂊𞂋𞂌𞂍𞂎𞂏𞂐𞂑𞂒𞂓𞂔𞂕𞂖𞂗𞂘𞂙𞂚𞂛𞂜𞂝𞂞𞂟𞂠𞂡𞂢𞂣𞂤𞂥𞂦𞂧𞂨𞂩𞂪𞂫𞂬𞂭𞂮𞂯𞂰𞂱𞂲𞂳𞂴𞂵𞂶𞂷𞂸𞂹𞂺𞂻𞂼𞂽𞂾𞂿𞃀𞃁𞃂𞃃𞃄𞃅𞃆𞃇𞃈𞃉𞃊𞃋","𞃌𞃍𞃎𞃏𞃐𞃑𞃒𞃓𞃔𞃕𞃖𞃗𞃘𞃙𞃚𞃛𞃜𞃝𞃞𞃟𞃠𞃡𞃢𞃣𞃤𞃥𞃦𞃧𞃨𞃩𞃪𞃫𞃬𞃭𞃮𞃯𞃰𞃱𞃲𞃳𞃴𞃵𞃶𞃷𞃸𞃹𞃺𞃻𞃼𞃽𞃾𞃿𞄀𞄁𞄂𞄃𞄄𞄅𞄆𞄇𞄈𞄉𞄊𞄋𞄌𞄍𞄎𞄏","𞄐𞄑𞄒𞄓𞄔𞄕𞄖𞄗𞄘𞄙𞄚𞄛𞄜𞄝𞄞𞄟𞄠𞄡𞄢𞄣𞄤𞄥𞄦𞄧𞄨𞄩𞄪𞄫𞄬𞄭𞄮𞄯𞄰𞄱𞄲𞄳𞄴𞄵𞄶𞄷𞄸𞄹𞄺𞄻𞄼𞄽𞄾𞄿𞅀𞅁𞅂𞅃𞅄𞅅𞅆𞅇𞅈𞅉𞅊𞅋𞅌𞅍𞅎𞅏𞅐𞅑𞅒𞅓","𞅔𞅕𞅖𞅗𞅘𞅙𞅚𞅛𞅜𞅝𞅞𞅟𞅠𞅡𞅢𞅣𞅤𞅥𞅦𞅧𞅨𞅩𞅪𞅫𞅬𞅭𞅮𞅯𞅰𞅱𞅲𞅳𞅴𞅵𞅶𞅷𞅸𞅹𞅺𞅻𞅼𞅽𞅾𞅿𞆀𞆁𞆂𞆃𞆄𞆅𞆆𞆇𞆈𞆉𞆊𞆋𞆌𞆍𞆎𞆏𞆐𞆑𞆒𞆓𞆔𞆕𞆖𞆗","𞆘𞆙𞆚𞆛𞆜𞆝𞆞𞆟𞆠𞆡𞆢𞆣𞆤𞆥𞆦𞆧𞆨𞆩𞆪𞆫𞆬𞆭𞆮𞆯𞆰𞆱𞆲𞆳𞆴𞆵𞆶𞆷𞆸𞆹𞆺𞆻𞆼𞆽𞆾𞆿𞇀𞇁𞇂𞇃𞇄𞇅𞇆𞇇𞇈𞇉𞇊𞇋𞇌𞇍𞇎𞇏𞇐𞇑𞇒𞇓𞇔𞇕𞇖𞇗𞇘𞇙𞇚𞇛","𞇜𞇝𞇞𞇟𞇠𞇡𞇢𞇣𞇤𞇥𞇦𞇧𞇨𞇩𞇪𞇫𞇬𞇭𞇮𞇯𞇰𞇱𞇲𞇳𞇴𞇵𞇶𞇷𞇸𞇹𞇺𞇻𞇼𞇽𞇾𞇿\u0000\u0000\u0000\u0000\u0000\u0000\u0000\u0000\u0000\u0000\u0000\u0000\u0000\u0000\u0000\u0000\u0000\u0000\u0000\u0000\u0000\u0000\u0000\u0000\u0000\u0000\u0000\u0000\u0000\u0000\u0000\u0000"],"ascent":0,"height":9},{"type":"bitmap","file":"mcc:2.png","chars":["𮀀𮀁𮀂𮀃𮀄𮀅𮀆𮀇𮀈𮀉𮀊𮀋𮀌𮀍𮀎𮀏𮀐𮀑𮀒𮀓𮀔𮀕𮀖𮀗𮀘𮀙𮀚𮀛𮀜𮀝𮀞𮀟𮀠𮀡𮀢𮀣𮀤𮀥𮀦𮀧𮀨𮀩𮀪𮀫𮀬𮀭𮀮𮀯𮀰𮀱𮀲𮀳𮀴𮀵𮀶𮀷𮀸𮀹𮀺𮀻𮀼𮀽𮀾𮀿𮁀𮁁𮁂𮁃","𮁄𮁅𮁆𮁇𮁈𮁉𮁊𮁋𮁌𮁍𮁎𮁏𮁐𮁑𮁒𮁓𮁔𮁕𮁖𮁗𮁘𮁙𮁚𮁛𮁜𮁝𮁞𮁟𮁠𮁡𮁢𮁣𮁤𮁥𮁦𮁧𮁨𮁩𮁪𮁫𮁬𮁭𮁮𮁯𮁰𮁱𮁲𮁳𮁴𮁵𮁶𮁷𮁸𮁹𮁺𮁻𮁼𮁽𮁾𮁿𮂀𮂁𮂂𮂃𮂄𮂅𮂆𮂇","𮂈𮂉𮂊𮂋𮂌𮂍𮂎𮂏𮂐𮂑𮂒𮂓𮂔𮂕𮂖𮂗𮂘𮂙𮂚𮂛𮂜𮂝𮂞𮂟𮂠𮂡𮂢𮂣𮂤𮂥𮂦𮂧𮂨𮂩𮂪𮂫𮂬𮂭𮂮𮂯𮂰𮂱𮂲𮂳𮂴𮂵𮂶𮂷𮂸𮂹𮂺𮂻𮂼𮂽𮂾𮂿𮃀𮃁𮃂𮃃𮃄𮃅𮃆𮃇𮃈𮃉𮃊𮃋","𮃌𮃍𮃎𮃏𮃐𮃑𮃒𮃓𮃔𮃕𮃖𮃗𮃘𮃙𮃚𮃛𮃜𮃝𮃞𮃟𮃠𮃡𮃢𮃣𮃤𮃥𮃦𮃧𮃨𮃩𮃪𮃫𮃬𮃭𮃮𮃯𮃰𮃱𮃲𮃳𮃴𮃵𮃶𮃷𮃸𮃹𮃺𮃻𮃼𮃽𮃾𮃿𮄀𮄁𮄂𮄃𮄄𮄅𮄆𮄇𮄈𮄉𮄊𮄋𮄌𮄍𮄎𮄏","𮄐𮄑𮄒𮄓𮄔𮄕𮄖𮄗𮄘𮄙𮄚𮄛𮄜𮄝𮄞𮄟𮄠𮄡𮄢𮄣𮄤𮄥𮄦𮄧𮄨𮄩𮄪𮄫𮄬𮄭𮄮𮄯𮄰𮄱𮄲𮄳𮄴𮄵𮄶𮄷𮄸𮄹𮄺𮄻𮄼𮄽𮄾𮄿𮅀𮅁𮅂𮅃𮅄𮅅𮅆𮅇𮅈𮅉𮅊𮅋𮅌𮅍𮅎𮅏𮅐𮅑𮅒𮅓","𮅔𮅕𮅖𮅗𮅘𮅙𮅚𮅛𮅜𮅝𮅞𮅟𮅠𮅡𮅢𮅣𮅤𮅥𮅦𮅧𮅨𮅩𮅪𮅫𮅬𮅭𮅮𮅯𮅰𮅱𮅲𮅳𮅴𮅵𮅶𮅷𮅸𮅹𮅺𮅻𮅼𮅽𮅾𮅿𮆀𮆁𮆂𮆃𮆄𮆅𮆆𮆇𮆈𮆉𮆊𮆋𮆌𮆍𮆎𮆏𮆐𮆑𮆒𮆓𮆔𮆕𮆖𮆗","𮆘𮆙𮆚𮆛𮆜𮆝𮆞𮆟𮆠𮆡𮆢𮆣𮆤𮆥𮆦𮆧𮆨𮆩𮆪𮆫𮆬𮆭𮆮𮆯𮆰𮆱𮆲𮆳𮆴𮆵𮆶𮆷𮆸𮆹𮆺𮆻𮆼𮆽𮆾𮆿𮇀𮇁𮇂𮇃𮇄𮇅𮇆𮇇𮇈𮇉𮇊𮇋𮇌𮇍𮇎𮇏𮇐𮇑𮇒𮇓𮇔𮇕𮇖𮇗𮇘𮇙𮇚𮇛","𮇜𮇝𮇞𮇟𮇠𮇡𮇢𮇣𮇤𮇥𮇦𮇧𮇨𮇩𮇪𮇫𮇬𮇭𮇮𮇯𮇰𮇱𮇲𮇳𮇴𮇵𮇶𮇷𮇸𮇹𮇺𮇻𮇼𮇽𮇾𮇿\u0000\u0000\u0000\u0000\u0000\u0000\u0000\u0000\u0000\u0000\u0000\u0000\u0000\u0000\u0000\u0000\u0000\u0000\u0000\u0000\u0000\u0000\u0000\u0000\u0000\u0000\u0000\u0000\u0000\u0000\u0000\u0000"],"ascent":-9,"height":9},{"type":"bitmap","file":"mcc:2.png","chars":["𾀀𾀁𾀂𾀃𾀄𾀅𾀆𾀇𾀈𾀉𾀊𾀋𾀌𾀍𾀎𾀏𾀐𾀑𾀒𾀓𾀔𾀕𾀖𾀗𾀘𾀙𾀚𾀛𾀜𾀝𾀞𾀟𾀠𾀡𾀢𾀣𾀤𾀥𾀦𾀧𾀨𾀩𾀪𾀫𾀬𾀭𾀮𾀯𾀰𾀱𾀲𾀳𾀴𾀵𾀶𾀷𾀸𾀹𾀺𾀻𾀼𾀽𾀾𾀿𾁀𾁁𾁂𾁃","𾁄𾁅𾁆𾁇𾁈𾁉𾁊𾁋𾁌𾁍𾁎𾁏𾁐𾁑𾁒𾁓𾁔𾁕𾁖𾁗𾁘𾁙𾁚𾁛𾁜𾁝𾁞𾁟𾁠𾁡𾁢𾁣𾁤𾁥𾁦𾁧𾁨𾁩𾁪𾁫𾁬𾁭𾁮𾁯𾁰𾁱𾁲𾁳𾁴𾁵𾁶𾁷𾁸𾁹𾁺𾁻𾁼𾁽𾁾𾁿𾂀𾂁𾂂𾂃𾂄𾂅𾂆𾂇","𾂈𾂉𾂊𾂋𾂌𾂍𾂎𾂏𾂐𾂑𾂒𾂓𾂔𾂕𾂖𾂗𾂘𾂙𾂚𾂛𾂜𾂝𾂞𾂟𾂠𾂡𾂢𾂣𾂤𾂥𾂦𾂧𾂨𾂩𾂪𾂫𾂬𾂭𾂮𾂯𾂰𾂱𾂲𾂳𾂴𾂵𾂶𾂷𾂸𾂹𾂺𾂻𾂼𾂽𾂾𾂿𾃀𾃁𾃂𾃃𾃄𾃅𾃆𾃇𾃈𾃉𾃊𾃋","𾃌𾃍𾃎𾃏𾃐𾃑𾃒𾃓𾃔𾃕𾃖𾃗𾃘𾃙𾃚𾃛𾃜𾃝𾃞𾃟𾃠𾃡𾃢𾃣𾃤𾃥𾃦𾃧𾃨𾃩𾃪𾃫𾃬𾃭𾃮𾃯𾃰𾃱𾃲𾃳𾃴𾃵𾃶𾃷𾃸𾃹𾃺𾃻𾃼𾃽𾃾𾃿𾄀𾄁𾄂𾄃𾄄𾄅𾄆𾄇𾄈𾄉𾄊𾄋𾄌𾄍𾄎𾄏","𾄐𾄑𾄒𾄓𾄔𾄕𾄖𾄗𾄘𾄙𾄚𾄛𾄜𾄝𾄞𾄟𾄠𾄡𾄢𾄣𾄤𾄥𾄦𾄧𾄨𾄩𾄪𾄫𾄬𾄭𾄮𾄯𾄰𾄱𾄲𾄳𾄴𾄵𾄶𾄷𾄸𾄹𾄺𾄻𾄼𾄽𾄾𾄿𾅀𾅁𾅂𾅃𾅄𾅅𾅆𾅇𾅈𾅉𾅊𾅋𾅌𾅍𾅎𾅏𾅐𾅑𾅒𾅓","𾅔𾅕𾅖𾅗𾅘𾅙𾅚𾅛𾅜𾅝𾅞𾅟𾅠𾅡𾅢𾅣𾅤𾅥𾅦𾅧𾅨𾅩𾅪𾅫𾅬𾅭𾅮𾅯𾅰𾅱𾅲𾅳𾅴𾅵𾅶𾅷𾅸𾅹𾅺𾅻𾅼𾅽𾅾𾅿𾆀𾆁𾆂𾆃𾆄𾆅𾆆𾆇𾆈𾆉𾆊𾆋𾆌𾆍𾆎𾆏𾆐𾆑𾆒𾆓𾆔𾆕𾆖𾆗","𾆘𾆙𾆚𾆛𾆜𾆝𾆞𾆟𾆠𾆡𾆢𾆣𾆤𾆥𾆦𾆧𾆨𾆩𾆪𾆫𾆬𾆭𾆮𾆯𾆰𾆱𾆲𾆳𾆴𾆵𾆶𾆷𾆸𾆹𾆺𾆻𾆼𾆽𾆾𾆿𾇀𾇁𾇂𾇃𾇄𾇅𾇆𾇇𾇈𾇉𾇊𾇋𾇌𾇍𾇎𾇏𾇐𾇑𾇒𾇓𾇔𾇕𾇖𾇗𾇘𾇙𾇚𾇛","𾇜𾇝𾇞𾇟𾇠𾇡𾇢𾇣𾇤𾇥𾇦𾇧𾇨𾇩𾇪𾇫𾇬𾇭𾇮𾇯𾇰𾇱𾇲𾇳𾇴𾇵𾇶𾇷𾇸𾇹𾇺𾇻𾇼𾇽𾇾𾇿\u0000\u0000\u0000\u0000\u0000\u0000\u0000\u0000\u0000\u0000\u0000\u0000\u0000\u0000\u0000\u0000\u0000\u0000\u0000\u0000\u0000\u0000\u0000\u0000\u0000\u0000\u0000\u0000\u0000\u0000\u0000\u0000"],"ascent":-18,"height":9},{"type":"bitmap","file":"mcc:2.png","chars":["񎀀񎀁񎀂񎀃񎀄񎀅񎀆񎀇񎀈񎀉񎀊񎀋񎀌񎀍񎀎񎀏񎀐񎀑񎀒񎀓񎀔񎀕񎀖񎀗񎀘񎀙񎀚񎀛񎀜񎀝񎀞񎀟񎀠񎀡񎀢񎀣񎀤񎀥񎀦񎀧񎀨񎀩񎀪񎀫񎀬񎀭񎀮񎀯񎀰񎀱񎀲񎀳񎀴񎀵񎀶񎀷񎀸񎀹񎀺񎀻񎀼񎀽񎀾񎀿񎁀񎁁񎁂񎁃","񎁄񎁅񎁆񎁇񎁈񎁉񎁊񎁋񎁌񎁍񎁎񎁏񎁐񎁑񎁒񎁓񎁔񎁕񎁖񎁗񎁘񎁙񎁚񎁛񎁜񎁝񎁞񎁟񎁠񎁡񎁢񎁣񎁤񎁥񎁦񎁧񎁨񎁩񎁪񎁫񎁬񎁭񎁮񎁯񎁰񎁱񎁲񎁳񎁴񎁵񎁶񎁷񎁸񎁹񎁺񎁻񎁼񎁽񎁾񎁿񎂀񎂁񎂂񎂃񎂄񎂅񎂆񎂇","񎂈񎂉񎂊񎂋񎂌񎂍񎂎񎂏񎂐񎂑񎂒񎂓񎂔񎂕񎂖񎂗񎂘񎂙񎂚񎂛񎂜񎂝񎂞񎂟񎂠񎂡񎂢񎂣񎂤񎂥񎂦񎂧񎂨񎂩񎂪񎂫񎂬񎂭񎂮񎂯񎂰񎂱񎂲񎂳񎂴񎂵񎂶񎂷񎂸񎂹񎂺񎂻񎂼񎂽񎂾񎂿񎃀񎃁񎃂񎃃񎃄񎃅񎃆񎃇񎃈񎃉񎃊񎃋","񎃌񎃍񎃎񎃏񎃐񎃑񎃒񎃓񎃔񎃕񎃖񎃗񎃘񎃙񎃚񎃛񎃜񎃝񎃞񎃟񎃠񎃡񎃢񎃣񎃤񎃥񎃦񎃧񎃨񎃩񎃪񎃫񎃬񎃭񎃮񎃯񎃰񎃱񎃲񎃳񎃴񎃵񎃶񎃷񎃸񎃹񎃺񎃻񎃼񎃽񎃾񎃿񎄀񎄁񎄂񎄃񎄄񎄅񎄆񎄇񎄈񎄉񎄊񎄋񎄌񎄍񎄎񎄏","񎄐񎄑񎄒񎄓񎄔񎄕񎄖񎄗񎄘񎄙񎄚񎄛񎄜񎄝񎄞񎄟񎄠񎄡񎄢񎄣񎄤񎄥񎄦񎄧񎄨񎄩񎄪񎄫񎄬񎄭񎄮񎄯񎄰񎄱񎄲񎄳񎄴񎄵񎄶񎄷񎄸񎄹񎄺񎄻񎄼񎄽񎄾񎄿񎅀񎅁񎅂񎅃񎅄񎅅񎅆񎅇񎅈񎅉񎅊񎅋񎅌񎅍񎅎񎅏񎅐񎅑񎅒񎅓","񎅔񎅕񎅖񎅗񎅘񎅙񎅚񎅛񎅜񎅝񎅞񎅟񎅠񎅡񎅢񎅣񎅤񎅥񎅦񎅧񎅨񎅩񎅪񎅫񎅬񎅭񎅮񎅯񎅰񎅱񎅲񎅳񎅴񎅵񎅶񎅷񎅸񎅹񎅺񎅻񎅼񎅽񎅾񎅿񎆀񎆁񎆂񎆃񎆄񎆅񎆆񎆇񎆈񎆉񎆊񎆋񎆌񎆍񎆎񎆏񎆐񎆑񎆒񎆓񎆔񎆕񎆖񎆗","񎆘񎆙񎆚񎆛񎆜񎆝񎆞񎆟񎆠񎆡񎆢񎆣񎆤񎆥񎆦񎆧񎆨񎆩񎆪񎆫񎆬񎆭񎆮񎆯񎆰񎆱񎆲񎆳񎆴񎆵񎆶񎆷񎆸񎆹񎆺񎆻񎆼񎆽񎆾񎆿񎇀񎇁񎇂񎇃񎇄񎇅񎇆񎇇񎇈񎇉񎇊񎇋񎇌񎇍񎇎񎇏񎇐񎇑񎇒񎇓񎇔񎇕񎇖񎇗񎇘񎇙񎇚񎇛","񎇜񎇝񎇞񎇟񎇠񎇡񎇢񎇣񎇤񎇥񎇦񎇧񎇨񎇩񎇪񎇫񎇬񎇭񎇮񎇯񎇰񎇱񎇲񎇳񎇴񎇵񎇶񎇷񎇸񎇹񎇺񎇻񎇼񎇽񎇾񎇿\u0000\u0000\u0000\u0000\u0000\u0000\u0000\u0000\u0000\u0000\u0000\u0000\u0000\u0000\u0000\u0000\u0000\u0000\u0000\u0000\u0000\u0000\u0000\u0000\u0000\u0000\u0000\u0000\u0000\u0000\u0000\u0000"],"ascent":-27,"height":9},{"type":"bitmap","file":"mcc:2.png","chars":["񞀀񞀁񞀂񞀃񞀄񞀅񞀆񞀇񞀈񞀉񞀊񞀋񞀌񞀍񞀎񞀏񞀐񞀑񞀒񞀓񞀔񞀕񞀖񞀗񞀘񞀙񞀚񞀛񞀜񞀝񞀞񞀟񞀠񞀡񞀢񞀣񞀤񞀥񞀦񞀧񞀨񞀩񞀪񞀫񞀬񞀭񞀮񞀯񞀰񞀱񞀲񞀳񞀴񞀵񞀶񞀷񞀸񞀹񞀺񞀻񞀼񞀽񞀾񞀿񞁀񞁁񞁂񞁃","񞁄񞁅񞁆񞁇񞁈񞁉񞁊񞁋񞁌񞁍񞁎񞁏񞁐񞁑񞁒񞁓񞁔񞁕񞁖񞁗񞁘񞁙񞁚񞁛񞁜񞁝񞁞񞁟񞁠񞁡񞁢񞁣񞁤񞁥񞁦񞁧񞁨񞁩񞁪񞁫񞁬񞁭񞁮񞁯񞁰񞁱񞁲񞁳񞁴񞁵񞁶񞁷񞁸񞁹񞁺񞁻񞁼񞁽񞁾񞁿񞂀񞂁񞂂񞂃񞂄񞂅񞂆񞂇","񞂈񞂉񞂊񞂋񞂌񞂍񞂎񞂏񞂐񞂑񞂒񞂓񞂔񞂕񞂖񞂗񞂘񞂙񞂚񞂛񞂜񞂝񞂞񞂟񞂠񞂡񞂢񞂣񞂤񞂥񞂦񞂧񞂨񞂩񞂪񞂫񞂬񞂭񞂮񞂯񞂰񞂱񞂲񞂳񞂴񞂵񞂶񞂷񞂸񞂹񞂺񞂻񞂼񞂽񞂾񞂿񞃀񞃁񞃂񞃃񞃄񞃅񞃆񞃇񞃈񞃉񞃊񞃋","񞃌񞃍񞃎񞃏񞃐񞃑񞃒񞃓񞃔񞃕񞃖񞃗񞃘񞃙񞃚񞃛񞃜񞃝񞃞񞃟񞃠񞃡񞃢񞃣񞃤񞃥񞃦񞃧񞃨񞃩񞃪񞃫񞃬񞃭񞃮񞃯񞃰񞃱񞃲񞃳񞃴񞃵񞃶񞃷񞃸񞃹񞃺񞃻񞃼񞃽񞃾񞃿񞄀񞄁񞄂񞄃񞄄񞄅񞄆񞄇񞄈񞄉񞄊񞄋񞄌񞄍񞄎񞄏","񞄐񞄑񞄒񞄓񞄔񞄕񞄖񞄗񞄘񞄙񞄚񞄛񞄜񞄝񞄞񞄟񞄠񞄡񞄢񞄣񞄤񞄥񞄦񞄧񞄨񞄩񞄪񞄫񞄬񞄭񞄮񞄯񞄰񞄱񞄲񞄳񞄴񞄵񞄶񞄷񞄸񞄹񞄺񞄻񞄼񞄽񞄾񞄿񞅀񞅁񞅂񞅃񞅄񞅅񞅆񞅇񞅈񞅉񞅊񞅋񞅌񞅍񞅎񞅏񞅐񞅑񞅒񞅓","񞅔񞅕񞅖񞅗񞅘񞅙񞅚񞅛񞅜񞅝񞅞񞅟񞅠񞅡񞅢񞅣񞅤񞅥񞅦񞅧񞅨񞅩񞅪񞅫񞅬񞅭񞅮񞅯񞅰񞅱񞅲񞅳񞅴񞅵񞅶񞅷񞅸񞅹񞅺񞅻񞅼񞅽񞅾񞅿񞆀񞆁񞆂񞆃񞆄񞆅񞆆񞆇񞆈񞆉񞆊񞆋񞆌񞆍񞆎񞆏񞆐񞆑񞆒񞆓񞆔񞆕񞆖񞆗","񞆘񞆙񞆚񞆛񞆜񞆝񞆞񞆟񞆠񞆡񞆢񞆣񞆤񞆥񞆦񞆧񞆨񞆩񞆪񞆫񞆬񞆭񞆮񞆯񞆰񞆱񞆲񞆳񞆴񞆵񞆶񞆷񞆸񞆹񞆺񞆻񞆼񞆽񞆾񞆿񞇀񞇁񞇂񞇃񞇄񞇅񞇆񞇇񞇈񞇉񞇊񞇋񞇌񞇍񞇎񞇏񞇐񞇑񞇒񞇓񞇔񞇕񞇖񞇗񞇘񞇙񞇚񞇛","񞇜񞇝񞇞񞇟񞇠񞇡񞇢񞇣񞇤񞇥񞇦񞇧񞇨񞇩񞇪񞇫񞇬񞇭񞇮񞇯񞇰񞇱񞇲񞇳񞇴񞇵񞇶񞇷񞇸񞇹񞇺񞇻񞇼񞇽񞇾񞇿\u0000\u0000\u0000\u0000\u0000\u0000\u0000\u0000\u0000\u0000\u0000\u0000\u0000\u0000\u0000\u0000\u0000\u0000\u0000\u0000\u0000\u0000\u0000\u0000\u0000\u0000\u0000\u0000\u0000\u0000\u0000\u0000"],"ascent":-36,"height":9},{"type":"bitmap","file":"mcc:2.png","chars":["񮀀񮀁񮀂񮀃񮀄񮀅񮀆񮀇񮀈񮀉񮀊񮀋񮀌񮀍񮀎񮀏񮀐񮀑񮀒񮀓񮀔񮀕񮀖񮀗񮀘񮀙񮀚񮀛񮀜񮀝񮀞񮀟񮀠񮀡񮀢񮀣񮀤񮀥񮀦񮀧񮀨񮀩񮀪񮀫񮀬񮀭񮀮񮀯񮀰񮀱񮀲񮀳񮀴񮀵񮀶񮀷񮀸񮀹񮀺񮀻񮀼񮀽񮀾񮀿񮁀񮁁񮁂񮁃","񮁄񮁅񮁆񮁇񮁈񮁉񮁊񮁋񮁌񮁍񮁎񮁏񮁐񮁑񮁒񮁓񮁔񮁕񮁖񮁗񮁘񮁙񮁚񮁛񮁜񮁝񮁞񮁟񮁠񮁡񮁢񮁣񮁤񮁥񮁦񮁧񮁨񮁩񮁪񮁫񮁬񮁭񮁮񮁯񮁰񮁱񮁲񮁳񮁴񮁵񮁶񮁷񮁸񮁹񮁺񮁻񮁼񮁽񮁾񮁿񮂀񮂁񮂂񮂃񮂄񮂅񮂆񮂇","񮂈񮂉񮂊񮂋񮂌񮂍񮂎񮂏񮂐񮂑񮂒񮂓񮂔񮂕񮂖񮂗񮂘񮂙񮂚񮂛񮂜񮂝񮂞񮂟񮂠񮂡񮂢񮂣񮂤񮂥񮂦񮂧񮂨񮂩񮂪񮂫񮂬񮂭񮂮񮂯񮂰񮂱񮂲񮂳񮂴񮂵񮂶񮂷񮂸񮂹񮂺񮂻񮂼񮂽񮂾񮂿񮃀񮃁񮃂񮃃񮃄񮃅񮃆񮃇񮃈񮃉񮃊񮃋","񮃌񮃍񮃎񮃏񮃐񮃑񮃒񮃓񮃔񮃕񮃖񮃗񮃘񮃙񮃚񮃛񮃜񮃝񮃞񮃟񮃠񮃡񮃢񮃣񮃤񮃥񮃦񮃧񮃨񮃩񮃪񮃫񮃬񮃭񮃮񮃯񮃰񮃱񮃲񮃳񮃴񮃵񮃶񮃷񮃸񮃹񮃺񮃻񮃼񮃽񮃾񮃿񮄀񮄁񮄂񮄃񮄄񮄅񮄆񮄇񮄈񮄉񮄊񮄋񮄌񮄍񮄎񮄏","񮄐񮄑񮄒񮄓񮄔񮄕񮄖񮄗񮄘񮄙񮄚񮄛񮄜񮄝񮄞񮄟񮄠񮄡񮄢񮄣񮄤񮄥񮄦񮄧񮄨񮄩񮄪񮄫񮄬񮄭񮄮񮄯񮄰񮄱񮄲񮄳񮄴񮄵񮄶񮄷񮄸񮄹񮄺񮄻񮄼񮄽񮄾񮄿񮅀񮅁񮅂񮅃񮅄񮅅񮅆񮅇񮅈񮅉񮅊񮅋񮅌񮅍񮅎񮅏񮅐񮅑񮅒񮅓","񮅔񮅕񮅖񮅗񮅘񮅙񮅚񮅛񮅜񮅝񮅞񮅟񮅠񮅡񮅢񮅣񮅤񮅥񮅦񮅧񮅨񮅩񮅪񮅫񮅬񮅭񮅮񮅯񮅰񮅱񮅲񮅳񮅴񮅵񮅶񮅷񮅸񮅹񮅺񮅻񮅼񮅽񮅾񮅿񮆀񮆁񮆂񮆃񮆄񮆅񮆆񮆇񮆈񮆉񮆊񮆋񮆌񮆍񮆎񮆏񮆐񮆑񮆒񮆓񮆔񮆕񮆖񮆗","񮆘񮆙񮆚񮆛񮆜񮆝񮆞񮆟񮆠񮆡񮆢񮆣񮆤񮆥񮆦񮆧񮆨񮆩񮆪񮆫񮆬񮆭񮆮񮆯񮆰񮆱񮆲񮆳񮆴񮆵񮆶񮆷񮆸񮆹񮆺񮆻񮆼񮆽񮆾񮆿񮇀񮇁񮇂񮇃񮇄񮇅񮇆񮇇񮇈񮇉񮇊񮇋񮇌񮇍񮇎񮇏񮇐񮇑񮇒񮇓񮇔񮇕񮇖񮇗񮇘񮇙񮇚񮇛","񮇜񮇝񮇞񮇟񮇠񮇡񮇢񮇣񮇤񮇥񮇦񮇧񮇨񮇩񮇪񮇫񮇬񮇭񮇮񮇯񮇰񮇱񮇲񮇳񮇴񮇵񮇶񮇷񮇸񮇹񮇺񮇻񮇼񮇽񮇾񮇿\u0000\u0000\u0000\u0000\u0000\u0000\u0000\u0000\u0000\u0000\u0000\u0000\u0000\u0000\u0000\u0000\u0000\u0000\u0000\u0000\u0000\u0000\u0000\u0000\u0000\u0000\u0000\u0000\u0000\u0000\u0000\u0000"],"ascent":-45,"height":9},{"type":"bitmap","file":"mcc:2.png","chars":["񾀀񾀁񾀂񾀃񾀄񾀅񾀆񾀇񾀈񾀉񾀊񾀋񾀌񾀍񾀎񾀏񾀐񾀑񾀒񾀓񾀔񾀕񾀖񾀗񾀘񾀙񾀚񾀛񾀜񾀝񾀞񾀟񾀠񾀡񾀢񾀣񾀤񾀥񾀦񾀧񾀨񾀩񾀪񾀫񾀬񾀭񾀮񾀯񾀰񾀱񾀲񾀳񾀴񾀵񾀶񾀷񾀸񾀹񾀺񾀻񾀼񾀽񾀾񾀿񾁀񾁁񾁂񾁃","񾁄񾁅񾁆񾁇񾁈񾁉񾁊񾁋񾁌񾁍񾁎񾁏񾁐񾁑񾁒񾁓񾁔񾁕񾁖񾁗񾁘񾁙񾁚񾁛񾁜񾁝񾁞񾁟񾁠񾁡񾁢񾁣񾁤񾁥񾁦񾁧񾁨񾁩񾁪񾁫񾁬񾁭񾁮񾁯񾁰񾁱񾁲񾁳񾁴񾁵񾁶񾁷񾁸񾁹񾁺񾁻񾁼񾁽񾁾񾁿񾂀񾂁񾂂񾂃񾂄񾂅񾂆񾂇","񾂈񾂉񾂊񾂋񾂌񾂍񾂎񾂏񾂐񾂑񾂒񾂓񾂔񾂕񾂖񾂗񾂘񾂙񾂚񾂛񾂜񾂝񾂞񾂟񾂠񾂡񾂢񾂣񾂤񾂥񾂦񾂧񾂨񾂩񾂪񾂫񾂬񾂭񾂮񾂯񾂰񾂱񾂲񾂳񾂴񾂵񾂶񾂷񾂸񾂹񾂺񾂻񾂼񾂽񾂾񾂿񾃀񾃁񾃂񾃃񾃄񾃅񾃆񾃇񾃈񾃉񾃊񾃋","񾃌񾃍񾃎񾃏񾃐񾃑񾃒񾃓񾃔񾃕񾃖񾃗񾃘񾃙񾃚񾃛񾃜񾃝񾃞񾃟񾃠񾃡񾃢񾃣񾃤񾃥񾃦񾃧񾃨񾃩񾃪񾃫񾃬񾃭񾃮񾃯񾃰񾃱񾃲񾃳񾃴񾃵񾃶񾃷񾃸񾃹񾃺񾃻񾃼񾃽񾃾񾃿񾄀񾄁񾄂񾄃񾄄񾄅񾄆񾄇񾄈񾄉񾄊񾄋񾄌񾄍񾄎񾄏","񾄐񾄑񾄒񾄓񾄔񾄕񾄖񾄗񾄘񾄙񾄚񾄛񾄜񾄝񾄞񾄟񾄠񾄡񾄢񾄣񾄤񾄥񾄦񾄧񾄨񾄩񾄪񾄫񾄬񾄭񾄮񾄯񾄰񾄱񾄲񾄳񾄴񾄵񾄶񾄷񾄸񾄹񾄺񾄻񾄼񾄽񾄾񾄿񾅀񾅁񾅂񾅃񾅄񾅅񾅆񾅇񾅈񾅉񾅊񾅋񾅌񾅍񾅎񾅏񾅐񾅑񾅒񾅓","񾅔񾅕񾅖񾅗񾅘񾅙񾅚񾅛񾅜񾅝񾅞񾅟񾅠񾅡񾅢񾅣񾅤񾅥񾅦񾅧񾅨񾅩񾅪񾅫񾅬񾅭񾅮񾅯񾅰񾅱񾅲񾅳񾅴񾅵񾅶񾅷񾅸񾅹񾅺񾅻񾅼񾅽񾅾񾅿񾆀񾆁񾆂񾆃񾆄񾆅񾆆񾆇񾆈񾆉񾆊񾆋񾆌񾆍񾆎񾆏񾆐񾆑񾆒񾆓񾆔񾆕񾆖񾆗","񾆘񾆙񾆚񾆛񾆜񾆝񾆞񾆟񾆠񾆡񾆢񾆣񾆤񾆥񾆦񾆧񾆨񾆩񾆪񾆫񾆬񾆭񾆮񾆯񾆰񾆱񾆲񾆳񾆴񾆵񾆶񾆷񾆸񾆹񾆺񾆻񾆼񾆽񾆾񾆿񾇀񾇁񾇂񾇃񾇄񾇅񾇆񾇇񾇈񾇉񾇊񾇋񾇌񾇍񾇎񾇏񾇐񾇑񾇒񾇓񾇔񾇕񾇖񾇗񾇘񾇙񾇚񾇛","񾇜񾇝񾇞񾇟񾇠񾇡񾇢񾇣񾇤񾇥񾇦񾇧񾇨񾇩񾇪񾇫񾇬񾇭񾇮񾇯񾇰񾇱񾇲񾇳񾇴񾇵񾇶񾇷񾇸񾇹񾇺񾇻񾇼񾇽񾇾񾇿\u0000\u0000\u0000\u0000\u0000\u0000\u0000\u0000\u0000\u0000\u0000\u0000\u0000\u0000\u0000\u0000\u0000\u0000\u0000\u0000\u0000\u0000\u0000\u0000\u0000\u0000\u0000\u0000\u0000\u0000\u0000\u0000"],"ascent":-54,"height":9},{"type":"bitmap","file":"mcc:2.png","chars":["򎀀򎀁򎀂򎀃򎀄򎀅򎀆򎀇򎀈򎀉򎀊򎀋򎀌򎀍򎀎򎀏򎀐򎀑򎀒򎀓򎀔򎀕򎀖򎀗򎀘򎀙򎀚򎀛򎀜򎀝򎀞򎀟򎀠򎀡򎀢򎀣򎀤򎀥򎀦򎀧򎀨򎀩򎀪򎀫򎀬򎀭򎀮򎀯򎀰򎀱򎀲򎀳򎀴򎀵򎀶򎀷򎀸򎀹򎀺򎀻򎀼򎀽򎀾򎀿򎁀򎁁򎁂򎁃","򎁄򎁅򎁆򎁇򎁈򎁉򎁊򎁋򎁌򎁍򎁎򎁏򎁐򎁑򎁒򎁓򎁔򎁕򎁖򎁗򎁘򎁙򎁚򎁛򎁜򎁝򎁞򎁟򎁠򎁡򎁢򎁣򎁤򎁥򎁦򎁧򎁨򎁩򎁪򎁫򎁬򎁭򎁮򎁯򎁰򎁱򎁲򎁳򎁴򎁵򎁶򎁷򎁸򎁹򎁺򎁻򎁼򎁽򎁾򎁿򎂀򎂁򎂂򎂃򎂄򎂅򎂆򎂇","򎂈򎂉򎂊򎂋򎂌򎂍򎂎򎂏򎂐򎂑򎂒򎂓򎂔򎂕򎂖򎂗򎂘򎂙򎂚򎂛򎂜򎂝򎂞򎂟򎂠򎂡򎂢򎂣򎂤򎂥򎂦򎂧򎂨򎂩򎂪򎂫򎂬򎂭򎂮򎂯򎂰򎂱򎂲򎂳򎂴򎂵򎂶򎂷򎂸򎂹򎂺򎂻򎂼򎂽򎂾򎂿򎃀򎃁򎃂򎃃򎃄򎃅򎃆򎃇򎃈򎃉򎃊򎃋","򎃌򎃍򎃎򎃏򎃐򎃑򎃒򎃓򎃔򎃕򎃖򎃗򎃘򎃙򎃚򎃛򎃜򎃝򎃞򎃟򎃠򎃡򎃢򎃣򎃤򎃥򎃦򎃧򎃨򎃩򎃪򎃫򎃬򎃭򎃮򎃯򎃰򎃱򎃲򎃳򎃴򎃵򎃶򎃷򎃸򎃹򎃺򎃻򎃼򎃽򎃾򎃿򎄀򎄁򎄂򎄃򎄄򎄅򎄆򎄇򎄈򎄉򎄊򎄋򎄌򎄍򎄎򎄏","򎄐򎄑򎄒򎄓򎄔򎄕򎄖򎄗򎄘򎄙򎄚򎄛򎄜򎄝򎄞򎄟򎄠򎄡򎄢򎄣򎄤򎄥򎄦򎄧򎄨򎄩򎄪򎄫򎄬򎄭򎄮򎄯򎄰򎄱򎄲򎄳򎄴򎄵򎄶򎄷򎄸򎄹򎄺򎄻򎄼򎄽򎄾򎄿򎅀򎅁򎅂򎅃򎅄򎅅򎅆򎅇򎅈򎅉򎅊򎅋򎅌򎅍򎅎򎅏򎅐򎅑򎅒򎅓","򎅔򎅕򎅖򎅗򎅘򎅙򎅚򎅛򎅜򎅝򎅞򎅟򎅠򎅡򎅢򎅣򎅤򎅥򎅦򎅧򎅨򎅩򎅪򎅫򎅬򎅭򎅮򎅯򎅰򎅱򎅲򎅳򎅴򎅵򎅶򎅷򎅸򎅹򎅺򎅻򎅼򎅽򎅾򎅿򎆀򎆁򎆂򎆃򎆄򎆅򎆆򎆇򎆈򎆉򎆊򎆋򎆌򎆍򎆎򎆏򎆐򎆑򎆒򎆓򎆔򎆕򎆖򎆗","򎆘򎆙򎆚򎆛򎆜򎆝򎆞򎆟򎆠򎆡򎆢򎆣򎆤򎆥򎆦򎆧򎆨򎆩򎆪򎆫򎆬򎆭򎆮򎆯򎆰򎆱򎆲򎆳򎆴򎆵򎆶򎆷򎆸򎆹򎆺򎆻򎆼򎆽򎆾򎆿򎇀򎇁򎇂򎇃򎇄򎇅򎇆򎇇򎇈򎇉򎇊򎇋򎇌򎇍򎇎򎇏򎇐򎇑򎇒򎇓򎇔򎇕򎇖򎇗򎇘򎇙򎇚򎇛","򎇜򎇝򎇞򎇟򎇠򎇡򎇢򎇣򎇤򎇥򎇦򎇧򎇨򎇩򎇪򎇫򎇬򎇭򎇮򎇯򎇰򎇱򎇲򎇳򎇴򎇵򎇶򎇷򎇸򎇹򎇺򎇻򎇼򎇽򎇾򎇿\u0000\u0000\u0000\u0000\u0000\u0000\u0000\u0000\u0000\u0000\u0000\u0000\u0000\u0000\u0000\u0000\u0000\u0000\u0000\u0000\u0000\u0000\u0000\u0000\u0000\u0000\u0000\u0000\u0000\u0000\u0000\u0000"],"ascent":-63,"height":9},{"type":"bitmap","file":"mcc:2.png","chars":["򞀀򞀁򞀂򞀃򞀄򞀅򞀆򞀇򞀈򞀉򞀊򞀋򞀌򞀍򞀎򞀏򞀐򞀑򞀒򞀓򞀔򞀕򞀖򞀗򞀘򞀙򞀚򞀛򞀜򞀝򞀞򞀟򞀠򞀡򞀢򞀣򞀤򞀥򞀦򞀧򞀨򞀩򞀪򞀫򞀬򞀭򞀮򞀯򞀰򞀱򞀲򞀳򞀴򞀵򞀶򞀷򞀸򞀹򞀺򞀻򞀼򞀽򞀾򞀿򞁀򞁁򞁂򞁃","򞁄򞁅򞁆򞁇򞁈򞁉򞁊򞁋򞁌򞁍򞁎򞁏򞁐򞁑򞁒򞁓򞁔򞁕򞁖򞁗򞁘򞁙򞁚򞁛򞁜򞁝򞁞򞁟򞁠򞁡򞁢򞁣򞁤򞁥򞁦򞁧򞁨򞁩򞁪򞁫򞁬򞁭򞁮򞁯򞁰򞁱򞁲򞁳򞁴򞁵򞁶򞁷򞁸򞁹򞁺򞁻򞁼򞁽򞁾򞁿򞂀򞂁򞂂򞂃򞂄򞂅򞂆򞂇","򞂈򞂉򞂊򞂋򞂌򞂍򞂎򞂏򞂐򞂑򞂒򞂓򞂔򞂕򞂖򞂗򞂘򞂙򞂚򞂛򞂜򞂝򞂞򞂟򞂠򞂡򞂢򞂣򞂤򞂥򞂦򞂧򞂨򞂩򞂪򞂫򞂬򞂭򞂮򞂯򞂰򞂱򞂲򞂳򞂴򞂵򞂶򞂷򞂸򞂹򞂺򞂻򞂼򞂽򞂾򞂿򞃀򞃁򞃂򞃃򞃄򞃅򞃆򞃇򞃈򞃉򞃊򞃋","򞃌򞃍򞃎򞃏򞃐򞃑򞃒򞃓򞃔򞃕򞃖򞃗򞃘򞃙򞃚򞃛򞃜򞃝򞃞򞃟򞃠򞃡򞃢򞃣򞃤򞃥򞃦򞃧򞃨򞃩򞃪򞃫򞃬򞃭򞃮򞃯򞃰򞃱򞃲򞃳򞃴򞃵򞃶򞃷򞃸򞃹򞃺򞃻򞃼򞃽򞃾򞃿򞄀򞄁򞄂򞄃򞄄򞄅򞄆򞄇򞄈򞄉򞄊򞄋򞄌򞄍򞄎򞄏","򞄐򞄑򞄒򞄓򞄔򞄕򞄖򞄗򞄘򞄙򞄚򞄛򞄜򞄝򞄞򞄟򞄠򞄡򞄢򞄣򞄤򞄥򞄦򞄧򞄨򞄩򞄪򞄫򞄬򞄭򞄮򞄯򞄰򞄱򞄲򞄳򞄴򞄵򞄶򞄷򞄸򞄹򞄺򞄻򞄼򞄽򞄾򞄿򞅀򞅁򞅂򞅃򞅄򞅅򞅆򞅇򞅈򞅉򞅊򞅋򞅌򞅍򞅎򞅏򞅐򞅑򞅒򞅓","򞅔򞅕򞅖򞅗򞅘򞅙򞅚򞅛򞅜򞅝򞅞򞅟򞅠򞅡򞅢򞅣򞅤򞅥򞅦򞅧򞅨򞅩򞅪򞅫򞅬򞅭򞅮򞅯򞅰򞅱򞅲򞅳򞅴򞅵򞅶򞅷򞅸򞅹򞅺򞅻򞅼򞅽򞅾򞅿򞆀򞆁򞆂򞆃򞆄򞆅򞆆򞆇򞆈򞆉򞆊򞆋򞆌򞆍򞆎򞆏򞆐򞆑򞆒򞆓򞆔򞆕򞆖򞆗","򞆘򞆙򞆚򞆛򞆜򞆝򞆞򞆟򞆠򞆡򞆢򞆣򞆤򞆥򞆦򞆧򞆨򞆩򞆪򞆫򞆬򞆭򞆮򞆯򞆰򞆱򞆲򞆳򞆴򞆵򞆶򞆷򞆸򞆹򞆺򞆻򞆼򞆽򞆾򞆿򞇀򞇁򞇂򞇃򞇄򞇅򞇆򞇇򞇈򞇉򞇊򞇋򞇌򞇍򞇎򞇏򞇐򞇑򞇒򞇓򞇔򞇕򞇖򞇗򞇘򞇙򞇚򞇛","򞇜򞇝򞇞򞇟򞇠򞇡򞇢򞇣򞇤򞇥򞇦򞇧򞇨򞇩򞇪򞇫򞇬򞇭򞇮򞇯򞇰򞇱򞇲򞇳򞇴򞇵򞇶򞇷򞇸򞇹򞇺򞇻򞇼򞇽򞇾򞇿\u0000\u0000\u0000\u0000\u0000\u0000\u0000\u0000\u0000\u0000\u0000\u0000\u0000\u0000\u0000\u0000\u0000\u0000\u0000\u0000\u0000\u0000\u0000\u0000\u0000\u0000\u0000\u0000\u0000\u0000\u0000\u0000"],"ascent":-72,"height":9}]}