{"providers":[{"type":"space","advances":{" ":4}},{"type":"bitmap","file":"mcc:_fonts/allies_vs_enemies.png","chars":[""],"ascent":-3,"height":13},{"type":"bitmap","file":"mcc:_fonts/allies_vs_enemies_dynaball.png","chars":[""],"ascent":-3,"height":13},{"type":"bitmap","file":"mcc:_fonts/allies_vs_teams_10.png","chars":[""],"ascent":-3,"height":13},{"type":"bitmap","file":"mcc:_fonts/allies_vs_teams_8.png","chars":[""],"ascent":-3,"height":13},{"type":"bitmap","file":"mcc:_fonts/background/100.png","chars":[""],"ascent":-3,"height":13},{"type":"bitmap","file":"mcc:_fonts/background/130.png","chars":[""],"ascent":-3,"height":13},{"type":"bitmap","file":"mcc:_fonts/background/188.png","chars":[""],"ascent":-3,"height":13},{"type":"bitmap","file":"mcc:_fonts/background/35.png","chars":[""],"ascent":-3,"height":13},{"type":"bitmap","file":"mcc:_fonts/background/44.png","chars":[""],"ascent":-3,"height":13},{"type":"bitmap","file":"mcc:_fonts/background/50.png","chars":[""],"ascent":-3,"height":13},{"type":"bitmap","file":"mcc:_fonts/background/64.png","chars":[""],"ascent":-3,"height":13},{"type":"bitmap","file":"mcc:_fonts/background/80.png","chars":[""],"ascent":-3,"height":13},{"type":"bitmap","file":"mcc:_fonts/background_outlined/red/128.png","chars":[""],"ascent":-3,"height":13},{"type":"bitmap","file":"mcc:_fonts/background_tall/216.png","chars":[""],"ascent":-3,"height":31},{"type":"bitmap","file":"mcc:_fonts/karma.png","chars":[""],"ascent":-3,"height":13},{"type":"bitmap","file":"mcc:_fonts/kill.png","chars":[""],"ascent":-3,"height":13},{"type":"bitmap","file":"mcc:_fonts/kill_assist.png","chars":[""],"ascent":-3,"height":13},{"type":"bitmap","file":"mcc:_fonts/kill_assist_death.png","chars":[""],"ascent":-3,"height":13},{"type":"bitmap","file":"mcc:_fonts/kill_death.png","chars":[""],"ascent":-3,"height":13},{"type":"bitmap","file":"mcc:_fonts/parkour_warrior_bar.png","chars":[""],"ascent":-3,"height":15},{"type":"bitmap","file":"mcc:_fonts/parkour_warrior_bar_small.png","chars":[""],"ascent":-3,"height":15},{"type":"bitmap","file":"mcc:_fonts/pkw_survival.png","chars":[""],"ascent":-3,"height":29},{"type":"bitmap","file":"mcc:_fonts/spectators_teams_10.png","chars":[""],"ascent":-3,"height":13},{"type":"bitmap","file":"mcc:_fonts/spectators_teams_8.png","chars":[""],"ascent":-3,"height":13},{"type":"bitmap","file":"mcc:_fonts/time/0.png","chars":[""],"ascent":-14,"height":1},{"type":"bitmap","file":"mcc:_fonts/time/1.png","chars":[""],"ascent":-14,"height":1},{"type":"bitmap","file":"mcc:_fonts/time/10.png","chars":[""],"ascent":-14,"height":1},{"type":"bitmap","file":"mcc:_fonts/time/2.png","chars":[""],"ascent":-14,"height":1},{"type":"bitmap","file":"mcc:_fonts/time/3.png","chars":[""],"ascent":-14,"height":1},{"type":"bitmap","file":"mcc:_fonts/time/4.png","chars":[""],"ascent":-14,"height":1},{"type":"bitmap","file":"mcc:_fonts/time/5.png","chars":[""],"ascent":-14,"height":1},{"type":"bitmap","file":"mcc:_fonts/time/6.png","chars":[""],"ascent":-14,"height":1},{"type":"bitmap","file":"mcc:_fonts/time/7.png","chars":[""],"ascent":-14,"height":1},{"type":"bitmap","file":"mcc:_fonts/time/8.png","chars":[""],"ascent":-14,"height":1},{"type":"bitmap","file":"mcc:_fonts/time/9.png","chars":[""],"ascent":-14,"height":1}]}