{"textures":{"1":"mcc:island_cosmetics/general/accessory/fire_fist/fire_fist_violet","2":"mcc:island_cosmetics/general/accessory/fire_fist/fire_fist"},"elements":[{"from":[5.0,4.0,5.0],"to":[11.0,21.0,11.0],"rotation":{"angle":0.0,"axis":"y","origin":[10.0,17.0,7.875]},"faces":{"north":{"uv":[6.0,0.0,0.0,16.0],"texture":"#1"},"east":{"uv":[12.0,0.0,6.0,16.0],"texture":"#1"},"south":{"uv":[0.0,0.0,6.0,16.0],"texture":"#1"},"west":{"uv":[12.0,0.0,6.0,16.0],"texture":"#1"},"down":{"uv":[0.0,7.0,6.0,13.0],"texture":"#2"}}},{"from":[11.0,21.0,11.0],"to":[5.0,4.0,5.0],"rotation":{"angle":0.0,"axis":"y","origin":[10.0,17.0,7.875]},"faces":{"north":{"uv":[0.0,16.0,6.0,0.0],"texture":"#1"},"east":{"uv":[12.0,16.0,6.0,0.0],"texture":"#1"},"south":{"uv":[6.0,16.0,0.0,0.0],"texture":"#1"},"west":{"uv":[12.0,16.0,6.0,0.0],"texture":"#1"},"up":{"uv":[6.0,7.0,0.0,13.0],"texture":"#2"}}}],"display":{"thirdperson_righthand":{"translation":[0.0,-2.0,2.0],"rotation":[90.0,0.0,0.0],"scale":[0.92032,0.92032,0.92032]},"thirdperson_lefthand":{"translation":[0.0,-2.0,2.0],"rotation":[90.0,0.0,0.0],"scale":[1.02969,1.02969,1.02969]},"firstperson_righthand":{"translation":[9.0,-1.0,-7.25],"rotation":[96.92,60.57,16.93],"scale":[0.74219,0.74219,0.74219]},"firstperson_lefthand":{"translation":[9.0,-1.0,-7.25],"rotation":[96.92,60.57,16.93],"scale":[0.74219,0.74219,0.74219]},"ground":{"translation":[0.0,4.25,0.0],"scale":[0.43945,0.43945,0.43945]},"gui":{"translation":[-2.0,-2.0,0.0],"rotation":[-40.17,-6.1,-38.75],"scale":[0.90392,0.90392,0.90392]},"head":{"translation":[0.0,4.25,0.0],"rotation":[0.0,3.25,0.0],"scale":[1.6,1.6,1.6]}},"credit":"Made with Blockbench","ambientocclusion":false,"gui_light":"front"}