{"textures":{"0":"mcc:island_cosmetics/faction/hat/supporter/red_display","particle":"mcc:island_cosmetics/faction/hat/supporter/red_display"},"elements":[{"from":[2.5,-0.5,3.0],"to":[13.5,9.5,13.0],"rotation":{"angle":0.0,"axis":"x","origin":[7.5,9.5,8.0]},"faces":{"north":{"uv":[0.0,0.5,5.5,5.5],"texture":"#0"},"east":{"uv":[0.0,5.5,5.0,10.5],"texture":"#0"},"south":{"uv":[0.0,10.5,5.5,15.5],"texture":"#0"},"west":{"uv":[5.0,5.5,0.0,10.5],"texture":"#0"},"up":{"uv":[5.0,5.5,10.5,10.5],"texture":"#0"},"down":{"uv":[5.5,10.5,11.0,15.5],"texture":"#0"}}},{"from":[12.0,8.0,7.0],"to":[16.0,16.0,9.0],"rotation":{"angle":-22.5,"axis":"z","origin":[11.0,15.5,6.75]},"faces":{"north":{"uv":[5.5,0.0,7.5,4.0],"texture":"#0"},"east":{"uv":[10.5,0.0,9.5,4.0],"texture":"#0"},"south":{"uv":[12.5,0.0,10.5,4.0],"texture":"#0"},"west":{"uv":[9.5,0.0,10.5,4.0],"texture":"#0"},"up":{"uv":[7.5,3.5,9.5,4.5],"texture":"#0"}}},{"from":[12.0,14.0,4.0],"to":[16.0,16.0,7.0],"rotation":{"angle":-22.5,"axis":"z","origin":[11.0,15.5,6.75]},"faces":{"north":{"uv":[7.5,1.5,9.5,2.5],"texture":"#0"},"east":{"uv":[7.5,2.5,9.0,3.5],"texture":"#0"},"west":{"uv":[9.0,2.5,7.5,3.5],"texture":"#0"},"up":{"uv":[5.5,4.0,7.5,5.5],"texture":"#0"},"down":{"uv":[7.5,0.0,9.5,1.5],"texture":"#0"}}},{"from":[0.99373,7.00419,7.0],"to":[4.99373,15.00419,9.0],"rotation":{"angle":22.5,"axis":"z","origin":[2.99373,12.50419,6.75]},"faces":{"north":{"uv":[7.5,0.0,5.5,4.0],"texture":"#0"},"east":{"uv":[10.5,0.0,9.5,4.0],"texture":"#0"},"south":{"uv":[10.5,0.0,12.5,4.0],"texture":"#0"},"west":{"uv":[9.5,0.0,10.5,4.0],"texture":"#0"},"up":{"uv":[9.5,3.5,7.5,4.5],"texture":"#0"}}},{"from":[0.99373,13.00419,4.0],"to":[4.99373,15.00419,7.0],"rotation":{"angle":22.5,"axis":"z","origin":[2.99373,12.50419,6.75]},"faces":{"north":{"uv":[9.5,1.5,7.5,2.5],"texture":"#0"},"east":{"uv":[7.5,2.5,9.0,3.5],"texture":"#0"},"west":{"uv":[9.0,2.5,7.5,3.5],"texture":"#0"},"up":{"uv":[7.5,4.0,5.5,5.5],"texture":"#0"},"down":{"uv":[9.5,0.0,7.5,1.5],"texture":"#0"}}},{"from":[3.5,-0.5,1.0],"to":[12.5,3.5,3.0],"rotation":{"angle":0.0,"axis":"x","origin":[7.5,9.5,8.0]},"faces":{"north":{"uv":[0.5,3.5,5.0,5.5],"texture":"#0"},"east":{"uv":[12.5,0.0,13.5,2.0],"texture":"#0"},"west":{"uv":[13.5,0.0,12.5,2.0],"texture":"#0"},"up":{"uv":[16.0,15.0,15.0,10.5],"texture":"#0","rotation":90},"down":{"uv":[11.5,15.0,16.0,16.0],"texture":"#0"}}},{"from":[13.929,9.89,13.39],"to":[2.071,-0.89,2.61],"rotation":{"angle":0.0,"axis":"x","origin":[7.461,28.51,8.0]},"faces":{"north":{"uv":[7.5,13.0,8.0,13.5],"texture":"#0"},"east":{"uv":[7.5,13.0,8.0,13.5],"texture":"#0"},"south":{"uv":[7.5,13.0,8.0,13.5],"texture":"#0"},"west":{"uv":[7.5,13.0,8.0,13.5],"texture":"#0"},"up":{"uv":[7.5,13.0,8.0,13.5],"texture":"#0"},"down":{"uv":[7.5,13.0,8.0,13.5],"texture":"#0"}}},{"from":[13.148,3.838,3.044],"to":[2.852,-0.738,0.756],"rotation":{"angle":0.0,"axis":"x","origin":[7.428,31.702,8.264]},"faces":{"east":{"uv":[7.5,13.0,8.0,13.5],"texture":"#0"},"south":{"uv":[7.5,13.0,8.0,13.5],"texture":"#0"},"west":{"uv":[7.5,13.0,8.0,13.5],"texture":"#0"},"up":{"uv":[7.5,13.0,8.0,13.5],"texture":"#0"},"down":{"uv":[7.5,13.0,8.0,13.5],"texture":"#0"}}},{"from":[17.14429,16.61035,9.23375],"to":[11.91929,8.06035,6.62125],"rotation":{"angle":-22.5,"axis":"z","origin":[10.61304,16.9666,5.22594]},"faces":{"north":{"uv":[7.5,13.0,8.0,13.5],"texture":"#0"},"east":{"uv":[7.5,13.0,8.0,13.5],"texture":"#0"},"west":{"uv":[7.5,13.0,8.0,13.5],"texture":"#0"},"up":{"uv":[7.5,13.0,8.0,13.5],"texture":"#0"},"down":{"uv":[7.5,13.0,8.0,13.5],"texture":"#0"}}},{"from":[16.7158,16.21371,6.62125],"to":[11.4908,13.41121,3.72375],"rotation":{"angle":-22.5,"axis":"z","origin":[11.3958,15.69121,5.98]},"faces":{"east":{"uv":[7.5,13.0,8.0,13.5],"texture":"#0"},"south":{"uv":[7.5,13.0,8.0,13.5],"texture":"#0"},"west":{"uv":[7.5,13.0,8.0,13.5],"texture":"#0"},"up":{"uv":[7.5,13.0,8.0,13.5],"texture":"#0"},"down":{"uv":[7.5,13.0,8.0,13.5],"texture":"#0"}}},{"from":[4.5092,16.21371,6.62125],"to":[-0.7158,13.41121,3.72375],"rotation":{"angle":22.5,"axis":"z","origin":[4.6042,15.69121,5.98]},"faces":{"east":{"uv":[8.0,13.0,7.5,13.5],"texture":"#0"},"south":{"uv":[8.0,13.0,7.5,13.5],"texture":"#0"},"west":{"uv":[8.0,13.0,7.5,13.5],"texture":"#0"},"up":{"uv":[8.0,13.0,7.5,13.5],"texture":"#0"},"down":{"uv":[8.0,13.0,7.5,13.5],"texture":"#0"}}},{"from":[4.08071,16.61035,9.23375],"to":[-1.14429,8.06035,6.62125],"rotation":{"angle":22.5,"axis":"z","origin":[5.38696,16.9666,5.22594]},"faces":{"north":{"uv":[8.0,13.0,7.5,13.5],"texture":"#0"},"east":{"uv":[8.0,13.0,7.5,13.5],"texture":"#0"},"west":{"uv":[8.0,13.0,7.5,13.5],"texture":"#0"},"up":{"uv":[8.0,13.0,7.5,13.5],"texture":"#0"},"down":{"uv":[8.0,13.0,7.5,13.5],"texture":"#0"}}}],"display":{"thirdperson_righthand":{"translation":[0.0,1.0,0.75],"rotation":[55.5,34.0,0.0],"scale":[0.52539,0.52539,0.52539]},"thirdperson_lefthand":{"translation":[0.0,1.0,0.75],"rotation":[55.5,34.0,0.0],"scale":[0.52539,0.52539,0.52539]},"firstperson_righthand":{"translation":[9.5,0.0,-5.75],"rotation":[21.0,114.5,-13.75],"scale":[0.41992,0.41992,0.41992]},"firstperson_lefthand":{"translation":[9.5,0.0,-5.75],"rotation":[21.0,114.5,-13.75],"scale":[0.41992,0.41992,0.41992]},"gui":{"translation":[-0.75,1.0,0.0],"rotation":[-156.81,-42.22,173.15],"scale":[0.75585,0.75585,0.75585]},"head":{"translation":[0.0,6.25,0.0],"scale":[1.6918,1.6918,1.6918]}},"credit":"Made with Blockbench","gui_light":"front"}