{"textures":{"2":"mcc:island_cosmetics/faction/hat/supporter/yellow_display"},"elements":[{"from":[2.5,-0.5,3.0],"to":[13.5,9.5,13.0],"rotation":{"angle":0.0,"axis":"x","origin":[7.5,9.5,8.0]},"faces":{"north":{"uv":[0.0,0.0,3.66667,3.33333],"texture":"#2"},"east":{"uv":[0.0,3.33333,3.33333,6.66667],"texture":"#2"},"south":{"uv":[7.33333,0.0,10.66667,3.66667],"texture":"#2","rotation":90},"west":{"uv":[3.33333,3.33333,0.0,6.66667],"texture":"#2"},"up":{"uv":[3.66667,0.0,7.33333,3.33333],"texture":"#2"},"down":{"uv":[0.0,7.0,3.33333,10.66667],"texture":"#2","rotation":90}}},{"from":[1.5,2.5,2.0],"to":[14.5,10.5,14.0],"rotation":{"angle":0.0,"axis":"x","origin":[7.5,9.5,8.0]},"faces":{"north":{"uv":[3.33333,4.66667,7.66667,7.33333],"texture":"#2"},"east":{"uv":[11.66667,5.33333,7.66667,8.0],"texture":"#2"},"south":{"uv":[3.33333,4.66667,7.66667,7.33333],"texture":"#2"},"west":{"uv":[7.66667,5.33333,11.66667,8.0],"texture":"#2"},"up":{"uv":[3.33333,7.33333,7.66667,11.33333],"texture":"#2"}}},{"from":[14.15,6.4,6.9],"to":[16.35,12.6,9.1],"rotation":{"angle":0.0,"axis":"x","origin":[7.5,9.5,8.0]},"faces":{"north":{"uv":[7.66667,8.0,8.33333,10.0],"texture":"#2"},"east":{"uv":[7.66667,8.0,8.33333,10.0],"texture":"#2"},"south":{"uv":[7.66667,8.0,8.33333,10.0],"texture":"#2"},"west":{"uv":[7.66667,8.0,8.33333,10.0],"texture":"#2"},"up":{"uv":[8.33333,8.0,9.0,8.66667],"texture":"#2"},"down":{"uv":[8.33333,8.66667,9.0,9.33333],"texture":"#2"}}},{"from":[-0.35,6.4,6.9],"to":[1.85,12.6,9.1],"rotation":{"angle":0.0,"axis":"x","origin":[8.5,9.5,8.0]},"faces":{"north":{"uv":[8.33333,8.0,7.66667,10.0],"texture":"#2"},"east":{"uv":[8.33333,8.0,7.66667,10.0],"texture":"#2"},"south":{"uv":[8.33333,8.0,7.66667,10.0],"texture":"#2"},"west":{"uv":[8.33333,8.0,7.66667,10.0],"texture":"#2"},"up":{"uv":[9.0,8.0,8.33333,8.66667],"texture":"#2"},"down":{"uv":[9.0,8.66667,8.33333,9.33333],"texture":"#2"}}},{"from":[4.0,0.5,1.0],"to":[12.0,3.5,3.0],"rotation":{"angle":0.0,"axis":"x","origin":[8.0,9.5,8.0]},"faces":{"north":{"uv":[3.33333,3.66667,6.0,4.66667],"texture":"#2"},"east":{"uv":[6.66667,3.66667,6.0,4.66667],"texture":"#2"},"south":{"uv":[0.0,0.0,0.0,0.0],"texture":"#2"},"west":{"uv":[6.66667,3.66667,6.0,4.66667],"texture":"#2"},"up":{"uv":[6.66667,3.66667,9.33333,4.33333],"texture":"#2"},"down":{"uv":[7.66667,4.33333,10.33333,5.0],"texture":"#2"}}},{"from":[16.74072,13.20112,9.49072],"to":[13.75928,5.79888,6.50928],"rotation":{"angle":0.0,"axis":"x","origin":[4.7472,4.5608,8.0]},"faces":{"north":{"uv":[1.33333,9.0,1.66667,9.33333],"texture":"#2","rotation":90},"east":{"uv":[1.33333,9.0,1.66667,9.33333],"texture":"#2","rotation":90},"south":{"uv":[1.33333,9.0,1.66667,9.33333],"texture":"#2","rotation":90},"west":{"uv":[1.33333,9.0,1.66667,9.33333],"texture":"#2","rotation":90},"up":{"uv":[1.33333,9.0,1.66667,9.33333],"texture":"#2","rotation":90},"down":{"uv":[1.33333,9.0,1.66667,9.33333],"texture":"#2","rotation":90}}},{"from":[2.24072,13.20112,9.49072],"to":[-0.74072,5.79888,6.50928],"rotation":{"angle":0.0,"axis":"x","origin":[11.2528,4.5608,8.0]},"faces":{"north":{"uv":[1.33333,9.33333,1.66667,9.0],"texture":"#2","rotation":90},"east":{"uv":[1.33333,9.33333,1.66667,9.0],"texture":"#2","rotation":90},"south":{"uv":[1.33333,9.33333,1.66667,9.0],"texture":"#2","rotation":90},"west":{"uv":[1.33333,9.33333,1.66667,9.0],"texture":"#2","rotation":90},"up":{"uv":[1.33333,9.33333,1.66667,9.0],"texture":"#2","rotation":90},"down":{"uv":[1.33333,9.33333,1.66667,9.0],"texture":"#2","rotation":90}}},{"from":[14.9355,11.018,14.402],"to":[1.0645,3.018,1.598],"rotation":{"angle":0.0,"axis":"x","origin":[7.4665,7.679,8.0]},"faces":{"north":{"uv":[1.33333,9.0,1.66667,9.33333],"texture":"#2","rotation":90},"east":{"uv":[1.33333,9.0,1.66667,9.33333],"texture":"#2","rotation":90},"south":{"uv":[1.33333,9.0,1.66667,9.33333],"texture":"#2","rotation":90},"west":{"uv":[1.33333,9.0,1.66667,9.33333],"texture":"#2","rotation":90},"down":{"uv":[1.33333,9.0,1.66667,9.33333],"texture":"#2","rotation":90}}},{"from":[12.3,3.92575,3.0805],"to":[3.7,0.11425,0.5395],"rotation":{"angle":0.0,"axis":"x","origin":[7.218,6.65575,9.683]},"faces":{"north":{"uv":[0.0,0.0,0.0,0.0],"texture":"#2"},"east":{"uv":[1.33333,9.0,1.66667,9.33333],"texture":"#2","rotation":90},"south":{"uv":[1.33333,9.0,1.66667,9.33333],"texture":"#2","rotation":90},"west":{"uv":[1.33333,9.0,1.66667,9.33333],"texture":"#2","rotation":90},"up":{"uv":[1.33333,9.0,1.66667,9.33333],"texture":"#2","rotation":90},"down":{"uv":[1.33333,9.0,1.66667,9.33333],"texture":"#2","rotation":90}}},{"from":[14.05,10.0,13.5],"to":[1.95,-1.0,2.5],"rotation":{"angle":0.0,"axis":"x","origin":[7.45,7.9,8.0]},"faces":{"north":{"uv":[1.33333,9.0,1.66667,9.33333],"texture":"#2","rotation":90},"east":{"uv":[1.33333,9.0,1.66667,9.33333],"texture":"#2","rotation":90},"south":{"uv":[1.33333,9.0,1.66667,9.33333],"texture":"#2","rotation":90},"west":{"uv":[1.33333,9.0,1.66667,9.33333],"texture":"#2","rotation":90},"up":{"uv":[1.33333,9.0,1.66667,9.33333],"texture":"#2","rotation":90},"down":{"uv":[1.33333,9.0,1.66667,9.33333],"texture":"#2","rotation":90}}},{"from":[14.5,10.5,14.0],"to":[1.5,2.5,2.0],"rotation":{"angle":0.0,"axis":"x","origin":[7.5,9.5,8.0]},"faces":{"north":{"uv":[3.33333,7.33333,7.66667,4.66667],"texture":"#2"},"east":{"uv":[7.66667,8.0,11.66667,5.33333],"texture":"#2"},"south":{"uv":[3.33333,7.33333,7.66667,4.66667],"texture":"#2"},"west":{"uv":[11.66667,8.0,7.66667,5.33333],"texture":"#2"},"down":{"uv":[7.66667,7.33333,3.33333,11.33333],"texture":"#2"}}}],"display":{"thirdperson_righthand":{"translation":[0.0,1.0,0.75],"rotation":[55.5,34.0,0.0],"scale":[0.52539,0.52539,0.52539]},"thirdperson_lefthand":{"translation":[0.0,1.0,0.75],"rotation":[55.5,34.0,0.0],"scale":[0.52539,0.52539,0.52539]},"firstperson_righthand":{"translation":[9.5,0.0,-5.75],"rotation":[21.0,114.5,-13.75],"scale":[0.41992,0.41992,0.41992]},"firstperson_lefthand":{"translation":[9.5,0.0,-5.75],"rotation":[21.0,114.5,-13.75],"scale":[0.41992,0.41992,0.41992]},"gui":{"translation":[0.0,1.0,0.0],"rotation":[-156.81,-42.22,173.15],"scale":[0.78515,0.78515,0.78515]},"head":{"translation":[0.0,6.25,0.0],"scale":[1.6918,1.6918,1.6918]}},"credit":"Made with Blockbench","gui_light":"front"}