{"textures":{"0":"mcc:island_cosmetics/general/accessory/book/book","particle":"mcc:island_cosmetics/general/accessory/book/book"},"elements":[{"from":[8.0,1.0,3.0],"to":[14.0,3.0,12.0],"rotation":{"angle":0.0,"axis":"z","origin":[8.0,0.5,7.5]},"faces":{"north":{"uv":[9.0,0.0,6.0,1.0],"texture":"#0"},"east":{"uv":[10.5,1.0,6.0,2.0],"texture":"#0"},"south":{"uv":[9.0,0.0,6.0,1.0],"texture":"#0"},"west":{"uv":[10.5,1.0,6.0,2.0],"texture":"#0"},"up":{"uv":[9.0,2.0,6.0,6.5],"texture":"#0"}}},{"from":[10.0,-3.5,0.0],"to":[12.0,-0.5,3.0],"rotation":{"angle":-22.5,"axis":"x","origin":[11.0,2.0,-3.5]},"faces":{"north":{"uv":[7.0,6.5,6.0,8.0],"texture":"#0"},"up":{"uv":[8.0,6.5,7.0,8.0],"texture":"#0"}}},{"from":[2.0,1.0,3.0],"to":[8.0,3.0,12.0],"rotation":{"angle":0.0,"axis":"z","origin":[8.0,0.5,7.5]},"faces":{"north":{"uv":[6.0,0.0,9.0,1.0],"texture":"#0"},"east":{"uv":[6.0,1.0,10.5,2.0],"texture":"#0"},"south":{"uv":[6.0,0.0,9.0,1.0],"texture":"#0"},"west":{"uv":[6.0,1.0,10.5,2.0],"texture":"#0"},"up":{"uv":[6.0,2.0,9.0,6.5],"texture":"#0"}}},{"from":[2.0,3.0,3.0],"to":[8.0,3.0,12.0],"rotation":{"angle":-22.5,"axis":"z","origin":[8.0,3.0,7.5]},"faces":{"up":{"uv":[9.0,2.0,6.0,6.5],"texture":"#0"},"down":{"uv":[6.0,6.5,9.0,2.0],"texture":"#0"}}},{"from":[1.8,0.3,2.8],"to":[14.2,1.7,12.2],"rotation":{"angle":0.0,"axis":"z","origin":[8.0,0.5,7.5]},"faces":{"north":{"uv":[6.0,0.0,0.0,0.5],"texture":"#0","tintindex":0},"east":{"uv":[4.5,0.5,0.0,1.0],"texture":"#0","tintindex":0},"south":{"uv":[6.0,0.0,0.0,0.5],"texture":"#0","tintindex":0},"west":{"uv":[4.5,0.5,0.0,1.0],"texture":"#0","tintindex":0},"up":{"uv":[6.0,5.5,0.0,10.0],"texture":"#0","tintindex":0},"down":{"uv":[6.0,1.0,0.0,5.5],"texture":"#0","tintindex":0}}}],"display":{"thirdperson_righthand":{"translation":[0.0,3.0,5.75],"rotation":[84.25,-31.0,26.25],"scale":[0.8832,0.8832,0.8832]},"thirdperson_lefthand":{"translation":[0.0,3.0,5.75],"rotation":[84.25,-31.0,26.25],"scale":[0.8832,0.8832,0.8832]},"firstperson_righthand":{"translation":[5.25,5.0,-6.5],"rotation":[-139.49,30.67,137.99],"scale":[0.88867,0.88867,0.88867]},"firstperson_lefthand":{"translation":[5.25,5.0,-6.5],"rotation":[-139.49,30.67,137.99],"scale":[0.88867,0.88867,0.88867]},"ground":{"translation":[0.0,4.25,0.0],"scale":[0.43945,0.43945,0.43945]},"gui":{"translation":[-2.25,4.75,0.0],"rotation":[-165.68,-31.71,158.71],"scale":[0.91954,0.91954,0.91954]},"head":{"translation":[0.0,4.25,0.0],"rotation":[0.0,3.25,0.0],"scale":[1.6,1.6,1.6]}},"credit":"Made with Blockbench","gui_light":"front"}