{"textures":{"1":"mcc:island_cosmetics/general/accessory/kanabo/cursed","2":"mcc:island_cosmetics/general/accessory/kanabo/cursed_2","3":"mcc:island_cosmetics/general/hat/oni_mask/cursed","4":"mcc:island_cosmetics/general/hat/oni_mask/cursed_anim","particle":"mcc:island_cosmetics/general/accessory/kanabo/cursed_2"},"elements":[{"from":[4.40502,19.33732,4.5],"to":[11.40502,22.33732,11.5],"rotation":{"angle":0.0,"axis":"x","origin":[-0.02529,14.58732,8.02887]},"faces":{"north":{"uv":[5.0,2.0,8.0,7.0],"texture":"#2","rotation":270},"east":{"uv":[5.0,2.0,8.0,7.0],"texture":"#2","rotation":270},"south":{"uv":[5.0,2.0,8.0,7.0],"texture":"#2","rotation":270},"west":{"uv":[5.0,2.0,8.0,7.0],"texture":"#2","rotation":270},"up":{"uv":[0.0,2.0,5.0,7.0],"texture":"#2","rotation":270},"down":{"uv":[0.0,2.0,5.0,7.0],"texture":"#2","rotation":270}}},{"from":[3.52776,5.33732,8.07142],"to":[5.52776,13.33732,8.07142],"rotation":{"angle":0.0,"axis":"x","origin":[-0.02529,14.58732,8.02887]},"faces":{"north":{"uv":[9.0,2.0,1.0,0.0],"texture":"#2","rotation":270},"south":{"uv":[0.0,0.0,8.0,2.0],"texture":"#2","rotation":270}}},{"from":[10.47224,5.33732,7.86419],"to":[12.47224,13.33732,7.86419],"rotation":{"angle":0.0,"axis":"x","origin":[-0.02529,14.58732,8.02887]},"faces":{"north":{"uv":[0.0,0.0,8.0,2.0],"texture":"#2","rotation":270},"south":{"uv":[0.0,2.0,8.0,0.0],"texture":"#2","rotation":270}}},{"from":[11.47224,14.33732,7.86419],"to":[13.47224,18.33732,7.86419],"rotation":{"angle":0.0,"axis":"x","origin":[-0.02529,14.58732,8.02887]},"faces":{"north":{"uv":[0.0,0.0,4.0,2.0],"texture":"#2","rotation":270},"south":{"uv":[0.0,2.0,4.0,0.0],"texture":"#2","rotation":270}}},{"from":[2.52776,14.33732,8.07142],"to":[4.52776,18.33732,8.07142],"rotation":{"angle":0.0,"axis":"x","origin":[-0.02529,14.58732,8.02887]},"faces":{"north":{"uv":[5.0,2.0,1.0,0.0],"texture":"#2","rotation":270},"south":{"uv":[0.0,0.0,4.0,2.0],"texture":"#2","rotation":270}}},{"from":[5.5,22.28427,8.0],"to":[10.5,25.28427,8.0],"rotation":{"angle":0.0,"axis":"z","origin":[0.0,14.58732,7.95744]},"faces":{"north":{"uv":[5.0,3.0,7.5,4.5],"texture":"#1"},"south":{"uv":[5.0,3.0,7.5,4.5],"texture":"#1"}}},{"from":[8.0,22.28427,5.5],"to":[8.0,25.28427,10.5],"rotation":{"angle":0.0,"axis":"y","origin":[8.0,23.78427,8.0]},"faces":{"east":{"uv":[5.0,3.0,7.5,4.5],"texture":"#1"},"west":{"uv":[5.0,3.0,7.5,4.5],"texture":"#1"}}},{"from":[7.89638,14.33732,2.49556],"to":[7.89638,18.33732,4.49556],"rotation":{"angle":0.0,"axis":"x","origin":[8.0,12.83732,7.96781]},"faces":{"east":{"uv":[5.0,2.0,1.0,0.0],"texture":"#2","rotation":270},"west":{"uv":[0.0,0.0,4.0,2.0],"texture":"#2","rotation":270}}},{"from":[7.89638,5.33732,3.49556],"to":[7.89638,13.33732,5.49556],"rotation":{"angle":0.0,"axis":"x","origin":[8.0,12.83732,7.96781]},"faces":{"east":{"uv":[9.0,2.0,1.0,0.0],"texture":"#2","rotation":270},"west":{"uv":[0.0,0.0,8.0,2.0],"texture":"#2","rotation":270}}},{"from":[8.10362,14.33732,11.44005],"to":[8.10362,18.33732,13.44005],"rotation":{"angle":0.0,"axis":"x","origin":[8.0,12.83732,7.96781]},"faces":{"east":{"uv":[0.0,0.0,4.0,2.0],"texture":"#2","rotation":270},"west":{"uv":[0.0,2.0,4.0,0.0],"texture":"#2","rotation":270}}},{"from":[8.10362,5.33732,10.44005],"to":[8.10362,13.33732,12.44005],"rotation":{"angle":0.0,"axis":"x","origin":[8.0,12.83732,7.96781]},"faces":{"east":{"uv":[0.0,0.0,8.0,2.0],"texture":"#2","rotation":270},"west":{"uv":[0.0,2.0,8.0,0.0],"texture":"#2","rotation":270}}},{"from":[6.90502,-2.66268,7.0],"to":[8.90502,4.33732,9.0],"rotation":{"angle":0.0,"axis":"x","origin":[-0.02529,14.58732,8.02887]},"faces":{"north":{"uv":[0.0,6.0,3.5,7.0],"texture":"#1","rotation":90},"east":{"uv":[0.0,6.0,3.5,7.0],"texture":"#1","rotation":90},"south":{"uv":[0.0,6.0,3.5,7.0],"texture":"#1","rotation":90},"west":{"uv":[0.0,6.0,3.5,7.0],"texture":"#1","rotation":90}}},{"from":[5.40502,4.33732,5.5],"to":[10.40502,13.33732,10.5],"rotation":{"angle":0.0,"axis":"x","origin":[-0.02529,14.58732,8.02887]},"faces":{"north":{"uv":[0.0,0.0,4.5,2.5],"texture":"#1","rotation":270},"east":{"uv":[0.0,0.0,4.5,2.5],"texture":"#1","rotation":270},"south":{"uv":[0.0,0.0,4.5,2.5],"texture":"#1","rotation":270},"west":{"uv":[0.0,0.0,4.5,2.5],"texture":"#1","rotation":270},"down":{"uv":[4.5,0.0,7.0,2.5],"texture":"#1","rotation":270}}},{"from":[4.40502,14.33732,4.5],"to":[11.40502,19.33732,11.5],"rotation":{"angle":0.0,"axis":"x","origin":[-0.02529,14.58732,8.02887]},"faces":{"north":{"uv":[0.5,2.5,3.0,6.0],"texture":"#1","rotation":270},"east":{"uv":[0.5,2.5,3.0,6.0],"texture":"#1","rotation":270},"south":{"uv":[0.5,2.5,3.0,6.0],"texture":"#1","rotation":270},"west":{"uv":[0.5,2.5,3.0,6.0],"texture":"#1","rotation":270},"down":{"uv":[4.5,4.5,8.0,8.0],"texture":"#1","rotation":270}}},{"from":[6.90502,-6.66268,6.0],"to":[8.90502,-2.66268,10.0],"rotation":{"angle":0.0,"axis":"x","origin":[-0.02529,14.58732,8.02887]},"faces":{"north":{"uv":[3.0,2.5,3.5,4.5],"texture":"#1"},"east":{"uv":[3.0,2.5,5.0,4.5],"texture":"#1","rotation":270},"south":{"uv":[3.0,2.5,3.5,4.5],"texture":"#1"},"west":{"uv":[3.0,2.5,5.0,4.5],"texture":"#1","rotation":270},"up":{"uv":[3.0,2.5,5.0,3.0],"texture":"#1","rotation":90},"down":{"uv":[3.0,2.5,5.0,3.0],"texture":"#1","rotation":90}}},{"from":[6.40502,-11.41268,7.0],"to":[9.40502,-5.41268,9.0],"rotation":{"angle":0.0,"axis":"x","origin":[-0.02529,14.58732,8.02887]},"faces":{"east":{"uv":[7.0,0.0,8.0,3.0],"texture":"#1","tintindex":0},"west":{"uv":[7.0,0.0,8.0,3.0],"texture":"#1","tintindex":0},"up":{"uv":[7.0,0.0,8.0,0.5],"texture":"#1","tintindex":0,"rotation":90}}},{"from":[8.90502,-2.66268,10.0],"to":[6.90502,-6.66268,6.0],"rotation":{"angle":0.0,"axis":"x","origin":[-0.02529,14.58732,8.02887]},"faces":{"north":{"uv":[3.0,4.5,3.5,2.5],"texture":"#1"},"east":{"uv":[5.0,2.5,3.0,4.5],"texture":"#1","rotation":270},"south":{"uv":[3.0,4.5,3.5,2.5],"texture":"#1"},"west":{"uv":[5.0,2.5,3.0,4.5],"texture":"#1","rotation":270},"up":{"uv":[3.0,3.0,5.0,2.5],"texture":"#1","rotation":90},"down":{"uv":[3.0,3.0,5.0,2.5],"texture":"#1","rotation":90}}},{"from":[9.40502,-5.41268,9.0],"to":[6.40502,-11.41268,7.0],"rotation":{"angle":0.0,"axis":"x","origin":[-0.02529,14.58732,8.02887]},"faces":{"east":{"uv":[7.0,3.0,8.0,0.0],"texture":"#1","tintindex":0},"west":{"uv":[7.0,3.0,8.0,0.0],"texture":"#1","tintindex":0},"down":{"uv":[7.0,0.5,8.0,0.0],"texture":"#1","tintindex":0,"rotation":90}}},{"from":[5.40502,5.33732,5.5],"to":[10.40502,14.33732,10.5],"rotation":{"angle":0.0,"axis":"x","origin":[-0.02529,14.58732,8.02887]},"faces":{"north":{"uv":[0.0,7.0,4.5,9.5],"texture":"#1","tintindex":0,"rotation":270},"east":{"uv":[0.0,7.0,4.5,9.5],"texture":"#1","tintindex":0,"rotation":270},"south":{"uv":[0.0,7.0,4.5,9.5],"texture":"#1","tintindex":0,"rotation":270},"west":{"uv":[0.0,7.0,4.5,9.5],"texture":"#1","tintindex":0,"rotation":270},"down":{"uv":[4.5,0.0,7.0,2.5],"texture":"#1","tintindex":0,"rotation":270}}},{"from":[11.90502,22.83732,12.0],"to":[3.90502,13.83732,4.0],"rotation":{"angle":0.0,"axis":"x","origin":[-0.02529,14.58732,8.02887]},"faces":{"north":{"uv":[13.5,15.0,14.5,16.0],"texture":"#3","rotation":270},"east":{"uv":[13.5,15.0,14.5,16.0],"texture":"#3","rotation":270},"south":{"uv":[13.5,15.0,14.5,16.0],"texture":"#3","rotation":270},"west":{"uv":[13.5,15.0,14.5,16.0],"texture":"#3","rotation":270},"up":{"uv":[13.5,15.0,14.5,16.0],"texture":"#3","rotation":270},"down":{"uv":[13.5,15.0,14.5,16.0],"texture":"#3","rotation":270}}},{"from":[10.90502,13.83732,11.0],"to":[4.90502,3.83732,5.0],"rotation":{"angle":0.0,"axis":"x","origin":[-0.02529,14.58732,8.02887]},"faces":{"north":{"uv":[13.5,15.0,14.5,16.0],"texture":"#3","rotation":270},"east":{"uv":[13.5,15.0,14.5,16.0],"texture":"#3","rotation":270},"south":{"uv":[13.5,15.0,14.5,16.0],"texture":"#3","rotation":270},"west":{"uv":[13.5,15.0,14.5,16.0],"texture":"#3","rotation":270},"up":{"uv":[13.5,15.0,14.5,16.0],"texture":"#3","rotation":270}}},{"from":[11.14124,13.25,2.21662],"to":[18.14124,16.25,2.21662],"rotation":{"angle":22.5,"axis":"y","origin":[16.64124,14.75,-0.78338]},"faces":{"north":{"uv":[9.0,5.0,16.0,8.0],"texture":"#4"},"east":{"uv":[0.0,0.0,0.0,0.0],"texture":"#4"},"south":{"uv":[16.0,5.0,9.0,8.0],"texture":"#4"},"west":{"uv":[0.0,0.0,0.0,0.0],"texture":"#4"},"up":{"uv":[0.0,0.0,0.0,0.0],"texture":"#4"},"down":{"uv":[0.0,0.0,0.0,0.0],"texture":"#4"}}},{"from":[13.58645,10.25,9.02317],"to":[20.58645,13.25,9.02317],"rotation":{"angle":-45.0,"axis":"y","origin":[16.08645,11.75,7.02317]},"faces":{"north":{"uv":[1.0,5.0,8.0,8.0],"texture":"#4"},"east":{"uv":[0.0,0.0,0.0,0.0],"texture":"#4"},"south":{"uv":[8.0,5.0,1.0,8.0],"texture":"#4"},"west":{"uv":[0.0,0.0,0.0,0.0],"texture":"#4"},"up":{"uv":[0.0,0.0,0.0,0.0],"texture":"#4"},"down":{"uv":[0.0,0.0,0.0,0.0],"texture":"#4"}}},{"from":[-0.64124,10.25,6.21662],"to":[6.35876,13.25,6.21662],"rotation":{"angle":-22.5,"axis":"y","origin":[-0.64124,17.75,-0.78338]},"faces":{"north":{"uv":[8.0,5.0,1.0,8.0],"texture":"#4"},"east":{"uv":[0.0,0.0,0.0,0.0],"texture":"#4"},"south":{"uv":[1.0,5.0,8.0,8.0],"texture":"#4"},"west":{"uv":[0.0,0.0,0.0,0.0],"texture":"#4"},"up":{"uv":[0.0,0.0,0.0,0.0],"texture":"#4"},"down":{"uv":[0.0,0.0,0.0,0.0],"texture":"#4"}}},{"from":[0.35876,8.25,-3.28338],"to":[0.35876,11.25,3.71662],"rotation":{"angle":45.0,"axis":"y","origin":[-0.64124,21.75,-0.78338]},"faces":{"north":{"uv":[0.0,0.0,0.0,0.0],"texture":"#4"},"east":{"uv":[16.0,0.0,9.0,3.0],"texture":"#4"},"south":{"uv":[0.0,0.0,0.0,0.0],"texture":"#4"},"west":{"uv":[9.0,0.0,16.0,3.0],"texture":"#4"},"up":{"uv":[0.0,0.0,0.0,0.0],"texture":"#4"},"down":{"uv":[0.0,0.0,0.0,0.0],"texture":"#4"}}},{"from":[13.64124,9.25,13.71662],"to":[13.64124,12.25,20.71662],"rotation":{"angle":-22.5,"axis":"y","origin":[16.64124,14.75,-0.78338]},"faces":{"north":{"uv":[0.0,0.0,0.0,0.0],"texture":"#4"},"east":{"uv":[9.0,5.0,16.0,8.0],"texture":"#4"},"south":{"uv":[0.0,0.0,0.0,0.0],"texture":"#4"},"west":{"uv":[16.0,5.0,9.0,8.0],"texture":"#4"},"up":{"uv":[0.0,0.0,0.0,0.0],"texture":"#4","rotation":90},"down":{"uv":[0.0,0.0,0.0,0.0],"texture":"#4","rotation":270}}}],"display":{"thirdperson_righthand":{"translation":[2.5,5.5,1.75],"rotation":[10.91,-9.04,-14.16]},"thirdperson_lefthand":{"translation":[2.5,5.5,1.75],"rotation":[10.91,-9.04,-14.16]},"firstperson_righthand":{"translation":[10.5,5.5,-7.25],"rotation":[174.14,68.55,172.1],"scale":[0.61719,0.61719,0.61719]},"firstperson_lefthand":{"translation":[10.5,5.5,-7.25],"rotation":[174.14,68.55,172.1],"scale":[0.61719,0.61719,0.61719]},"ground":{"translation":[0.0,4.25,0.0],"scale":[0.43945,0.43945,0.43945]},"gui":{"translation":[-0.25,0.5,0.0],"rotation":[-136.63,-48.14,-107.15],"scale":[0.47618,0.47618,0.47618]},"head":{"translation":[0.0,4.25,0.0],"rotation":[0.0,3.25,0.0],"scale":[1.6,1.6,1.6]}},"credit":"Made with Blockbench","gui_light":"front"}