{"textures":{"2":"mcc:island_cosmetics/general/accessory/kanabo/kanabo","particle":"mcc:island_cosmetics/general/accessory/kanabo/kanabo"},"elements":[{"from":[5.40502,17.33732,5.5],"to":[10.40502,20.33732,10.5],"rotation":{"angle":0.0,"axis":"x","origin":[-0.02529,14.58732,8.02887]},"faces":{"north":{"uv":[5.0,2.0,8.0,7.0],"texture":"#2","rotation":270},"east":{"uv":[5.0,2.0,8.0,7.0],"texture":"#2","rotation":270},"south":{"uv":[5.0,2.0,8.0,7.0],"texture":"#2","rotation":270},"west":{"uv":[5.0,2.0,8.0,7.0],"texture":"#2","rotation":270},"up":{"uv":[0.0,2.0,5.0,7.0],"texture":"#2","rotation":270},"down":{"uv":[0.0,2.0,5.0,7.0],"texture":"#2","rotation":270}}},{"from":[3.52776,4.33732,8.07142],"to":[5.52776,17.33732,8.07142],"rotation":{"angle":0.0,"axis":"x","origin":[-0.02529,14.58732,8.02887]},"faces":{"north":{"uv":[13.0,2.0,0.0,0.0],"texture":"#2","rotation":270},"south":{"uv":[0.0,0.0,13.0,2.0],"texture":"#2","rotation":270}}},{"from":[7.90502,4.33732,10.5],"to":[7.90502,17.33732,12.5],"rotation":{"angle":0.0,"axis":"x","origin":[-0.02529,14.58732,8.02887]},"faces":{"east":{"uv":[0.0,0.0,13.0,2.0],"texture":"#2","rotation":270},"west":{"uv":[0.0,2.0,13.0,0.0],"texture":"#2","rotation":270}}},{"from":[7.90502,4.33732,3.5],"to":[7.90502,17.33732,5.5],"rotation":{"angle":0.0,"axis":"x","origin":[-0.02529,14.58732,8.02887]},"faces":{"east":{"uv":[13.0,2.0,0.0,0.0],"texture":"#2","rotation":270},"west":{"uv":[0.0,0.0,13.0,2.0],"texture":"#2","rotation":270}}},{"from":[10.47224,4.33732,7.86419],"to":[12.47224,17.33732,7.86419],"rotation":{"angle":0.0,"axis":"x","origin":[-0.02529,14.58732,8.02887]},"faces":{"north":{"uv":[0.0,0.0,13.0,2.0],"texture":"#2","rotation":270},"south":{"uv":[0.0,2.0,13.0,0.0],"texture":"#2","rotation":270}}},{"from":[6.90502,-2.66268,7.0],"to":[8.90502,4.33732,9.0],"rotation":{"angle":0.0,"axis":"x","origin":[-0.02529,14.58732,8.02887]},"faces":{"north":{"uv":[4.0,12.0,11.0,14.0],"texture":"#2","rotation":90},"east":{"uv":[4.0,12.0,11.0,14.0],"texture":"#2","rotation":90},"south":{"uv":[4.0,12.0,11.0,14.0],"texture":"#2","rotation":90},"west":{"uv":[4.0,12.0,11.0,14.0],"texture":"#2","rotation":90}}},{"from":[5.40502,4.33732,5.5],"to":[10.40502,17.33732,10.5],"rotation":{"angle":0.0,"axis":"x","origin":[-0.02529,14.58732,8.02887]},"faces":{"north":{"uv":[0.0,7.0,13.0,12.0],"texture":"#2","tintindex":0,"rotation":270},"east":{"uv":[0.0,7.0,13.0,12.0],"texture":"#2","tintindex":0,"rotation":270},"south":{"uv":[0.0,7.0,13.0,12.0],"texture":"#2","tintindex":0,"rotation":270},"west":{"uv":[0.0,7.0,13.0,12.0],"texture":"#2","tintindex":0,"rotation":270},"down":{"uv":[8.0,2.0,13.0,7.0],"texture":"#2","tintindex":0,"rotation":270}}},{"from":[5.40502,4.33732,6.5],"to":[10.40502,17.33732,9.5],"rotation":{"angle":0.0,"axis":"y","origin":[16.90502,10.83732,8.0]},"faces":{"east":{"uv":[13.0,2.0,16.0,15.0],"texture":"#2"},"west":{"uv":[13.0,2.0,16.0,15.0],"texture":"#2"}}},{"from":[6.40502,4.33732,5.5],"to":[9.40502,17.33732,10.5],"rotation":{"angle":0.0,"axis":"x","origin":[16.90502,10.83732,8.0]},"faces":{"north":{"uv":[13.0,2.0,16.0,15.0],"texture":"#2"},"south":{"uv":[13.0,2.0,16.0,15.0],"texture":"#2"}}},{"from":[6.90502,-6.66268,6.0],"to":[8.90502,-2.66268,10.0],"rotation":{"angle":0.0,"axis":"x","origin":[-0.02529,14.58732,8.02887]},"faces":{"north":{"uv":[0.0,12.0,1.0,16.0],"texture":"#2","tintindex":0},"east":{"uv":[0.0,12.0,4.0,16.0],"texture":"#2","tintindex":0,"rotation":90},"south":{"uv":[0.0,12.0,1.0,16.0],"texture":"#2","tintindex":0},"west":{"uv":[0.0,12.0,4.0,16.0],"texture":"#2","tintindex":0,"rotation":90},"up":{"uv":[0.0,12.0,4.0,13.0],"texture":"#2","tintindex":0,"rotation":90},"down":{"uv":[0.0,12.0,4.0,13.0],"texture":"#2","tintindex":0,"rotation":90}}},{"from":[8.90502,-2.66268,10.0],"to":[6.90502,-6.66268,6.0],"rotation":{"angle":0.0,"axis":"x","origin":[-0.02529,14.58732,8.02887]},"faces":{"north":{"uv":[0.0,16.0,1.0,12.0],"texture":"#2","tintindex":0},"east":{"uv":[4.0,12.0,0.0,16.0],"texture":"#2","tintindex":0,"rotation":90},"south":{"uv":[0.0,16.0,1.0,12.0],"texture":"#2","tintindex":0},"west":{"uv":[4.0,12.0,0.0,16.0],"texture":"#2","tintindex":0,"rotation":90},"up":{"uv":[0.0,13.0,4.0,12.0],"texture":"#2","tintindex":0,"rotation":90},"down":{"uv":[0.0,13.0,4.0,12.0],"texture":"#2","tintindex":0,"rotation":90}}}],"display":{"thirdperson_righthand":{"translation":[2.5,6.5,1.75],"rotation":[10.91,-9.04,-14.16]},"thirdperson_lefthand":{"translation":[2.5,6.5,1.75],"rotation":[10.91,-9.04,-14.16]},"firstperson_righthand":{"translation":[10.5,5.5,-7.25],"rotation":[174.14,68.55,172.1],"scale":[0.61719,0.61719,0.61719]},"firstperson_lefthand":{"translation":[10.5,5.5,-7.25],"rotation":[174.14,68.55,172.1],"scale":[0.61719,0.61719,0.61719]},"ground":{"translation":[0.0,4.25,0.0],"scale":[0.43945,0.43945,0.43945]},"gui":{"translation":[0.0,0.25,0.0],"rotation":[-140.81,-51.29,-112.66],"scale":[0.65196,0.65196,0.65196]},"head":{"translation":[0.0,4.25,0.0],"rotation":[0.0,3.25,0.0],"scale":[1.6,1.6,1.6]}},"credit":"Made with Blockbench","gui_light":"front"}