{"textures":{"0":"mcc:island_cosmetics/general/accessory/leviathan_tentacle/leviathan_tentacle","2":"mcc:island_cosmetics/general/accessory/leviathan_tentacle/tentacle_bubbles","particle":"mcc:island_cosmetics/general/accessory/leviathan_tentacle/leviathan_tentacle"},"elements":[{"from":[5.5,0.0,8.25],"to":[10.5,11.0,8.25],"rotation":{"angle":22.5,"axis":"x","origin":[7.5,5.5,2.0]},"faces":{"north":{"uv":[0.0,8.75,1.25,11.5],"texture":"#0"},"east":{"uv":[1.5,8.75,1.75,11.5],"texture":"#0"},"south":{"uv":[1.25,8.75,0.0,11.5],"texture":"#0"},"west":{"uv":[1.75,3.0,1.75,5.75],"texture":"#0"},"up":{"uv":[1.5,6.0,0.0,6.0],"texture":"#0"},"down":{"uv":[7.5,0.0,6.0,0.0],"texture":"#0"}}},{"from":[6.0,5.57047,8.25],"to":[10.0,16.57047,8.25],"rotation":{"angle":-22.5,"axis":"x","origin":[8.0,11.07047,2.0]},"faces":{"north":{"uv":[0.0,13.25,1.0,16.0],"texture":"#0"},"east":{"uv":[3.5,3.0,3.5,5.75],"texture":"#0"},"south":{"uv":[1.0,13.25,0.0,16.0],"texture":"#0"},"west":{"uv":[4.75,3.0,4.75,5.75],"texture":"#0"},"up":{"uv":[5.75,6.0,4.75,6.0],"texture":"#0"},"down":{"uv":[7.0,4.75,6.0,4.75],"texture":"#0"}}},{"from":[7.0,12.36388,5.59655],"to":[9.0,12.36388,12.59655],"rotation":{"angle":-45.0,"axis":"x","origin":[7.5,11.61388,2.09655]},"faces":{"north":{"uv":[1.75,7.0,2.5,7.0],"texture":"#0"},"east":{"uv":[3.5,6.0,1.75,6.0],"texture":"#0"},"south":{"uv":[6.75,6.0,6.0,6.0],"texture":"#0"},"west":{"uv":[7.75,1.75,6.0,1.75],"texture":"#0"},"up":{"uv":[2.5,11.25,2.0,13.0],"texture":"#0"},"down":{"uv":[2.5,13.0,2.0,11.25],"texture":"#0"}}},{"from":[5.0,0.0,2.0],"to":[11.0,11.0,8.0],"rotation":{"angle":22.5,"axis":"x","origin":[8.0,5.5,2.0]},"faces":{"north":{"uv":[1.5,3.0,0.0,5.75],"texture":"#0","tintindex":0},"east":{"uv":[3.25,0.0,1.75,2.75],"texture":"#0","tintindex":0},"south":{"uv":[1.5,0.0,0.0,2.75],"texture":"#0","tintindex":0},"west":{"uv":[3.25,3.0,1.75,5.75],"texture":"#0","tintindex":0},"up":{"uv":[1.5,6.0,0.0,7.5],"texture":"#0","tintindex":0},"down":{"uv":[7.5,1.5,6.0,0.0],"texture":"#0","tintindex":0}}},{"from":[6.0,5.57047,4.0],"to":[10.0,16.57047,8.0],"rotation":{"angle":-22.5,"axis":"x","origin":[8.0,11.07047,2.0]},"faces":{"north":{"uv":[5.75,0.0,4.75,2.75],"texture":"#0","tintindex":0},"east":{"uv":[4.5,3.0,3.5,5.75],"texture":"#0","tintindex":0},"south":{"uv":[4.5,0.0,3.5,2.75],"texture":"#0","tintindex":0},"west":{"uv":[5.75,3.0,4.75,5.75],"texture":"#0","tintindex":0},"up":{"uv":[5.75,6.0,4.75,7.0],"texture":"#0","tintindex":0},"down":{"uv":[7.0,5.75,6.0,4.75],"texture":"#0","tintindex":0}}},{"from":[6.5,12.61388,5.59655],"to":[9.5,15.61388,12.59655],"rotation":{"angle":-45.0,"axis":"x","origin":[8.0,11.61388,2.09655]},"faces":{"north":{"uv":[2.5,7.0,1.75,7.75],"texture":"#0","tintindex":0},"east":{"uv":[3.5,6.0,1.75,6.75],"texture":"#0","tintindex":0},"south":{"uv":[6.75,6.0,6.0,6.75],"texture":"#0","tintindex":0},"west":{"uv":[7.75,1.75,6.0,2.5],"texture":"#0","tintindex":0},"up":{"uv":[6.75,2.75,6.0,4.5],"texture":"#0","tintindex":0},"down":{"uv":[4.5,7.75,3.75,6.0],"texture":"#0","tintindex":0}}},{"from":[7.0,19.97605,7.65556],"to":[9.0,23.97605,9.65556],"rotation":{"angle":22.5,"axis":"x","origin":[8.0,21.97605,8.65556]},"faces":{"north":{"uv":[6.5,7.0,6.0,8.0],"texture":"#0","tintindex":0},"east":{"uv":[7.5,2.75,7.0,3.75],"texture":"#0","tintindex":0},"south":{"uv":[3.25,7.0,2.75,8.0],"texture":"#0","tintindex":0},"west":{"uv":[7.5,6.0,7.0,7.0],"texture":"#0","tintindex":0},"up":{"uv":[7.5,4.0,7.0,4.5],"texture":"#0","tintindex":0},"down":{"uv":[5.25,7.75,4.75,7.25],"texture":"#0","tintindex":0}}},{"from":[7.0,19.89494,9.85136],"to":[9.0,23.89494,9.85136],"rotation":{"angle":22.5,"axis":"x","origin":[8.0,21.89494,8.60136]},"faces":{"north":{"uv":[3.75,11.75,3.25,12.75],"texture":"#0"},"east":{"uv":[7.0,2.75,7.0,3.75],"texture":"#0"},"south":{"uv":[3.75,11.75,3.25,12.75],"texture":"#0"},"west":{"uv":[7.0,6.0,7.0,7.0],"texture":"#0"},"up":{"uv":[7.5,4.0,7.0,4.0],"texture":"#0"},"down":{"uv":[5.25,7.25,4.75,7.25],"texture":"#0"}}},{"from":[5.0,0.0,2.0],"to":[11.0,11.0,8.0],"rotation":{"angle":22.5,"axis":"x","origin":[8.0,5.5,2.0]},"faces":{"north":{"uv":[9.25,3.0,7.75,5.75],"texture":"#0"},"east":{"uv":[9.5,3.0,11.0,5.75],"texture":"#0"},"south":{"uv":[9.25,0.0,7.75,2.75],"texture":"#0"},"west":{"uv":[11.0,3.0,9.5,5.75],"texture":"#0"},"up":{"uv":[9.25,6.0,7.75,7.5],"texture":"#0"},"down":{"uv":[15.25,1.5,13.75,0.0],"texture":"#0"}}},{"from":[6.0,5.57047,4.0],"to":[10.0,16.57047,8.0],"rotation":{"angle":-22.5,"axis":"x","origin":[8.0,11.07047,2.0]},"faces":{"north":{"uv":[13.5,0.0,12.5,2.75],"texture":"#0"},"east":{"uv":[12.25,3.0,11.25,5.75],"texture":"#0"},"south":{"uv":[12.25,0.0,11.25,2.75],"texture":"#0"},"west":{"uv":[13.5,3.0,12.5,5.75],"texture":"#0"},"up":{"uv":[13.5,6.0,12.5,7.0],"texture":"#0"},"down":{"uv":[14.75,5.75,13.75,4.75],"texture":"#0"}}},{"from":[6.5,12.61388,5.59655],"to":[9.5,15.61388,12.59655],"rotation":{"angle":-45.0,"axis":"x","origin":[8.0,11.61388,2.09655]},"faces":{"north":{"uv":[10.25,7.0,9.5,7.75],"texture":"#0"},"east":{"uv":[11.25,6.0,9.5,6.75],"texture":"#0"},"south":{"uv":[14.5,6.0,13.75,6.75],"texture":"#0"},"west":{"uv":[15.5,1.75,13.75,2.5],"texture":"#0"},"up":{"uv":[14.5,2.75,13.75,4.5],"texture":"#0"},"down":{"uv":[12.25,7.75,11.5,6.0],"texture":"#0"}}},{"from":[7.0,19.97605,7.65556],"to":[9.0,23.97605,9.65556],"rotation":{"angle":22.5,"axis":"x","origin":[8.0,21.97605,8.65556]},"faces":{"north":{"uv":[14.25,7.0,13.75,8.0],"texture":"#0"},"east":{"uv":[15.25,2.75,14.75,3.75],"texture":"#0"},"south":{"uv":[11.0,7.0,10.5,8.0],"texture":"#0"},"west":{"uv":[15.25,6.0,14.75,7.0],"texture":"#0"},"up":{"uv":[15.25,4.0,14.75,4.5],"texture":"#0"},"down":{"uv":[13.0,7.75,12.5,7.25],"texture":"#0"}}},{"from":[-8.0,-5.0,5.0],"to":[24.0,27.0,5.0],"rotation":{"angle":22.5,"axis":"x","origin":[8.0,11.0,4.0]},"faces":{"north":{"uv":[0.0,16.0,16.0,0.0],"texture":"#2"},"east":{"uv":[0.0,0.0,0.0,8.0],"texture":"#2"},"south":{"uv":[16.0,16.0,0.0,0.0],"texture":"#2"},"west":{"uv":[0.0,0.0,0.0,8.0],"texture":"#2"},"up":{"uv":[0.0,0.0,8.0,0.0],"texture":"#2"},"down":{"uv":[0.0,0.0,8.0,0.0],"texture":"#2"}}},{"from":[8.0,-5.0,-12.0],"to":[8.0,27.0,20.0],"rotation":{"angle":0.0,"axis":"x","origin":[9.0,11.0,4.0]},"faces":{"north":{"uv":[0.0,8.0,0.0,0.0],"texture":"#2"},"east":{"uv":[0.0,16.0,16.0,0.0],"texture":"#2"},"south":{"uv":[0.0,8.0,0.0,0.0],"texture":"#2"},"west":{"uv":[16.0,16.0,0.0,0.0],"texture":"#2"},"up":{"uv":[8.0,0.0,0.0,0.0],"texture":"#2","rotation":270},"down":{"uv":[8.0,0.0,0.0,0.0],"texture":"#2","rotation":90}}}],"display":{"thirdperson_righthand":{"translation":[-1.5,-2.08,1.8],"rotation":[176.68,-66.42,-95.19],"scale":[1.03,1.03,1.03]},"thirdperson_lefthand":{"translation":[-1.5,-2.08,1.8],"rotation":[176.68,-66.42,-95.19],"scale":[1.03,1.03,1.03]},"firstperson_righthand":{"translation":[4.5,0.0,0.0],"rotation":[-85.93,-72.11,-1.01]},"firstperson_lefthand":{"translation":[4.5,0.0,0.0],"rotation":[-85.93,-72.11,-1.01]},"ground":{"translation":[0.0,1.75,0.0],"rotation":[-12.0,0.0,0.0],"scale":[0.5,0.5,0.5]},"gui":{"translation":[0.75,1.25,0.0],"rotation":[-27.12,30.87,-148.55],"scale":[0.48672,0.48672,0.48672]},"head":{"translation":[0.0,-28.75,4.5],"scale":[1.6,1.6,1.6]},"fixed":{"translation":[0.0,0.5,-0.75],"rotation":[-35.75,0.0,0.0],"scale":[0.8,0.8,0.8]}},"gui_light":"front"}