{"textures":{"0":"mcc:island_cosmetics/general/accessory/ancient_staff/ancient_staff","1":"mcc:island_cosmetics/general/accessory/ancient_staff/ancient_staff_anim","particle":"mcc:island_cosmetics/general/accessory/ancient_staff/ancient_staff"},"elements":[{"from":[7.05,8.31911,7.4588],"to":[8.95,14.31911,9.4588],"rotation":{"angle":22.5,"axis":"x","origin":[8.0,12.31911,8.4588]},"faces":{"north":{"uv":[6.0,0.0,7.0,3.0],"texture":"#0"},"east":{"uv":[6.0,3.5,7.0,6.5],"texture":"#0"},"south":{"uv":[0.0,6.5,1.0,9.5],"texture":"#0"},"west":{"uv":[1.5,6.5,2.5,9.5],"texture":"#0"},"up":{"uv":[10.0,5.0,9.0,4.0],"texture":"#0"},"down":{"uv":[10.0,5.5,9.0,6.5],"texture":"#0"}}},{"from":[8.0,7.78418,9.14805],"to":[8.0,13.78418,11.14805],"rotation":{"angle":0.0,"axis":"x","origin":[8.0,11.78418,11.14805]},"faces":{"north":{"uv":[7.0,12.0,7.0,15.0],"texture":"#0"},"east":{"uv":[3.0,6.5,4.0,9.5],"texture":"#0"},"south":{"uv":[12.5,12.0,12.5,15.0],"texture":"#0"},"west":{"uv":[4.5,6.5,5.5,9.5],"texture":"#0"},"up":{"uv":[13.0,1.0,13.0,0.0],"texture":"#0"},"down":{"uv":[13.0,1.5,13.0,2.5],"texture":"#0"}}},{"from":[7.5,14.31911,7.4588],"to":[8.5,16.31911,8.4588],"rotation":{"angle":22.5,"axis":"x","origin":[8.0,12.31911,8.4588]},"faces":{"north":{"uv":[5.0,11.5,5.5,12.5],"texture":"#0"},"east":{"uv":[7.5,11.5,8.0,12.5],"texture":"#0"},"south":{"uv":[8.5,11.5,9.0,12.5],"texture":"#0"},"west":{"uv":[9.5,11.5,10.0,12.5],"texture":"#0"},"up":{"uv":[12.5,7.5,12.0,7.0],"texture":"#0"},"down":{"uv":[12.5,8.0,12.0,8.5],"texture":"#0"}}},{"from":[7.025,6.69344,7.4588],"to":[8.975,9.69344,9.4588],"rotation":{"angle":-22.5,"axis":"x","origin":[8.0,5.69344,8.4588]},"faces":{"north":{"uv":[6.0,7.0,7.0,8.5],"texture":"#0"},"east":{"uv":[7.5,0.0,8.5,1.5],"texture":"#0"},"south":{"uv":[7.5,2.0,8.5,3.5],"texture":"#0"},"west":{"uv":[7.5,4.0,8.5,5.5],"texture":"#0"},"up":{"uv":[7.0,10.0,6.0,9.0],"texture":"#0"},"down":{"uv":[10.0,7.0,9.0,8.0],"texture":"#0"}}},{"from":[7.5,9.81911,5.4588],"to":[8.5,10.81911,7.4588],"rotation":{"angle":22.5,"axis":"x","origin":[8.0,12.31911,8.4588]},"faces":{"north":{"uv":[6.0,12.0,6.5,12.5],"texture":"#0"},"east":{"uv":[0.0,11.5,1.0,12.0],"texture":"#0"},"south":{"uv":[12.0,6.0,12.5,6.5],"texture":"#0"},"west":{"uv":[1.5,11.5,2.5,12.0],"texture":"#0"},"up":{"uv":[3.5,12.5,3.0,11.5],"texture":"#0"},"down":{"uv":[4.5,11.5,4.0,12.5],"texture":"#0"}}},{"from":[7.0,-5.0,7.0],"to":[9.0,7.0,9.0],"rotation":{"angle":0.0,"axis":"y","origin":[7.0,-8.0,7.0]},"faces":{"north":{"uv":[0.0,0.0,1.0,6.0],"texture":"#0"},"east":{"uv":[1.5,0.0,2.5,6.0],"texture":"#0"},"south":{"uv":[3.0,0.0,4.0,6.0],"texture":"#0"},"west":{"uv":[4.5,0.0,5.5,6.0],"texture":"#0"},"up":{"uv":[10.0,9.5,9.0,8.5],"texture":"#0"},"down":{"uv":[1.0,10.0,0.0,11.0],"texture":"#0"}}},{"from":[7.025,-6.85819,12.74025],"to":[8.975,-3.85819,14.74025],"rotation":{"angle":-22.5,"axis":"x","origin":[7.0,-18.85819,12.74025]},"faces":{"north":{"uv":[7.5,6.0,8.5,7.5],"texture":"#0"},"east":{"uv":[7.5,8.0,8.5,9.5],"texture":"#0"},"south":{"uv":[9.0,0.0,10.0,1.5],"texture":"#0"},"west":{"uv":[9.0,2.0,10.0,3.5],"texture":"#0"},"up":{"uv":[2.5,11.0,1.5,10.0],"texture":"#0"},"down":{"uv":[4.0,10.0,3.0,11.0],"texture":"#0"}}},{"from":[7.5,-8.85819,13.24025],"to":[8.5,-6.85819,14.24025],"rotation":{"angle":-22.5,"axis":"x","origin":[7.0,-18.85819,12.74025]},"faces":{"north":{"uv":[12.0,0.0,12.5,1.0],"texture":"#0"},"east":{"uv":[12.0,1.5,12.5,2.5],"texture":"#0"},"south":{"uv":[12.0,3.0,12.5,4.0],"texture":"#0"},"west":{"uv":[12.0,4.5,12.5,5.5],"texture":"#0"},"up":{"uv":[1.5,13.0,1.0,12.5],"texture":"#0"},"down":{"uv":[2.5,12.5,2.0,13.0],"texture":"#0"}}},{"from":[7.0,6.25,9.5],"to":[9.0,8.25,11.5],"rotation":{"angle":-22.5,"axis":"x","origin":[8.0,8.0,11.0]},"faces":{"north":{"uv":[4.5,10.0,5.5,11.0],"texture":"#0"},"east":{"uv":[7.5,10.0,8.5,11.0],"texture":"#0"},"south":{"uv":[9.0,10.0,10.0,11.0],"texture":"#0"},"west":{"uv":[10.5,0.0,11.5,1.0],"texture":"#0"},"up":{"uv":[11.5,2.5,10.5,1.5],"texture":"#0"},"down":{"uv":[11.5,3.0,10.5,4.0],"texture":"#0"}}},{"from":[7.5,9.0,8.5],"to":[8.5,10.0,9.5],"rotation":{"angle":22.5,"axis":"x","origin":[8.0,8.0,11.0]},"faces":{"north":{"uv":[12.0,9.0,12.5,9.5],"texture":"#0"},"east":{"uv":[12.0,10.0,12.5,10.5],"texture":"#0"},"south":{"uv":[10.5,12.0,11.0,12.5],"texture":"#0"},"west":{"uv":[12.0,11.0,12.5,11.5],"texture":"#0"},"up":{"uv":[12.0,12.5,11.5,12.0],"texture":"#0"},"down":{"uv":[0.5,12.5,0.0,13.0],"texture":"#0"}}},{"from":[7.0,14.5,4.5],"to":[9.0,16.5,6.5],"rotation":{"angle":0.0,"axis":"y","origin":[7.0,-8.0,7.0]},"faces":{"north":{"uv":[10.5,7.5,11.5,8.5],"texture":"#0"},"east":{"uv":[6.0,10.5,7.0,11.5],"texture":"#0"},"south":{"uv":[11.5,7.5,10.5,8.5],"texture":"#0"},"west":{"uv":[10.5,7.5,11.5,8.5],"texture":"#0"},"up":{"uv":[11.5,10.0,10.5,9.0],"texture":"#0"},"down":{"uv":[11.5,8.5,10.5,7.5],"texture":"#0"}}},{"from":[8.0,-0.5,-10.5],"to":[8.0,31.5,21.5],"rotation":{"angle":0.0,"axis":"y","origin":[0.0,-8.0,0.0]},"faces":{"north":{"uv":[0.0,0.0,0.0,16.0],"texture":"#1"},"east":{"uv":[16.0,0.0,0.0,16.0],"texture":"#1"},"south":{"uv":[0.0,0.0,0.0,16.0],"texture":"#1"},"west":{"uv":[0.0,0.0,16.0,16.0],"texture":"#1"},"up":{"uv":[0.0,0.0,0.0,16.0],"texture":"#1"},"down":{"uv":[0.0,0.0,0.0,16.0],"texture":"#1"}}}],"display":{"thirdperson_righthand":{"translation":[0.0,7.0,2.0]},"thirdperson_lefthand":{"translation":[0.0,7.0,2.0]},"firstperson_righthand":{"translation":[0.0,2.5,0.0],"rotation":[5.65,-8.49,-5.09],"scale":[0.7,0.7,0.7]},"firstperson_lefthand":{"translation":[0.0,2.5,0.0],"rotation":[5.65,-8.49,-5.09],"scale":[0.7,0.7,0.7]},"ground":{"translation":[0.0,5.75,0.0],"rotation":[45.0,0.0,0.0],"scale":[0.5,0.5,0.5]},"gui":{"translation":[-0.75,-0.5,0.0],"rotation":[113.9,42.91,-106.81],"scale":[0.5,0.5,0.5]},"fixed":{"translation":[0.0,1.5,-0.75],"rotation":[-8.25,0.0,0.0],"scale":[0.5,0.5,0.5]}},"credit":"Made with Blockbench","gui_light":"front"}