{"textures":{"0":"block/tnt_bottom","1":"block/tnt_side","2":"block/tnt_top","particle":"block/tnt_bottom"},"elements":[{"from":[0.0,0.0,0.0],"to":[16.0,16.0,16.0],"faces":{"north":{"uv":[0.0,0.0,16.0,16.0],"texture":"#1"},"east":{"uv":[0.0,0.0,16.0,16.0],"texture":"#1"},"south":{"uv":[0.0,0.0,16.0,16.0],"texture":"#1"},"west":{"uv":[0.0,0.0,16.0,16.0],"texture":"#1"},"up":{"uv":[0.0,0.0,16.0,16.0],"texture":"#2"},"down":{"uv":[0.0,0.0,16.0,16.0],"texture":"#0"}}}],"display":{"thirdperson_righthand":{"translation":[0.0,2.5,0.0],"rotation":[75.0,45.0,0.0],"scale":[0.375,0.375,0.375]},"thirdperson_lefthand":{"translation":[0.0,2.5,0.0],"rotation":[75.0,45.0,0.0],"scale":[0.375,0.375,0.375]},"firstperson_righthand":{"rotation":[0.0,45.0,0.0],"scale":[0.4,0.4,0.4]},"firstperson_lefthand":{"rotation":[0.0,225.0,0.0],"scale":[0.4,0.4,0.4]},"ground":{"translation":[0.0,3.0,0.0],"scale":[0.25,0.25,0.25]},"gui":{"rotation":[30.0,225.0,0.0],"scale":[0.45313,0.45313,0.45313]},"head":{"translation":[0.0,-30.44,0.0],"scale":[1.6,1.6,1.6]},"fixed":{"scale":[0.5,0.5,0.5]}},"credit":"Made with Blockbench"}