{"textures":{"1":"mcc:dynaball/items/items_1"},"elements":[{"from":[1.0,1.0,1.0],"to":[15.0,15.0,15.0],"faces":{"north":{"uv":[3.5,0.0,5.25,1.75],"texture":"#1"},"east":{"uv":[3.5,0.0,5.25,1.75],"texture":"#1"},"south":{"uv":[3.5,0.0,5.25,1.75],"texture":"#1"},"west":{"uv":[3.5,0.0,5.25,1.75],"texture":"#1"},"up":{"uv":[5.5,1.75,7.25,3.5],"texture":"#1"},"down":{"uv":[3.5,1.75,5.25,3.5],"texture":"#1"}}},{"from":[1.0,15.5,1.0],"to":[15.0,15.5,15.0],"faces":{"north":{"uv":[3.5,0.0,5.25,1.75],"texture":"#1"},"east":{"uv":[3.5,0.0,5.25,1.75],"texture":"#1"},"south":{"uv":[3.5,0.0,5.25,1.75],"texture":"#1"},"west":{"uv":[3.5,0.0,5.25,1.75],"texture":"#1"},"up":{"uv":[5.5,1.75,7.25,3.5],"texture":"#1"},"down":{"uv":[3.5,1.75,5.25,3.5],"texture":"#1"}}},{"from":[14.0,0.0,0.0],"to":[16.0,16.0,2.0],"faces":{"north":{"uv":[5.25,0.0,5.5,2.0],"texture":"#1"},"east":{"uv":[5.5,0.0,5.25,2.0],"texture":"#1"},"south":{"uv":[5.25,0.0,5.5,2.0],"texture":"#1"},"west":{"uv":[5.5,0.0,5.25,2.0],"texture":"#1"},"up":{"uv":[5.5,0.0,5.75,0.25],"texture":"#1"},"down":{"uv":[5.5,0.25,5.75,0.5],"texture":"#1"}}},{"from":[2.0,14.0,0.0],"to":[14.0,16.0,2.0],"faces":{"north":{"uv":[5.75,0.0,7.25,0.25],"texture":"#1"},"east":{"uv":[5.5,0.0,5.25,2.0],"texture":"#1"},"south":{"uv":[5.75,0.25,7.25,0.0],"texture":"#1"},"west":{"uv":[5.5,0.0,5.25,2.0],"texture":"#1"},"up":{"uv":[5.75,0.0,7.25,0.25],"texture":"#1"},"down":{"uv":[5.75,0.0,7.25,0.25],"texture":"#1"}}},{"from":[2.0,0.0,0.0],"to":[14.0,2.0,2.0],"rotation":{"angle":0.0,"axis":"y","origin":[0.0,16.0,0.0]},"faces":{"north":{"uv":[5.75,0.25,7.25,0.0],"texture":"#1"},"east":{"uv":[5.5,2.0,5.25,0.0],"texture":"#1"},"south":{"uv":[5.75,0.0,7.25,0.25],"texture":"#1"},"west":{"uv":[5.5,2.0,5.25,0.0],"texture":"#1"},"up":{"uv":[5.75,0.25,7.25,0.0],"texture":"#1"},"down":{"uv":[5.75,0.25,7.25,0.0],"texture":"#1"}}},{"from":[2.0,14.0,14.0],"to":[14.0,16.0,16.0],"rotation":{"angle":0.0,"axis":"y","origin":[0.0,0.0,16.0]},"faces":{"north":{"uv":[7.25,0.25,5.75,0.0],"texture":"#1"},"east":{"uv":[5.25,0.0,5.5,2.0],"texture":"#1"},"south":{"uv":[7.25,0.0,5.75,0.25],"texture":"#1"},"west":{"uv":[5.25,0.0,5.5,2.0],"texture":"#1"},"up":{"uv":[5.75,0.25,7.25,0.0],"texture":"#1"},"down":{"uv":[5.75,0.25,7.25,0.0],"texture":"#1"}}},{"from":[2.0,0.0,14.0],"to":[14.0,2.0,16.0],"rotation":{"angle":0.0,"axis":"y","origin":[0.0,16.0,16.0]},"faces":{"north":{"uv":[7.25,0.0,5.75,0.25],"texture":"#1"},"east":{"uv":[5.25,2.0,5.5,0.0],"texture":"#1"},"south":{"uv":[7.25,0.25,5.75,0.0],"texture":"#1"},"west":{"uv":[5.25,2.0,5.5,0.0],"texture":"#1"},"up":{"uv":[5.75,0.0,7.25,0.25],"texture":"#1"},"down":{"uv":[5.75,0.0,7.25,0.25],"texture":"#1"}}},{"from":[0.0,14.0,2.0],"to":[2.0,16.0,14.0],"rotation":{"angle":0.0,"axis":"y","origin":[8.0,8.0,8.0]},"faces":{"north":{"uv":[5.25,0.0,5.5,2.0],"texture":"#1"},"east":{"uv":[7.25,0.25,5.75,0.0],"texture":"#1"},"south":{"uv":[5.25,0.0,5.5,2.0],"texture":"#1"},"west":{"uv":[7.25,0.0,5.75,0.25],"texture":"#1"},"up":{"uv":[5.75,0.25,7.25,0.0],"texture":"#1","rotation":90},"down":{"uv":[5.75,0.25,7.25,0.0],"texture":"#1","rotation":270}}},{"from":[0.0,0.0,2.0],"to":[2.0,2.0,14.0],"rotation":{"angle":0.0,"axis":"y","origin":[8.0,8.0,8.0]},"faces":{"north":{"uv":[5.25,2.0,5.5,0.0],"texture":"#1"},"east":{"uv":[7.25,0.0,5.75,0.25],"texture":"#1"},"south":{"uv":[5.25,2.0,5.5,0.0],"texture":"#1"},"west":{"uv":[7.25,0.25,5.75,0.0],"texture":"#1"},"up":{"uv":[5.75,0.0,7.25,0.25],"texture":"#1","rotation":90},"down":{"uv":[5.75,0.0,7.25,0.25],"texture":"#1","rotation":270}}},{"from":[14.0,14.0,2.0],"to":[16.0,16.0,14.0],"rotation":{"angle":0.0,"axis":"y","origin":[8.0,8.0,8.0]},"faces":{"north":{"uv":[5.5,0.0,5.25,2.0],"texture":"#1"},"east":{"uv":[5.75,0.0,7.25,0.25],"texture":"#1"},"south":{"uv":[5.5,0.0,5.25,2.0],"texture":"#1"},"west":{"uv":[5.75,0.25,7.25,0.0],"texture":"#1"},"up":{"uv":[5.75,0.0,7.25,0.25],"texture":"#1","rotation":90},"down":{"uv":[5.75,0.0,7.25,0.25],"texture":"#1","rotation":270}}},{"from":[14.0,0.0,2.0],"to":[16.0,2.0,14.0],"rotation":{"angle":0.0,"axis":"y","origin":[8.0,8.0,8.0]},"faces":{"north":{"uv":[5.5,2.0,5.25,0.0],"texture":"#1"},"east":{"uv":[5.75,0.25,7.25,0.0],"texture":"#1"},"south":{"uv":[5.5,2.0,5.25,0.0],"texture":"#1"},"west":{"uv":[5.75,0.0,7.25,0.25],"texture":"#1"},"up":{"uv":[5.75,0.25,7.25,0.0],"texture":"#1","rotation":90},"down":{"uv":[5.75,0.25,7.25,0.0],"texture":"#1","rotation":270}}},{"from":[0.0,0.0,0.0],"to":[2.0,16.0,2.0],"rotation":{"angle":0.0,"axis":"y","origin":[16.0,0.0,0.0]},"faces":{"north":{"uv":[5.5,0.0,5.25,2.0],"texture":"#1"},"east":{"uv":[5.25,0.0,5.5,2.0],"texture":"#1"},"south":{"uv":[5.5,0.0,5.25,2.0],"texture":"#1"},"west":{"uv":[5.25,0.0,5.5,2.0],"texture":"#1"},"up":{"uv":[5.75,0.0,5.5,0.25],"texture":"#1"},"down":{"uv":[5.75,0.25,5.5,0.5],"texture":"#1"}}},{"from":[14.0,0.0,14.0],"to":[16.0,16.0,16.0],"rotation":{"angle":0.0,"axis":"y","origin":[0.0,0.0,16.0]},"faces":{"north":{"uv":[5.5,0.0,5.25,2.0],"texture":"#1"},"east":{"uv":[5.25,0.0,5.5,2.0],"texture":"#1"},"south":{"uv":[5.5,0.0,5.25,2.0],"texture":"#1"},"west":{"uv":[5.25,0.0,5.5,2.0],"texture":"#1"},"up":{"uv":[5.5,0.25,5.75,0.0],"texture":"#1"},"down":{"uv":[5.5,0.5,5.75,0.25],"texture":"#1"}}},{"from":[0.0,0.0,14.0],"to":[2.0,16.0,16.0],"rotation":{"angle":0.0,"axis":"y","origin":[16.0,0.0,16.0]},"faces":{"north":{"uv":[5.25,0.0,5.5,2.0],"texture":"#1"},"east":{"uv":[5.5,0.0,5.25,2.0],"texture":"#1"},"south":{"uv":[5.25,0.0,5.5,2.0],"texture":"#1"},"west":{"uv":[5.5,0.0,5.25,2.0],"texture":"#1"},"up":{"uv":[5.75,0.25,5.5,0.0],"texture":"#1"},"down":{"uv":[5.75,0.5,5.5,0.25],"texture":"#1"}}}],"display":{"thirdperson_righthand":{"translation":[0.0,2.5,0.0],"rotation":[75.0,45.0,0.0],"scale":[0.375,0.375,0.375]},"thirdperson_lefthand":{"translation":[0.0,2.5,0.0],"rotation":[75.0,45.0,0.0],"scale":[0.375,0.375,0.375]},"firstperson_righthand":{"rotation":[0.0,45.0,0.0],"scale":[0.4,0.4,0.4]},"firstperson_lefthand":{"rotation":[0.0,225.0,0.0],"scale":[0.4,0.4,0.4]},"ground":{"translation":[0.0,3.0,0.0],"scale":[0.25,0.25,0.25]},"gui":{"rotation":[30.0,225.0,0.0],"scale":[0.625,0.625,0.625]},"head":{"translation":[0.0,-30.44,0.0],"scale":[1.6,1.6,1.6]},"fixed":{"scale":[0.5,0.5,0.5]}},"credit":"Made with Blockbench"}