{"textures":{"0":"mcc:island_cosmetics/general/accessory/dynamite_bundle/dynamite_bundle","particle":"mcc:island_cosmetics/general/accessory/dynamite_bundle/dynamite_bundle"},"elements":[{"from":[5.5,0.0,5.5],"to":[10.5,11.0,10.5],"rotation":{"angle":0.0,"axis":"y","origin":[7.0,0.0,7.0]},"faces":{"north":{"uv":[0.0,0.0,5.0,11.0],"texture":"#0"},"east":{"uv":[5.0,0.0,0.0,11.0],"texture":"#0"},"south":{"uv":[0.0,0.0,5.0,11.0],"texture":"#0"},"west":{"uv":[5.0,0.0,0.0,11.0],"texture":"#0"},"up":{"uv":[10.0,10.0,5.0,5.0],"texture":"#0"},"down":{"uv":[10.0,5.0,5.0,0.0],"texture":"#0"}}},{"from":[5.25,1.75,5.25],"to":[10.75,3.75,10.75],"rotation":{"angle":0.0,"axis":"y","origin":[7.75,2.25,7.25]},"faces":{"north":{"uv":[15.0,4.0,10.0,6.0],"texture":"#0"},"east":{"uv":[10.0,4.0,15.0,6.0],"texture":"#0"},"south":{"uv":[15.0,4.0,10.0,6.0],"texture":"#0"},"west":{"uv":[10.0,4.0,15.0,6.0],"texture":"#0"},"up":{"uv":[6.0,11.0,0.0,12.0],"texture":"#0"},"down":{"uv":[6.0,11.0,0.0,12.0],"texture":"#0"}}},{"from":[5.25,6.75,5.25],"to":[10.75,8.75,10.75],"rotation":{"angle":0.0,"axis":"z","origin":[8.0,7.75,8.0]},"faces":{"north":{"uv":[15.0,4.0,10.0,6.0],"texture":"#0"},"east":{"uv":[10.0,4.0,15.0,6.0],"texture":"#0"},"south":{"uv":[15.0,4.0,10.0,6.0],"texture":"#0"},"west":{"uv":[10.0,4.0,15.0,6.0],"texture":"#0"},"up":{"uv":[6.0,11.0,0.0,12.0],"texture":"#0"},"down":{"uv":[6.0,11.0,0.0,12.0],"texture":"#0"}}},{"from":[8.0,11.0,5.0],"to":[8.0,15.0,11.0],"rotation":{"angle":0.0,"axis":"y","origin":[7.0,11.0,7.0]},"faces":{"north":{"uv":[19.0,31.0,19.0,37.0],"texture":"#0"},"east":{"uv":[16.0,0.0,10.0,4.0],"texture":"#0"},"south":{"uv":[20.0,31.0,20.0,37.0],"texture":"#0"},"west":{"uv":[10.0,0.0,16.0,4.0],"texture":"#0"},"up":{"uv":[21.0,37.0,21.0,31.0],"texture":"#0"},"down":{"uv":[22.0,31.0,22.0,37.0],"texture":"#0"}}},{"from":[5.0,11.0,8.0],"to":[11.0,17.0,8.0],"rotation":{"angle":0.0,"axis":"y","origin":[8.0,14.0,8.0]},"faces":{"north":{"uv":[10.0,10.0,16.0,16.0],"texture":"#0"},"east":{"uv":[23.0,31.0,23.0,37.0],"texture":"#0"},"south":{"uv":[16.0,10.0,10.0,16.0],"texture":"#0"},"west":{"uv":[24.0,31.0,24.0,37.0],"texture":"#0"},"up":{"uv":[16.0,6.0,10.0,6.0],"texture":"#0"},"down":{"uv":[18.0,33.0,12.0,33.0],"texture":"#0"}}}],"display":{"thirdperson_righthand":{"translation":[-1.75,1.75,1.5],"scale":[0.8,0.8,0.8]},"thirdperson_lefthand":{"translation":[-1.75,1.75,1.5],"scale":[0.8,0.8,0.8]},"ground":{"translation":[0.0,0.25,0.0],"rotation":[37.0,0.0,0.0],"scale":[0.5,0.5,0.5]},"gui":{"translation":[0.0,1.25,0.0],"rotation":[36.24,38.53,-6.51],"scale":[0.9,0.9,0.9]},"fixed":{"rotation":[0.0,-20.0,0.0]}},"credit":"Made with Blockbench","gui_light":"front"}