{"textures":{"1":"mcc:island_cosmetics/general/accessory/burger/burger"},"elements":[{"from":[4.5,-0.75,4.5],"to":[11.5,1.25,11.5],"rotation":{"angle":0.0,"axis":"y","origin":[7.89614,2.59071,8.09737]},"faces":{"north":{"uv":[0.0,0.0,3.5,1.0],"texture":"#1"},"east":{"uv":[0.0,0.0,3.5,1.0],"texture":"#1"},"south":{"uv":[0.0,0.0,3.5,1.0],"texture":"#1"},"west":{"uv":[0.0,0.0,3.5,1.0],"texture":"#1"},"up":{"uv":[5.0,4.5,8.5,8.0],"texture":"#1"},"down":{"uv":[5.0,4.5,8.5,8.0],"texture":"#1"}}},{"from":[4.5,3.875,4.5],"to":[11.5,6.875,11.5],"rotation":{"angle":0.0,"axis":"y","origin":[7.89614,2.59071,8.09737]},"faces":{"north":{"uv":[0.0,4.5,1.5,8.0],"texture":"#1","rotation":90},"east":{"uv":[0.0,4.5,1.5,8.0],"texture":"#1","rotation":90},"south":{"uv":[0.0,4.5,1.5,8.0],"texture":"#1","rotation":90},"west":{"uv":[0.0,4.5,1.5,8.0],"texture":"#1","rotation":90},"up":{"uv":[0.0,1.0,3.5,4.5],"texture":"#1","rotation":90},"down":{"uv":[5.0,4.5,8.5,8.0],"texture":"#1"}}},{"from":[4.4,0.655,4.4],"to":[11.6,1.855,11.6],"rotation":{"angle":0.0,"axis":"y","origin":[7.89614,2.59071,8.09737]},"faces":{"north":{"uv":[0.0,8.0,3.5,8.5],"texture":"#1"},"east":{"uv":[0.0,8.0,3.5,8.5],"texture":"#1"},"south":{"uv":[0.0,8.0,3.5,8.5],"texture":"#1"},"west":{"uv":[0.0,8.0,3.5,8.5],"texture":"#1"},"up":{"uv":[3.5,8.0,7.0,11.5],"texture":"#1"},"down":{"uv":[3.5,8.0,7.0,11.5],"texture":"#1"}}},{"from":[4.26903,1.49,4.59567],"to":[11.26903,2.49,11.59567],"rotation":{"angle":-22.5,"axis":"y","origin":[7.76903,2.74,8.09567]},"faces":{"north":{"uv":[1.5,4.5,5.0,5.0],"texture":"#1"},"east":{"uv":[1.5,4.5,5.0,5.0],"texture":"#1"},"south":{"uv":[1.5,4.5,5.0,5.0],"texture":"#1"},"west":{"uv":[1.5,4.5,5.0,5.0],"texture":"#1"},"up":{"uv":[1.5,4.5,5.0,8.0],"texture":"#1","rotation":270},"down":{"uv":[1.5,4.5,5.0,8.0],"texture":"#1","rotation":90}}},{"from":[4.27131,3.24,4.80374],"to":[11.27131,4.24,11.80374],"rotation":{"angle":-22.5,"axis":"y","origin":[7.77131,3.24,8.30374]},"faces":{"north":{"uv":[7.0,4.0,10.5,4.5],"texture":"#1"},"east":{"uv":[7.0,4.0,10.5,4.5],"texture":"#1"},"south":{"uv":[7.0,4.0,10.5,4.5],"texture":"#1"},"west":{"uv":[7.0,4.0,10.5,4.5],"texture":"#1"},"up":{"uv":[7.0,0.5,10.5,4.0],"texture":"#1"},"down":{"uv":[7.0,0.5,10.5,4.0],"texture":"#1"}}},{"from":[4.27131,2.24,4.80374],"to":[11.27131,3.24,11.80374],"rotation":{"angle":-22.5,"axis":"y","origin":[7.77131,3.24,8.30374]},"faces":{"north":{"uv":[3.5,0.0,7.0,0.5],"texture":"#1"},"east":{"uv":[7.0,0.0,3.5,0.5],"texture":"#1"},"south":{"uv":[3.5,0.0,7.0,0.5],"texture":"#1"},"west":{"uv":[3.5,0.0,7.0,0.5],"texture":"#1"}}},{"from":[4.46132,2.285,4.47844],"to":[11.46132,3.285,11.47844],"rotation":{"angle":22.5,"axis":"y","origin":[7.96132,2.035,7.97844]},"faces":{"north":{"uv":[3.5,4.0,7.0,4.5],"texture":"#1"},"east":{"uv":[3.5,4.0,7.0,4.5],"texture":"#1"},"south":{"uv":[3.5,4.0,7.0,4.5],"texture":"#1"},"west":{"uv":[3.5,4.0,7.0,4.5],"texture":"#1"},"up":{"uv":[3.5,0.5,7.0,4.0],"texture":"#1","rotation":90},"down":{"uv":[3.5,0.5,7.0,4.0],"texture":"#1","rotation":270}}}],"display":{"thirdperson_righthand":{"translation":[0.25,3.75,3.0],"rotation":[-131.54,-46.91,179.96],"scale":[0.85,0.85,0.85]},"thirdperson_lefthand":{"translation":[0.25,3.75,3.0],"rotation":[-131.54,-46.91,179.96],"scale":[0.85,0.85,0.85]},"firstperson_righthand":{"translation":[8.75,1.75,-5.75],"rotation":[3.0,112.0,-13.0],"scale":[0.62109,0.62109,0.62109]},"firstperson_lefthand":{"translation":[8.75,1.75,-5.75],"rotation":[3.0,112.0,-13.0],"scale":[0.62109,0.62109,0.62109]},"ground":{"translation":[0.0,4.25,0.0],"scale":[0.43945,0.43945,0.43945]},"gui":{"translation":[-0.25,5.5,0.0],"rotation":[-149.61,-31.92,-180.0],"scale":[1.23437,1.23437,1.23437]},"head":{"translation":[0.0,4.25,0.0],"rotation":[0.0,3.25,0.0],"scale":[1.6,1.6,1.6]}},"credit":"Made with Blockbench","gui_light":"front"}