{"textures":{"0":"mcc:island_cosmetics/general/accessory/competitors_safety_pad/competitors_safety_pad","2":"mcc:island_cosmetics/general/hat/competitors_helmet/slimed","particle":"mcc:island_cosmetics/general/accessory/competitors_safety_pad/competitors_safety_pad"},"elements":[{"from":[5.0,10.5,5.5],"to":[11.0,16.5,7.5],"rotation":{"angle":0.0,"axis":"y","origin":[15.5,3.0,1.0]},"faces":{"north":{"uv":[0.0,0.0,3.0,3.0],"texture":"#0","tintindex":0,"rotation":180},"east":{"uv":[4.0,0.0,3.0,3.0],"texture":"#0","tintindex":0,"rotation":180},"south":{"uv":[0.0,4.0,3.0,7.0],"texture":"#0","rotation":180},"west":{"uv":[3.0,0.0,4.0,3.0],"texture":"#0","tintindex":0,"rotation":180},"up":{"uv":[7.0,0.0,4.0,1.0],"texture":"#0","tintindex":0,"rotation":180},"down":{"uv":[7.0,1.0,4.0,2.0],"texture":"#0","tintindex":0,"rotation":180}}},{"from":[4.8,10.3,5.3],"to":[11.2,16.7,7.7],"rotation":{"angle":0.0,"axis":"y","origin":[15.5,3.0,1.0]},"faces":{"north":{"uv":[9.0,7.0,3.0,1.0],"texture":"#2","rotation":180},"east":{"uv":[4.0,7.0,2.0,1.0],"texture":"#2","rotation":180},"west":{"uv":[6.0,7.0,8.0,1.0],"texture":"#2","rotation":180},"up":{"uv":[0.0,1.0,6.0,2.0],"texture":"#2","rotation":180}}},{"from":[4.8,14.8,6.3],"to":[11.2,21.2,8.7],"rotation":{"angle":0.0,"axis":"y","origin":[15.5,3.0,1.0]},"faces":{"north":{"uv":[10.0,14.0,4.0,8.0],"texture":"#2","rotation":180},"east":{"uv":[4.0,14.0,6.0,8.0],"texture":"#2","rotation":180},"west":{"uv":[9.0,14.0,10.0,8.0],"texture":"#2","rotation":180},"up":{"uv":[3.0,8.0,9.0,9.0],"texture":"#2","rotation":180}}},{"from":[5.5,17.5,6.5],"to":[10.5,20.5,9.5],"rotation":{"angle":0.0,"axis":"y","origin":[15.5,3.0,1.0]},"faces":{"north":{"uv":[7.0,1.5,9.5,3.0],"texture":"#0","tintindex":0,"rotation":180},"east":{"uv":[8.5,0.0,7.0,1.5],"texture":"#0","tintindex":0,"rotation":180},"south":{"uv":[4.5,4.0,7.0,5.5],"texture":"#0","tintindex":0,"rotation":180},"west":{"uv":[7.0,0.0,8.5,1.5],"texture":"#0","tintindex":0,"rotation":180},"up":{"uv":[7.0,3.0,9.5,4.5],"texture":"#0","tintindex":0,"rotation":180},"down":{"uv":[9.5,4.5,7.0,6.0],"texture":"#0","tintindex":0,"rotation":180}}},{"from":[5.5,12.5,6.5],"to":[10.5,14.5,11.5],"rotation":{"angle":0.0,"axis":"y","origin":[15.5,3.0,1.0]},"faces":{"north":{"uv":[4.0,2.0,6.5,3.0],"texture":"#0","rotation":180},"east":{"uv":[6.5,2.0,4.0,3.0],"texture":"#0","rotation":180},"west":{"uv":[4.0,2.0,6.5,3.0],"texture":"#0","rotation":180}}},{"from":[5.5,12.5,6.5],"to":[10.5,14.5,11.5],"rotation":{"angle":0.0,"axis":"y","origin":[15.5,3.0,1.0]},"faces":{"east":{"uv":[4.0,3.0,1.5,4.0],"texture":"#0","tintindex":0,"rotation":180},"south":{"uv":[4.0,3.0,6.5,4.0],"texture":"#0","tintindex":0,"rotation":180},"west":{"uv":[1.5,3.0,4.0,4.0],"texture":"#0","tintindex":0,"rotation":180}}},{"from":[10.5,14.5,11.5],"to":[5.5,12.5,6.5],"rotation":{"angle":0.0,"axis":"y","origin":[15.5,3.0,1.0]},"faces":{"east":{"uv":[4.0,3.0,6.5,2.0],"texture":"#0","rotation":180},"south":{"uv":[4.0,3.0,6.5,2.0],"texture":"#0","rotation":180},"west":{"uv":[6.5,3.0,4.0,2.0],"texture":"#0","rotation":180}}},{"from":[10.5,14.5,11.5],"to":[5.5,12.5,6.5],"rotation":{"angle":0.0,"axis":"y","origin":[15.5,3.0,1.0]},"faces":{"north":{"uv":[4.0,4.0,6.5,3.0],"texture":"#0","tintindex":0,"rotation":180},"east":{"uv":[1.5,4.0,4.0,3.0],"texture":"#0","tintindex":0,"rotation":180},"west":{"uv":[4.0,4.0,1.5,3.0],"texture":"#0","tintindex":0,"rotation":180}}},{"from":[11.2,16.7,7.7],"to":[4.8,10.3,5.3],"rotation":{"angle":0.0,"axis":"y","origin":[15.5,3.0,1.0]},"faces":{"east":{"uv":[6.0,1.0,8.0,7.0],"texture":"#2","rotation":180},"south":{"uv":[9.0,1.0,3.0,7.0],"texture":"#2","rotation":180},"west":{"uv":[4.0,1.0,2.0,7.0],"texture":"#2","rotation":180},"down":{"uv":[6.0,1.0,0.0,2.0],"texture":"#2","rotation":180}}},{"from":[11.2,21.2,8.7],"to":[4.8,14.8,6.3],"rotation":{"angle":0.0,"axis":"y","origin":[15.5,3.0,1.0]},"faces":{"east":{"uv":[9.0,8.0,10.0,14.0],"texture":"#2","rotation":180},"south":{"uv":[10.0,8.0,4.0,14.0],"texture":"#2","rotation":180},"west":{"uv":[4.0,8.0,6.0,14.0],"texture":"#2","rotation":180},"down":{"uv":[9.0,8.0,3.0,9.0],"texture":"#2","rotation":180}}}],"display":{"thirdperson_righthand":{"translation":[0.75,-2.25,-0.25],"rotation":[90.0,-90.0,0.0]},"thirdperson_lefthand":{"translation":[0.75,-1.75,-0.25],"rotation":[90.0,-90.0,0.0]},"firstperson_righthand":{"translation":[2.13,0.2,0.38],"rotation":[36.12,1.54,-10.68],"scale":[0.64289,0.64289,0.64289]},"firstperson_lefthand":{"translation":[2.13,0.2,0.38],"rotation":[36.12,1.54,-10.68],"scale":[0.64289,0.64289,0.64289]},"ground":{"translation":[0.0,4.25,0.0],"scale":[0.43945,0.43945,0.43945]},"gui":{"translation":[-4.25,-8.25,0.0],"rotation":[142.7,27.36,-148.42],"scale":[1.27695,1.27695,1.27695]},"head":{"translation":[0.0,-20.25,8.0],"rotation":[0.0,90.0,0.0],"scale":[1.7543,1.7543,1.7543]}},"credit":"Made with Blockbench","gui_light":"front"}