{"textures":{"0":"mcc:island_cosmetics/general/accessory/golden_idol/golden_idol","particle":"mcc:island_cosmetics/general/accessory/golden_idol/golden_idol"},"elements":[{"from":[6.975,7.0,7.25],"to":[9.025,9.0,9.25],"rotation":{"angle":22.5,"axis":"x","origin":[8.0,8.0,8.0]},"faces":{"north":{"uv":[3.0,5.0,4.0,6.0],"texture":"#0"},"east":{"uv":[5.0,4.0,6.0,5.0],"texture":"#0"},"south":{"uv":[4.5,5.5,5.5,6.5],"texture":"#0"},"west":{"uv":[6.0,5.5,7.0,6.5],"texture":"#0"},"up":{"uv":[7.5,1.0,6.5,0.0],"texture":"#0"},"down":{"uv":[7.5,1.5,6.5,2.5],"texture":"#0"}}},{"from":[6.0,0.0,6.0],"to":[10.0,1.0,10.0],"rotation":{"angle":0.0,"axis":"y","origin":[7.0,0.0,7.0]},"faces":{"north":{"uv":[6.5,3.0,8.5,3.5],"texture":"#0"},"east":{"uv":[6.5,4.0,8.5,4.5],"texture":"#0"},"south":{"uv":[0.0,7.0,2.0,7.5],"texture":"#0"},"west":{"uv":[2.5,7.0,4.5,7.5],"texture":"#0"},"up":{"uv":[2.0,2.0,0.0,0.0],"texture":"#0"},"down":{"uv":[2.0,2.5,0.0,4.5],"texture":"#0"}}},{"from":[7.0,4.0,7.5],"to":[9.0,7.0,8.5],"rotation":{"angle":0.0,"axis":"y","origin":[7.0,0.0,7.0]},"faces":{"north":{"uv":[0.0,5.0,1.0,6.5],"texture":"#0"},"east":{"uv":[5.5,8.5,6.0,10.0],"texture":"#0"},"south":{"uv":[5.0,0.0,6.0,1.5],"texture":"#0"},"west":{"uv":[6.5,8.5,7.0,10.0],"texture":"#0"},"up":{"uv":[2.0,12.0,1.0,11.5],"texture":"#0"},"down":{"uv":[3.5,11.5,2.5,12.0],"texture":"#0"}}},{"from":[9.0,5.0,7.5],"to":[10.0,7.0,8.5],"rotation":{"angle":45.0,"axis":"x","origin":[9.5,6.5,8.0]},"faces":{"north":{"uv":[9.5,0.0,10.0,1.0],"texture":"#0"},"east":{"uv":[4.0,11.5,4.5,12.5],"texture":"#0"},"south":{"uv":[11.5,6.0,12.0,7.0],"texture":"#0"},"west":{"uv":[11.5,7.5,12.0,8.5],"texture":"#0"},"up":{"uv":[13.0,0.5,12.5,0.0],"texture":"#0"},"down":{"uv":[1.5,12.5,1.0,13.0],"texture":"#0"}}},{"from":[6.0,4.0,7.5],"to":[7.0,7.0,8.5],"rotation":{"angle":-45.0,"axis":"x","origin":[6.5,6.5,8.0]},"faces":{"north":{"uv":[7.5,8.5,8.0,10.0],"texture":"#0"},"east":{"uv":[8.5,8.5,9.0,10.0],"texture":"#0"},"south":{"uv":[9.0,2.5,9.5,4.0],"texture":"#0"},"west":{"uv":[9.0,4.5,9.5,6.0],"texture":"#0"},"up":{"uv":[13.0,1.5,12.5,1.0],"texture":"#0"},"down":{"uv":[2.5,12.5,2.0,13.0],"texture":"#0"}}},{"from":[8.225,1.0,7.15],"to":[9.225,4.0,8.15],"rotation":{"angle":-22.5,"axis":"y","origin":[8.725,2.5,7.65]},"faces":{"north":{"uv":[0.0,9.5,0.5,11.0],"texture":"#0"},"east":{"uv":[1.0,9.5,1.5,11.0],"texture":"#0"},"south":{"uv":[2.0,9.5,2.5,11.0],"texture":"#0"},"west":{"uv":[3.0,9.5,3.5,11.0],"texture":"#0"},"up":{"uv":[3.5,13.0,3.0,12.5],"texture":"#0"},"down":{"uv":[5.5,12.5,5.0,13.0],"texture":"#0"}}},{"from":[9.0,5.0,6.5],"to":[10.0,6.0,7.5],"rotation":{"angle":45.0,"axis":"x","origin":[9.475,6.5,8.0]},"faces":{"north":{"uv":[6.0,12.5,6.5,13.0],"texture":"#0"},"east":{"uv":[12.5,6.0,13.0,6.5],"texture":"#0"},"south":{"uv":[7.0,12.5,7.5,13.0],"texture":"#0"},"west":{"uv":[12.5,7.0,13.0,7.5],"texture":"#0"},"up":{"uv":[8.5,13.0,8.0,12.5],"texture":"#0"},"down":{"uv":[13.0,8.0,12.5,8.5],"texture":"#0"}}},{"from":[6.925,1.0,7.8],"to":[7.925,4.0,8.8],"rotation":{"angle":-22.5,"axis":"x","origin":[7.425,3.5,8.3]},"faces":{"north":{"uv":[4.0,9.5,4.5,11.0],"texture":"#0"},"east":{"uv":[9.5,8.5,10.0,10.0],"texture":"#0"},"south":{"uv":[10.0,2.5,10.5,4.0],"texture":"#0"},"west":{"uv":[10.0,4.5,10.5,6.0],"texture":"#0"},"up":{"uv":[9.5,13.0,9.0,12.5],"texture":"#0"},"down":{"uv":[10.5,12.5,10.0,13.0],"texture":"#0"}}},{"from":[9.075,9.1,9.3],"to":[6.925,6.9,7.2],"rotation":{"angle":22.5,"axis":"x","origin":[8.0,8.0,8.0]},"faces":{"north":{"uv":[7.5,6.0,8.5,5.0],"texture":"#0"},"east":{"uv":[0.0,9.0,1.0,8.0],"texture":"#0"},"south":{"uv":[5.0,8.0,6.0,7.0],"texture":"#0"},"west":{"uv":[6.5,8.0,7.5,7.0],"texture":"#0"},"up":{"uv":[1.5,8.0,2.5,9.0],"texture":"#0"},"down":{"uv":[8.0,1.0,9.0,0.0],"texture":"#0"}}},{"from":[10.1,1.075,10.1],"to":[5.9,-0.075,5.9],"rotation":{"angle":0.0,"axis":"y","origin":[7.0,0.0,7.0]},"faces":{"north":{"uv":[8.0,8.0,10.0,7.5],"texture":"#0"},"east":{"uv":[3.0,9.0,5.0,8.5],"texture":"#0"},"south":{"uv":[8.0,2.0,10.0,1.5],"texture":"#0"},"west":{"uv":[8.0,7.0,10.0,6.5],"texture":"#0"},"up":{"uv":[2.5,2.5,4.5,4.5],"texture":"#0"},"down":{"uv":[2.5,2.0,4.5,0.0],"texture":"#0"}}},{"from":[9.075,7.1,8.625],"to":[6.925,3.9,7.375],"rotation":{"angle":0.0,"axis":"y","origin":[7.0,0.0,7.0]},"faces":{"north":{"uv":[5.0,3.5,6.0,2.0],"texture":"#0"},"east":{"uv":[5.0,12.0,5.5,10.5],"texture":"#0"},"south":{"uv":[1.5,6.5,2.5,5.0],"texture":"#0"},"west":{"uv":[10.5,1.5,11.0,0.0],"texture":"#0"},"up":{"uv":[12.0,2.0,13.0,2.5],"texture":"#0"},"down":{"uv":[11.5,9.5,12.5,9.0],"texture":"#0"}}},{"from":[10.075,7.075,8.575],"to":[8.925,4.925,7.425],"rotation":{"angle":45.0,"axis":"x","origin":[9.5,6.5,8.0]},"faces":{"north":{"uv":[12.0,11.0,12.5,10.0],"texture":"#0"},"east":{"uv":[12.0,12.5,12.5,11.5],"texture":"#0"},"south":{"uv":[12.0,4.0,12.5,3.0],"texture":"#0"},"west":{"uv":[12.0,5.5,12.5,4.5],"texture":"#0"},"up":{"uv":[13.0,3.0,13.5,3.5],"texture":"#0"},"down":{"uv":[11.0,13.0,11.5,12.5],"texture":"#0"}}},{"from":[7.075,7.075,8.6],"to":[5.925,3.925,7.4],"rotation":{"angle":-45.0,"axis":"x","origin":[6.5,6.5,8.0]},"faces":{"north":{"uv":[7.0,12.0,7.5,10.5],"texture":"#0"},"east":{"uv":[8.0,12.0,8.5,10.5],"texture":"#0"},"south":{"uv":[6.0,12.0,6.5,10.5],"texture":"#0"},"west":{"uv":[10.5,8.0,11.0,6.5],"texture":"#0"},"up":{"uv":[13.0,4.0,13.5,4.5],"texture":"#0"},"down":{"uv":[4.0,13.5,4.5,13.0],"texture":"#0"}}},{"from":[9.35,4.1,8.2],"to":[8.1,0.9,7.1],"rotation":{"angle":-22.5,"axis":"y","origin":[8.725,2.5,7.65]},"faces":{"north":{"uv":[10.0,12.0,10.5,10.5],"texture":"#0"},"east":{"uv":[11.0,3.5,11.5,2.0],"texture":"#0"},"south":{"uv":[10.5,10.0,11.0,8.5],"texture":"#0"},"west":{"uv":[9.0,12.0,9.5,10.5],"texture":"#0"},"up":{"uv":[13.0,9.0,13.5,9.5],"texture":"#0"},"down":{"uv":[13.0,5.5,13.5,5.0],"texture":"#0"}}},{"from":[10.075,6.075,7.425],"to":[8.925,4.925,6.35],"rotation":{"angle":45.0,"axis":"x","origin":[9.475,6.5,8.0]},"faces":{"north":{"uv":[12.0,13.5,12.5,13.0],"texture":"#0"},"east":{"uv":[13.0,12.5,13.5,12.0],"texture":"#0"},"south":{"uv":[13.0,10.5,13.5,10.0],"texture":"#0"},"west":{"uv":[13.0,11.5,13.5,11.0],"texture":"#0"},"up":{"uv":[0.0,13.5,0.5,14.0],"texture":"#0"},"down":{"uv":[13.0,13.5,13.5,13.0],"texture":"#0"}}},{"from":[8.0,4.075,8.85],"to":[6.85,0.925,7.75],"rotation":{"angle":-22.5,"axis":"x","origin":[7.425,3.5,8.3]},"faces":{"north":{"uv":[0.0,13.0,0.5,11.5],"texture":"#0"},"east":{"uv":[11.5,1.5,12.0,0.0],"texture":"#0"},"south":{"uv":[11.0,5.5,11.5,4.0],"texture":"#0"},"west":{"uv":[11.0,12.0,11.5,10.5],"texture":"#0"},"up":{"uv":[1.0,13.5,1.5,14.0],"texture":"#0"},"down":{"uv":[13.5,0.5,14.0,0.0],"texture":"#0"}}}],"display":{"thirdperson_righthand":{"translation":[0.0,4.0,5.75],"rotation":[59.67,-26.75,-3.55]},"thirdperson_lefthand":{"translation":[0.0,4.0,5.75],"rotation":[59.67,-26.75,-3.55]},"firstperson_righthand":{"translation":[0.0,6.75,0.0],"rotation":[-180.0,68.5,-180.0]},"firstperson_lefthand":{"translation":[0.0,6.75,0.0],"rotation":[-180.0,68.5,-180.0]},"ground":{"translation":[0.0,6.75,0.0],"scale":[0.8,0.8,0.8]},"gui":{"translation":[0.0,4.5,0.0],"rotation":[-175.25,36.0,-180.0],"scale":[1.4,1.4,1.4]},"fixed":{"translation":[0.0,4.0,-1.25]}},"credit":"Made with Blockbench","gui_light":"front"}