{"textures":{"4":"mcc:island_cosmetics/general/accessory/cosmic_sword/cosmic_sword"},"elements":[{"from":[6.8,4.8,13.8],"to":[9.2,7.2,22.2],"rotation":{"angle":0.0,"axis":"y","origin":[8.0,6.0,17.92893]},"faces":{"east":{"uv":[0.0,6.5,4.0,7.5],"texture":"#4"},"west":{"uv":[0.0,6.5,4.0,7.5],"texture":"#4"},"up":{"uv":[0.0,6.5,4.0,7.5],"texture":"#4","rotation":90},"down":{"uv":[0.0,6.5,4.0,7.5],"texture":"#4","rotation":90}}},{"from":[6.5,8.0,11.92893],"to":[9.5,12.0,15.92893],"rotation":{"angle":-45.0,"axis":"x","origin":[8.0,6.0,17.92893]},"faces":{"north":{"uv":[3.5,4.0,5.0,6.0],"texture":"#4"},"east":{"uv":[1.5,4.0,3.5,6.0],"texture":"#4"},"south":{"uv":[3.5,4.0,5.0,6.0],"texture":"#4"},"west":{"uv":[1.5,4.0,3.5,6.0],"texture":"#4"},"up":{"uv":[3.5,4.0,5.0,6.0],"texture":"#4"},"down":{"uv":[3.5,4.0,5.0,6.0],"texture":"#4"}}},{"from":[8.0,3.0,-15.0],"to":[8.0,9.0,8.0],"rotation":{"angle":0.0,"axis":"y","origin":[8.0,6.0,17.92893]},"faces":{"east":{"uv":[0.0,0.0,11.5,3.0],"texture":"#4","tintindex":0},"west":{"uv":[11.5,0.0,0.0,3.0],"texture":"#4","tintindex":0}}},{"from":[7.5,5.0,-13.0],"to":[8.5,7.0,8.0],"rotation":{"angle":0.0,"axis":"y","origin":[8.0,6.0,17.92893]},"faces":{"east":{"uv":[0.0,3.0,10.5,4.0],"texture":"#4"},"south":{"uv":[4.0,5.0,4.5,5.5],"texture":"#4"},"west":{"uv":[10.5,3.0,0.0,4.0],"texture":"#4"}}},{"from":[8.0,12.0,12.42893],"to":[8.0,17.0,15.42893],"rotation":{"angle":-45.0,"axis":"x","origin":[8.0,6.0,17.92893]},"faces":{"east":{"uv":[0.0,4.0,1.5,6.5],"texture":"#4","tintindex":0},"west":{"uv":[0.0,4.0,1.5,6.5],"texture":"#4","tintindex":0}}},{"from":[8.0,7.68198,15.5901],"to":[8.0,10.68198,20.5901],"rotation":{"angle":45.0,"axis":"x","origin":[8.0,9.18198,9.0901]},"faces":{"east":{"uv":[0.0,4.0,1.5,6.5],"texture":"#4","tintindex":0,"rotation":270},"west":{"uv":[0.0,4.0,1.5,6.5],"texture":"#4","tintindex":0,"rotation":90}}},{"from":[8.0,4.5,5.27208],"to":[8.0,7.5,10.27208],"rotation":{"angle":-45.0,"axis":"x","origin":[8.0,6.0,12.27208]},"faces":{"east":{"uv":[0.0,4.0,1.5,6.5],"texture":"#4","tintindex":0,"rotation":90},"west":{"uv":[0.0,4.0,1.5,6.5],"texture":"#4","tintindex":0,"rotation":270}}},{"from":[8.0,4.5,14.27208],"to":[8.0,7.5,19.27208],"rotation":{"angle":-45.0,"axis":"x","origin":[8.0,6.0,12.27208]},"faces":{"east":{"uv":[0.0,4.0,1.5,6.5],"texture":"#4","tintindex":0,"rotation":270},"west":{"uv":[0.0,4.0,1.5,6.5],"texture":"#4","tintindex":0,"rotation":90}}},{"from":[6.5,8.0,11.92893],"to":[9.5,12.0,15.92893],"rotation":{"angle":-45.0,"axis":"x","origin":[8.0,6.0,17.92893]},"faces":{"east":{"uv":[5.0,4.0,7.0,6.0],"texture":"#4","tintindex":0},"west":{"uv":[5.0,4.0,7.0,6.0],"texture":"#4","tintindex":0}}},{"from":[6.5,0.0,19.92893],"to":[9.5,4.0,23.92893],"rotation":{"angle":-45.0,"axis":"x","origin":[8.0,6.0,17.92893]},"faces":{"east":{"uv":[5.0,4.0,7.0,6.0],"texture":"#4","tintindex":0},"west":{"uv":[5.0,4.0,7.0,6.0],"texture":"#4","tintindex":0}}},{"from":[6.5,0.0,19.92893],"to":[9.5,4.0,23.92893],"rotation":{"angle":-45.0,"axis":"x","origin":[8.0,6.0,17.92893]},"faces":{"north":{"uv":[3.5,4.0,5.0,6.0],"texture":"#4"},"east":{"uv":[1.5,4.0,3.5,6.0],"texture":"#4"},"south":{"uv":[3.5,4.0,5.0,6.0],"texture":"#4"},"west":{"uv":[1.5,4.0,3.5,6.0],"texture":"#4"},"up":{"uv":[3.5,4.0,5.0,6.0],"texture":"#4"},"down":{"uv":[3.5,4.0,5.0,6.0],"texture":"#4"}}},{"from":[8.5,7.0,8.0],"to":[7.5,5.0,-13.0],"rotation":{"angle":0.0,"axis":"y","origin":[8.0,6.0,17.92893]},"faces":{"north":{"uv":[4.0,5.5,4.5,5.0],"texture":"#4"},"east":{"uv":[10.5,4.0,0.0,3.0],"texture":"#4"},"west":{"uv":[0.0,4.0,10.5,3.0],"texture":"#4"}}},{"from":[10.0,4.5,24.42893],"to":[6.0,-0.5,19.42893],"rotation":{"angle":-45.0,"axis":"x","origin":[8.0,6.0,17.92893]},"faces":{"north":{"uv":[6.0,0.0,6.33333,0.33333],"texture":"#4","tintindex":0},"east":{"uv":[6.0,0.0,6.33333,0.33333],"texture":"#4","tintindex":0},"south":{"uv":[6.0,0.0,6.33333,0.33333],"texture":"#4","tintindex":0},"west":{"uv":[6.0,0.0,6.33333,0.33333],"texture":"#4","tintindex":0},"up":{"uv":[6.0,0.0,6.33333,0.33333],"texture":"#4","tintindex":0},"down":{"uv":[6.0,0.0,6.33333,0.33333],"texture":"#4","tintindex":0}}}],"display":{"thirdperson_righthand":{"translation":[0.0,6.75,4.0],"rotation":[90.52,-11.73,4.96],"scale":[0.92618,0.92618,0.92618]},"thirdperson_lefthand":{"translation":[0.0,6.75,4.0],"rotation":[90.52,-11.73,4.96],"scale":[0.92618,0.92618,0.92618]},"firstperson_righthand":{"translation":[15.0,1.0,-9.75],"rotation":[75.9,4.58,-9.87],"scale":[0.80469,0.80469,0.80469]},"firstperson_lefthand":{"translation":[15.0,1.0,-9.75],"rotation":[75.9,4.58,-9.87],"scale":[0.80469,0.80469,0.80469]},"ground":{"translation":[0.0,4.25,0.0],"scale":[0.43945,0.43945,0.43945]},"gui":{"translation":[-0.75,0.0,0.0],"rotation":[52.04,-40.02,39.75],"scale":[0.53283,0.53283,0.53283]},"head":{"translation":[0.0,4.25,0.0],"rotation":[0.0,3.25,0.0],"scale":[1.6,1.6,1.6]}},"credit":"Made with Blockbench","gui_light":"front"}