{"textures":{"layer0":"mcc:island_cosmetics/trails/rank_shapes/rank_shapes","particle":"mcc:island_cosmetics/trails/rank_shapes/particle_2"},"elements":[{"from":[8.0,-3.0,4.0],"to":[8.0,5.0,12.0],"rotation":{"angle":0.0,"axis":"y","origin":[8.0,1.0,8.0]},"faces":{"north":{"uv":[0.0,0.0,0.125,0.125],"texture":"#layer0","rotation":90},"east":{"uv":[4.5,0.0,5.5,1.0],"texture":"#layer0"},"south":{"uv":[0.0,0.0,0.125,0.125],"texture":"#layer0","rotation":270},"west":{"uv":[4.5,0.0,5.5,1.0],"texture":"#layer0"},"up":{"uv":[0.0,0.0,0.125,0.125],"texture":"#layer0","rotation":270},"down":{"uv":[0.0,0.0,0.125,0.125],"texture":"#layer0","rotation":270}}},{"from":[4.0,-3.0,8.0],"to":[12.0,5.0,8.0],"rotation":{"angle":0.0,"axis":"y","origin":[8.0,1.0,8.0]},"faces":{"north":{"uv":[4.5,0.0,5.5,1.0],"texture":"#layer0"},"east":{"uv":[0.0,0.0,0.125,0.125],"texture":"#layer0","rotation":90},"south":{"uv":[4.5,0.0,5.5,1.0],"texture":"#layer0"},"west":{"uv":[0.0,0.0,0.125,0.125],"texture":"#layer0","rotation":270},"up":{"uv":[0.0,0.0,0.125,0.125],"texture":"#layer0"},"down":{"uv":[0.0,0.0,0.125,0.125],"texture":"#layer0","rotation":180}}}],"display":{"ground":{"translation":[0.0,8.5,0.0],"scale":[0.83984,0.83984,0.83984]}},"credit":"Made with Blockbench"}