{"textures":{"layer0":"mcc:island_cosmetics/trails/rank_shapes/rank_shapes","particle":"mcc:island_cosmetics/trails/rank_shapes/particle_2"},"elements":[{"from":[8.0,-3.0,4.0],"to":[8.0,5.0,12.0],"rotation":{"angle":-45.0,"axis":"x","origin":[8.0,1.0,8.0]},"faces":{"north":{"uv":[10.125,0.0,10.25,0.125],"texture":"#layer0","rotation":270},"east":{"uv":[10.125,0.0,11.125,1.0],"texture":"#layer0","rotation":270},"south":{"uv":[10.125,0.0,10.25,0.125],"texture":"#layer0","rotation":90},"west":{"uv":[10.125,0.0,11.125,1.0],"texture":"#layer0","rotation":270},"up":{"uv":[10.125,0.0,10.25,0.125],"texture":"#layer0","rotation":90},"down":{"uv":[10.125,0.0,10.25,0.125],"texture":"#layer0","rotation":90}}},{"from":[4.0,-3.0,8.0],"to":[12.0,5.0,8.0],"rotation":{"angle":-45.0,"axis":"z","origin":[8.0,1.0,8.0]},"faces":{"north":{"uv":[10.125,0.0,11.125,1.0],"texture":"#layer0","rotation":180},"east":{"uv":[10.125,0.0,10.25,0.125],"texture":"#layer0","rotation":90},"south":{"uv":[10.125,0.0,11.125,1.0],"texture":"#layer0"},"west":{"uv":[10.125,0.0,10.25,0.125],"texture":"#layer0","rotation":270},"up":{"uv":[10.125,0.0,10.25,0.125],"texture":"#layer0"},"down":{"uv":[10.125,0.0,10.25,0.125],"texture":"#layer0","rotation":180}}}],"display":{"ground":{"translation":[0.0,8.5,0.0],"scale":[0.83984,0.83984,0.83984]}},"credit":"Made with Blockbench"}