{"textures":{"0":"mcc:island_cosmetics/general/accessory/lantern/spirit_lantern","1":"mcc:island_cosmetics/general/accessory/lantern/lantern_glow_anim","particle":"mcc:island_cosmetics/general/accessory/lantern/spirit_lantern"},"elements":[{"from":[10.0,7.025,10.0],"to":[6.0,0.925,6.0],"rotation":{"angle":0.0,"axis":"y","origin":[11.0,19.125,11.0]},"faces":{"north":{"uv":[2.0,3.5,3.0,5.0],"texture":"#0"},"east":{"uv":[3.25,3.5,4.25,5.0],"texture":"#0"},"south":{"uv":[3.75,0.0,4.75,1.5],"texture":"#0"},"west":{"uv":[3.75,1.75,4.75,3.25],"texture":"#0"},"up":{"uv":[1.0,5.0,0.0,4.0],"texture":"#0"},"down":{"uv":[5.5,3.5,4.5,4.5],"texture":"#0"}}},{"from":[5.0,0.0,5.0],"to":[11.0,1.0,11.0],"rotation":{"angle":0.0,"axis":"y","origin":[7.5,0.0,6.5]},"faces":{"north":{"uv":[5.75,3.5,7.25,3.75],"texture":"#0"},"east":{"uv":[5.75,4.0,7.25,4.25],"texture":"#0"},"south":{"uv":[5.75,4.5,7.25,4.75],"texture":"#0"},"west":{"uv":[5.75,5.0,7.25,5.25],"texture":"#0"},"up":{"uv":[3.5,1.5,2.0,0.0],"texture":"#0"},"down":{"uv":[3.5,1.75,2.0,3.25],"texture":"#0"}}},{"from":[6.0,8.0,6.0],"to":[10.0,9.0,10.0],"rotation":{"angle":0.0,"axis":"y","origin":[7.5,8.0,6.5]},"faces":{"north":{"uv":[6.25,1.75,7.25,2.0],"texture":"#0"},"east":{"uv":[7.0,2.25,8.0,2.5],"texture":"#0"},"south":{"uv":[7.0,2.75,8.0,3.0],"texture":"#0"},"west":{"uv":[7.25,0.0,8.25,0.25],"texture":"#0"},"up":{"uv":[5.5,5.75,4.5,4.75],"texture":"#0"},"down":{"uv":[6.0,0.0,5.0,1.0],"texture":"#0"}}},{"from":[7.0,9.0,7.0],"to":[9.0,10.0,9.0],"rotation":{"angle":0.0,"axis":"y","origin":[7.5,9.0,6.5]},"faces":{"north":{"uv":[1.25,4.75,1.75,5.0],"texture":"#0"},"east":{"uv":[7.25,0.5,7.75,0.75],"texture":"#0"},"south":{"uv":[7.25,1.0,7.75,1.25],"texture":"#0"},"west":{"uv":[7.25,5.5,7.75,5.75],"texture":"#0"},"up":{"uv":[1.75,4.5,1.25,4.0],"texture":"#0"},"down":{"uv":[3.75,7.0,3.25,7.5],"texture":"#0"}}},{"from":[7.0,10.0,7.5],"to":[9.0,11.0,8.5],"rotation":{"angle":0.0,"axis":"y","origin":[7.5,10.0,6.5]},"faces":{"north":{"uv":[5.75,7.25,6.25,7.5],"texture":"#0"},"east":{"uv":[7.25,7.0,7.5,7.25],"texture":"#0"},"south":{"uv":[7.25,6.0,7.75,6.25],"texture":"#0"},"west":{"uv":[7.5,1.5,7.75,1.75],"texture":"#0"},"up":{"uv":[7.0,7.5,6.5,7.25],"texture":"#0"},"down":{"uv":[7.75,6.5,7.25,6.75],"texture":"#0"}}},{"from":[6.0,10.0,8.0],"to":[10.0,14.0,8.0],"rotation":{"angle":0.0,"axis":"y","origin":[7.5,13.0,6.5]},"faces":{"north":{"uv":[5.0,1.25,6.0,2.25],"texture":"#0"},"east":{"uv":[1.0,6.5,1.0,7.5],"texture":"#0"},"south":{"uv":[0.0,5.25,1.0,6.25],"texture":"#0"},"west":{"uv":[1.0,7.75,1.0,8.75],"texture":"#0"},"up":{"uv":[8.5,2.0,7.5,2.0],"texture":"#0"},"down":{"uv":[8.5,5.25,7.5,5.25],"texture":"#0"}}},{"from":[4.5,7.0,4.5],"to":[11.5,8.0,11.5],"rotation":{"angle":0.0,"axis":"y","origin":[7.5,7.0,6.5]},"faces":{"north":{"uv":[5.0,2.5,6.75,2.75],"texture":"#0"},"east":{"uv":[5.0,3.0,6.75,3.25],"texture":"#0"},"south":{"uv":[1.25,5.25,3.0,5.5],"texture":"#0"},"west":{"uv":[1.25,5.75,3.0,6.0],"texture":"#0"},"up":{"uv":[1.75,1.75,0.0,0.0],"texture":"#0"},"down":{"uv":[1.75,2.0,0.0,3.75],"texture":"#0"}}},{"from":[5.5,1.0,5.5],"to":[6.5,7.0,6.5],"rotation":{"angle":0.0,"axis":"y","origin":[7.5,1.0,6.5]},"faces":{"north":{"uv":[3.25,5.25,3.5,6.75],"texture":"#0"},"east":{"uv":[3.75,5.25,4.0,6.75],"texture":"#0"},"south":{"uv":[5.75,5.5,6.0,7.0],"texture":"#0"},"west":{"uv":[4.25,6.0,4.5,7.5],"texture":"#0"},"up":{"uv":[7.75,3.5,7.5,3.25],"texture":"#0"},"down":{"uv":[7.75,3.75,7.5,4.0],"texture":"#0"}}},{"from":[9.5,1.0,5.5],"to":[10.5,7.0,6.5],"rotation":{"angle":0.0,"axis":"y","origin":[8.5,1.0,6.5]},"faces":{"north":{"uv":[4.75,6.0,5.0,7.5],"texture":"#0"},"east":{"uv":[5.25,6.0,5.5,7.5],"texture":"#0"},"south":{"uv":[6.25,0.0,6.5,1.5],"texture":"#0"},"west":{"uv":[1.25,6.25,1.5,7.75],"texture":"#0"},"up":{"uv":[7.75,4.5,7.5,4.25],"texture":"#0"},"down":{"uv":[7.75,4.75,7.5,5.0],"texture":"#0"}}},{"from":[9.5,1.0,9.5],"to":[10.5,7.0,10.5],"rotation":{"angle":0.0,"axis":"y","origin":[8.5,1.0,9.5]},"faces":{"north":{"uv":[1.75,6.25,2.0,7.75],"texture":"#0"},"east":{"uv":[2.25,6.25,2.5,7.75],"texture":"#0"},"south":{"uv":[2.75,6.25,3.0,7.75],"texture":"#0"},"west":{"uv":[6.25,5.5,6.5,7.0],"texture":"#0"},"up":{"uv":[7.5,7.75,7.25,7.5],"texture":"#0"},"down":{"uv":[3.5,7.75,3.25,8.0],"texture":"#0"}}},{"from":[5.5,1.0,9.5],"to":[6.5,7.0,10.5],"rotation":{"angle":0.0,"axis":"y","origin":[7.5,1.0,9.5]},"faces":{"north":{"uv":[0.0,6.5,0.25,8.0],"texture":"#0"},"east":{"uv":[0.5,6.5,0.75,8.0],"texture":"#0"},"south":{"uv":[6.75,0.0,7.0,1.5],"texture":"#0"},"west":{"uv":[6.75,5.5,7.0,7.0],"texture":"#0"},"up":{"uv":[4.0,8.0,3.75,7.75],"texture":"#0"},"down":{"uv":[4.5,7.75,4.25,8.0],"texture":"#0"}}},{"from":[7.5,3.0,7.5],"to":[8.5,4.0,8.5],"rotation":{"angle":0.0,"axis":"y","origin":[7.0,2.5,7.0]},"faces":{"north":{"uv":[15.25,0.5,15.5,0.75],"texture":"#0"},"east":{"uv":[15.25,0.5,15.5,0.75],"texture":"#0"},"south":{"uv":[15.25,0.5,15.5,0.75],"texture":"#0"},"west":{"uv":[15.25,0.5,15.5,0.75],"texture":"#0"},"up":{"uv":[15.25,0.5,15.5,0.75],"texture":"#0"},"down":{"uv":[15.25,0.5,15.5,0.75],"texture":"#0"}}},{"from":[5.5,1.0,8.0],"to":[10.5,6.0,8.0],"rotation":{"angle":0.0,"axis":"y","origin":[7.0,2.5,7.0]},"faces":{"north":{"uv":[0.0,0.0,5.25,5.25],"texture":"#1"},"east":{"uv":[0.0,0.0,0.0,1.25],"texture":"#1"},"south":{"uv":[5.25,0.0,0.0,5.25],"texture":"#1"},"west":{"uv":[0.0,0.0,0.0,1.25],"texture":"#1"},"up":{"uv":[0.0,0.0,1.25,0.0],"texture":"#1"},"down":{"uv":[0.0,0.0,1.25,0.0],"texture":"#1"}}},{"from":[8.0,1.0,5.5],"to":[8.0,6.0,10.5],"rotation":{"angle":0.0,"axis":"y","origin":[8.0,3.5,8.0]},"faces":{"north":{"uv":[0.0,0.0,0.0,1.25],"texture":"#1"},"east":{"uv":[0.0,0.0,5.25,5.25],"texture":"#1"},"south":{"uv":[0.0,0.0,0.0,1.25],"texture":"#1"},"west":{"uv":[5.25,0.0,0.0,5.25],"texture":"#1"},"up":{"uv":[0.0,0.0,1.25,0.0],"texture":"#1","rotation":90},"down":{"uv":[0.0,0.0,1.25,0.0],"texture":"#1","rotation":270}}}],"display":{"thirdperson_righthand":{"translation":[0.75,-3.25,-3.5],"rotation":[66.25,0.0,0.0]},"thirdperson_lefthand":{"translation":[0.75,-3.25,-3.5],"rotation":[66.25,0.0,0.0]},"firstperson_righthand":{"translation":[0.0,3.5,0.0],"rotation":[0.78,8.75,-1.78]},"firstperson_lefthand":{"translation":[0.0,3.5,0.0],"rotation":[0.78,8.75,-1.78]},"ground":{"translation":[0.0,1.0,0.0],"scale":[0.5,0.5,0.5]},"gui":{"translation":[0.0,1.25,0.0],"rotation":[-160.43,34.87,-179.76]},"fixed":{"translation":[0.0,1.5,-1.25]}},"credit":"Made with Blockbench","gui_light":"front"}