{"textures":{"1":"mcc:island_cosmetics/general/accessory/cheese_skewer/cheese_skewer","particle":"mcc:island_cosmetics/general/hat/cheese_hat/cheese_hat"},"elements":[{"from":[7.5,-9.0,7.5],"to":[8.5,22.0,8.5],"rotation":{"angle":0.0,"axis":"y","origin":[-12.5,-9.0,3.5]},"faces":{"north":{"uv":[5.5,0.0,6.0,15.5],"texture":"#1"},"east":{"uv":[5.5,0.0,6.0,15.5],"texture":"#1"},"south":{"uv":[5.5,0.0,6.0,15.5],"texture":"#1"},"west":{"uv":[5.5,0.0,6.0,15.5],"texture":"#1"},"up":{"uv":[5.5,0.0,6.0,0.5],"texture":"#1"},"down":{"uv":[5.5,0.0,6.0,0.5],"texture":"#1"}}},{"from":[5.5,10.0,5.5],"to":[10.5,15.0,10.5],"rotation":{"angle":-22.5,"axis":"y","origin":[8.0,12.5,8.0]},"faces":{"north":{"uv":[0.0,0.0,2.5,2.5],"texture":"#1"},"east":{"uv":[0.0,0.0,2.5,2.5],"texture":"#1"},"south":{"uv":[0.0,0.0,2.5,2.5],"texture":"#1"},"west":{"uv":[0.0,0.0,2.5,2.5],"texture":"#1"},"up":{"uv":[2.5,0.0,5.0,2.5],"texture":"#1"},"down":{"uv":[0.0,2.5,2.5,5.0],"texture":"#1"}}},{"from":[6.5,7.0,6.5],"to":[9.5,10.0,9.5],"rotation":{"angle":-22.5,"axis":"y","origin":[8.0,12.5,8.0]},"faces":{"north":{"uv":[2.5,2.5,4.0,4.0],"texture":"#1"},"east":{"uv":[2.5,2.5,4.0,4.0],"texture":"#1"},"south":{"uv":[2.5,2.5,4.0,4.0],"texture":"#1"},"west":{"uv":[2.5,2.5,4.0,4.0],"texture":"#1"},"up":{"uv":[2.5,4.0,4.0,5.5],"texture":"#1"},"down":{"uv":[4.0,2.5,5.5,4.0],"texture":"#1"}}},{"from":[5.5,1.0,5.5],"to":[10.5,6.0,10.5],"rotation":{"angle":22.5,"axis":"y","origin":[8.0,3.5,8.0]},"faces":{"north":{"uv":[0.0,5.5,2.5,8.0],"texture":"#1"},"east":{"uv":[0.0,5.5,2.5,8.0],"texture":"#1"},"south":{"uv":[0.0,5.5,2.5,8.0],"texture":"#1"},"west":{"uv":[0.0,5.5,2.5,8.0],"texture":"#1"},"up":{"uv":[2.5,5.5,5.0,8.0],"texture":"#1"},"down":{"uv":[0.0,8.0,2.5,10.5],"texture":"#1"}}},{"from":[6.5,17.0,6.5],"to":[9.5,20.0,9.5],"rotation":{"angle":-45.0,"axis":"y","origin":[8.0,18.5,8.0]},"faces":{"north":{"uv":[2.5,2.5,4.0,4.0],"texture":"#1"},"east":{"uv":[2.5,2.5,4.0,4.0],"texture":"#1"},"south":{"uv":[2.5,2.5,4.0,4.0],"texture":"#1"},"west":{"uv":[2.5,2.5,4.0,4.0],"texture":"#1"},"up":{"uv":[2.5,4.0,4.0,5.5],"texture":"#1"},"down":{"uv":[4.0,2.5,5.5,4.0],"texture":"#1"}}}],"display":{"thirdperson_righthand":{"translation":[2.5,9.25,7.0],"rotation":[49.78,57.03,-19.73],"scale":[0.99063,0.99063,0.99063]},"thirdperson_lefthand":{"translation":[2.5,9.25,7.0],"rotation":[49.78,57.03,-19.73],"scale":[0.99063,0.99063,0.99063]},"firstperson_righthand":{"translation":[8.75,5.0,-5.75],"rotation":[3.0,112.0,-13.0],"scale":[0.66406,0.66406,0.66406]},"firstperson_lefthand":{"translation":[8.75,5.0,-5.75],"rotation":[3.0,112.0,-13.0],"scale":[0.66406,0.66406,0.66406]},"ground":{"translation":[0.0,4.25,0.0],"scale":[0.28906,0.28906,0.28906]},"gui":{"translation":[0.5,0.75,0.0],"rotation":[-134.02,-11.45,-142.15],"scale":[0.6793,0.6793,0.6793]},"head":{"translation":[0.0,5.25,-0.25],"scale":[1.64883,1.64883,1.64883]},"fixed":{"translation":[0.0,-3.25,-7.5]}},"credit":"Made with Blockbench","gui_light":"front"}