{"textures":{"1":"mcc:island_cosmetics/general/accessory/cupcake_staff/cupcake_staff"},"elements":[{"from":[7.0,-12.5,7.0],"to":[9.0,11.5,9.0],"rotation":{"angle":0.0,"axis":"y","origin":[8.0,11.0,8.0]},"faces":{"north":{"uv":[5.0,0.0,4.0,12.0],"texture":"#1"},"east":{"uv":[5.0,0.0,4.0,12.0],"texture":"#1"},"south":{"uv":[4.0,12.0,5.0,0.0],"texture":"#1","rotation":180},"west":{"uv":[5.0,12.0,4.0,0.0],"texture":"#1","rotation":180},"up":{"uv":[4.0,12.0,5.0,0.0],"texture":"#1","rotation":180},"down":{"uv":[4.0,12.0,5.0,0.0],"texture":"#1","rotation":180}}},{"from":[6.8,-12.7,6.8],"to":[9.2,11.7,9.2],"rotation":{"angle":0.0,"axis":"y","origin":[8.0,11.0,8.0]},"faces":{"north":{"uv":[0.0,16.0,12.0,15.0],"texture":"#1","rotation":90},"east":{"uv":[0.0,16.0,12.0,15.0],"texture":"#1","rotation":90},"south":{"uv":[0.0,16.0,12.0,15.0],"texture":"#1","rotation":90},"west":{"uv":[0.0,16.0,12.0,15.0],"texture":"#1","rotation":90}}},{"from":[6.0,6.5,6.0],"to":[10.0,10.5,10.0],"rotation":{"angle":0.0,"axis":"y","origin":[8.0,11.0,8.0]},"faces":{"north":{"uv":[2.0,6.0,0.0,8.0],"texture":"#1","rotation":90},"east":{"uv":[2.0,6.0,0.0,8.0],"texture":"#1","rotation":90},"south":{"uv":[2.0,6.0,0.0,8.0],"texture":"#1","rotation":90},"west":{"uv":[2.0,6.0,0.0,8.0],"texture":"#1","rotation":90},"up":{"uv":[2.0,8.0,0.0,10.0],"texture":"#1","rotation":90},"down":{"uv":[4.0,6.0,2.0,8.0],"texture":"#1","rotation":90}}},{"from":[6.2,-14.8,6.2],"to":[9.8,-11.2,9.8],"rotation":{"angle":0.0,"axis":"y","origin":[8.0,11.0,8.0]},"faces":{"north":{"uv":[2.0,6.0,0.0,8.0],"texture":"#1","rotation":90},"east":{"uv":[2.0,6.0,0.0,8.0],"texture":"#1","rotation":90},"south":{"uv":[2.0,6.0,0.0,8.0],"texture":"#1","rotation":90},"west":{"uv":[2.0,6.0,0.0,8.0],"texture":"#1","rotation":90},"up":{"uv":[2.0,8.0,0.0,10.0],"texture":"#1","rotation":90},"down":{"uv":[4.0,6.0,2.0,8.0],"texture":"#1","rotation":90}}},{"from":[2.0,2.5,8.0],"to":[14.0,10.5,8.0],"rotation":{"angle":0.0,"axis":"y","origin":[8.0,11.0,8.0]},"faces":{"north":{"uv":[0.0,0.0,4.0,6.0],"texture":"#1","tintindex":0,"rotation":270},"south":{"uv":[4.0,0.0,0.0,6.0],"texture":"#1","tintindex":0,"rotation":90}}},{"from":[4.0,11.5,4.0],"to":[12.0,15.5,12.0],"rotation":{"angle":0.0,"axis":"y","origin":[-1.0,0.0,16.0]},"faces":{"north":{"uv":[7.5,0.0,11.5,2.0],"texture":"#1","tintindex":0},"east":{"uv":[7.5,0.0,11.5,2.0],"texture":"#1","tintindex":0},"south":{"uv":[7.5,0.0,11.5,2.0],"texture":"#1","tintindex":0},"west":{"uv":[7.5,0.0,11.5,2.0],"texture":"#1","tintindex":0},"up":{"uv":[8.5,1.0,9.0,1.5],"texture":"#1","tintindex":0,"rotation":270},"down":{"uv":[11.5,1.0,15.5,5.0],"texture":"#1","tintindex":0,"rotation":90}}},{"from":[3.8,13.8,3.8],"to":[12.2,16.2,12.2],"rotation":{"angle":0.0,"axis":"y","origin":[-1.0,0.0,16.0]},"faces":{"north":{"uv":[11.5,0.0,15.5,1.0],"texture":"#1","tintindex":0},"east":{"uv":[11.5,0.0,15.5,1.0],"texture":"#1","tintindex":0},"south":{"uv":[11.5,0.0,15.5,1.0],"texture":"#1","tintindex":0},"west":{"uv":[11.5,0.0,15.5,1.0],"texture":"#1","tintindex":0}}},{"from":[5.0,15.5,5.0],"to":[11.0,18.5,11.0],"rotation":{"angle":0.0,"axis":"y","origin":[7.0,18.5,8.0]},"faces":{"north":{"uv":[7.5,2.0,10.5,3.5],"texture":"#1"},"east":{"uv":[7.5,2.0,10.5,3.5],"texture":"#1"},"south":{"uv":[7.5,2.0,10.5,3.5],"texture":"#1"},"west":{"uv":[7.5,2.0,10.5,3.5],"texture":"#1"}}},{"from":[4.7,16.7,4.7],"to":[11.3,18.8,11.3],"rotation":{"angle":0.0,"axis":"y","origin":[7.0,18.5,8.0]},"faces":{"north":{"uv":[7.5,3.5,10.5,4.5],"texture":"#1"},"east":{"uv":[10.5,3.5,7.5,4.5],"texture":"#1"},"south":{"uv":[7.5,3.5,10.5,4.5],"texture":"#1"},"west":{"uv":[7.5,3.5,10.5,4.5],"texture":"#1"},"up":{"uv":[7.5,4.5,10.5,7.5],"texture":"#1","rotation":270}}},{"from":[6.0,18.0,6.0],"to":[10.0,20.0,10.0],"rotation":{"angle":0.0,"axis":"y","origin":[7.0,18.5,8.0]},"faces":{"north":{"uv":[7.5,7.5,9.5,8.5],"texture":"#1"},"east":{"uv":[7.5,7.5,9.5,8.5],"texture":"#1"},"south":{"uv":[7.5,7.5,9.5,8.5],"texture":"#1"},"west":{"uv":[7.5,7.5,9.5,8.5],"texture":"#1"},"up":{"uv":[7.5,8.5,9.5,10.5],"texture":"#1","rotation":270}}},{"from":[6.8,19.55,6.8],"to":[9.2,21.95,9.2],"rotation":{"angle":0.0,"axis":"y","origin":[-1.0,0.0,16.0]},"faces":{"north":{"uv":[10.5,2.0,11.5,3.0],"texture":"#1"},"east":{"uv":[10.5,2.0,11.5,3.0],"texture":"#1"},"south":{"uv":[10.5,2.0,11.5,3.0],"texture":"#1"},"west":{"uv":[10.5,2.0,11.5,3.0],"texture":"#1"},"up":{"uv":[10.5,3.0,11.5,4.0],"texture":"#1","rotation":270},"down":{"uv":[10.5,2.5,11.0,3.0],"texture":"#1","rotation":90}}},{"from":[7.0,19.75,8.0],"to":[13.0,24.75,8.0],"rotation":{"angle":0.0,"axis":"y","origin":[-1.0,0.0,16.0]},"faces":{"north":{"uv":[13.5,5.0,10.5,7.5],"texture":"#1"},"south":{"uv":[10.5,5.0,13.5,7.5],"texture":"#1"}}},{"from":[12.2,16.2,12.2],"to":[3.8,13.8,3.8],"rotation":{"angle":0.0,"axis":"y","origin":[-1.0,0.0,16.0]},"faces":{"north":{"uv":[11.5,1.0,15.5,0.0],"texture":"#1","tintindex":0},"east":{"uv":[11.5,1.0,15.5,0.0],"texture":"#1","tintindex":0},"south":{"uv":[11.5,1.0,15.5,0.0],"texture":"#1","tintindex":0},"west":{"uv":[11.5,1.0,15.5,0.0],"texture":"#1","tintindex":0}}}],"display":{"thirdperson_righthand":{"translation":[3.5,6.25,7.5],"rotation":[69.88,58.49,-28.77],"scale":[0.91055,0.91055,0.91055]},"thirdperson_lefthand":{"translation":[3.5,6.25,7.5],"rotation":[69.88,58.49,-28.77],"scale":[0.91055,0.91055,0.91055]},"firstperson_righthand":{"translation":[10.5,4.25,-8.25],"rotation":[174.14,68.55,172.1],"scale":[0.5957,0.5957,0.5957]},"firstperson_lefthand":{"translation":[10.5,4.25,-8.25],"rotation":[174.14,68.55,172.1],"scale":[0.5957,0.5957,0.5957]},"ground":{"translation":[0.0,4.25,0.0],"scale":[0.43945,0.43945,0.43945]},"gui":{"translation":[1.5,1.5,0.0],"rotation":[-156.28,-7.27,-138.62],"scale":[0.49767,0.49767,0.49767]},"head":{"rotation":[0.0,90.0,0.0],"scale":[1.6,1.6,1.6]}},"credit":"Made with Blockbench","gui_light":"front"}