{"textures":{"1":"mcc:island_cosmetics/general/accessory/jellyfist/jellyfist","particle":"mcc:island_cosmetics/general/accessory/jellyfist/jellyfist"},"elements":[{"from":[5.5,7.0,5.5],"to":[10.5,12.0,10.5],"rotation":{"angle":0.0,"axis":"y","origin":[13.5,22.75,8.0]},"faces":{"north":{"uv":[0.0,0.0,5.0,5.0],"texture":"#1","tintindex":0},"east":{"uv":[0.0,0.0,5.0,5.0],"texture":"#1","tintindex":0},"south":{"uv":[0.0,0.0,5.0,5.0],"texture":"#1","tintindex":0},"west":{"uv":[0.0,0.0,5.0,5.0],"texture":"#1","tintindex":0},"down":{"uv":[5.0,0.0,10.0,5.0],"texture":"#1","tintindex":0}}},{"from":[4.5,12.0,4.5],"to":[11.5,12.0,11.5],"rotation":{"angle":0.0,"axis":"y","origin":[13.5,22.75,8.0]},"faces":{"north":{"uv":[0.0,0.0,5.0,11.0],"texture":"#1","tintindex":0},"east":{"uv":[0.0,0.0,5.0,11.0],"texture":"#1","tintindex":0},"south":{"uv":[0.0,0.0,5.0,11.0],"texture":"#1","tintindex":0},"west":{"uv":[0.0,0.0,5.0,11.0],"texture":"#1","tintindex":0},"up":{"uv":[0.0,6.0,7.0,13.0],"texture":"#1","tintindex":0},"down":{"uv":[0.0,6.0,7.0,13.0],"texture":"#1","tintindex":0}}},{"from":[5.5,12.0,5.5],"to":[10.5,20.0,10.5],"rotation":{"angle":0.0,"axis":"y","origin":[13.5,22.75,8.0]},"faces":{"north":{"uv":[11.0,0.0,16.0,8.0],"texture":"#1","tintindex":0},"east":{"uv":[11.0,0.0,16.0,8.0],"texture":"#1","tintindex":0},"south":{"uv":[11.0,0.0,16.0,8.0],"texture":"#1","tintindex":0},"west":{"uv":[11.0,0.0,16.0,8.0],"texture":"#1","tintindex":0}}},{"from":[10.5,20.0,10.5],"to":[5.5,12.0,5.5],"rotation":{"angle":0.0,"axis":"y","origin":[13.5,22.75,8.0]},"faces":{"north":{"uv":[11.0,8.0,16.0,0.0],"texture":"#1","tintindex":0},"east":{"uv":[11.0,8.0,16.0,0.0],"texture":"#1","tintindex":0},"south":{"uv":[11.0,8.0,16.0,0.0],"texture":"#1","tintindex":0},"west":{"uv":[11.0,8.0,16.0,0.0],"texture":"#1","tintindex":0}}},{"from":[10.5,12.0,10.5],"to":[5.5,7.0,5.5],"rotation":{"angle":0.0,"axis":"y","origin":[13.5,22.75,8.0]},"faces":{"north":{"uv":[0.0,5.0,5.0,0.0],"texture":"#1","tintindex":0},"east":{"uv":[0.0,5.0,5.0,0.0],"texture":"#1","tintindex":0},"south":{"uv":[0.0,5.0,5.0,0.0],"texture":"#1","tintindex":0},"west":{"uv":[0.0,5.0,5.0,0.0],"texture":"#1","tintindex":0},"up":{"uv":[10.0,0.0,5.0,5.0],"texture":"#1","tintindex":0}}}],"display":{"thirdperson_righthand":{"translation":[0.0,-2.0,-0.25],"rotation":[90.0,-90.0,0.0]},"thirdperson_lefthand":{"translation":[0.0,-2.0,-0.25],"rotation":[90.0,-90.0,0.0]},"firstperson_righthand":{"translation":[2.13,3.95,0.38],"rotation":[129.71,25.22,-2.98],"scale":[0.47492,0.47492,0.47492]},"firstperson_lefthand":{"translation":[2.13,3.95,0.38],"rotation":[129.71,25.22,-2.98],"scale":[0.47492,0.47492,0.47492]},"ground":{"translation":[3.75,10.75,0.25],"rotation":[0.0,0.0,45.0],"scale":[0.97266,0.97266,0.97266]},"gui":{"translation":[3.0,4.0,0.0],"rotation":[-57.31,-41.28,124.98],"scale":[1.16953,1.17148,1.16953]}},"credit":"Made with Blockbench","gui_light":"front"}