{"textures":{"2":"mcc:island_cosmetics/general/accessory/hugely_helpful_scepter/hugely_helpful_scepter","4":"mcc:island_cosmetics/general/hat/tester_cap/tester_anim","particle":"mcc:island_cosmetics/general/accessory/hugely_helpful_scepter/hugely_helpful_scepter"},"elements":[{"from":[6.9,-13.23654,6.94239],"to":[8.9,-2.23654,8.94239],"rotation":{"angle":0.0,"axis":"x","origin":[7.8519,-2.0,7.94239]},"faces":{"north":{"uv":[3.0,5.5,4.0,0.0],"texture":"#2","rotation":180},"east":{"uv":[3.0,0.0,4.0,5.5],"texture":"#2"},"south":{"uv":[4.0,0.0,3.0,5.5],"texture":"#2"},"west":{"uv":[4.0,5.5,3.0,0.0],"texture":"#2","rotation":180}}},{"from":[6.8,-3.02462,6.91777],"to":[9.0,-0.82462,9.11777],"rotation":{"angle":-45.0,"axis":"x","origin":[7.8519,-2.0,7.94239]},"faces":{"north":{"uv":[0.0,5.0,1.0,6.0],"texture":"#2","rotation":180},"east":{"uv":[0.0,6.0,1.0,7.0],"texture":"#2"},"south":{"uv":[0.0,6.0,0.5,6.5],"texture":"#2","rotation":90},"west":{"uv":[0.0,6.0,1.0,7.0],"texture":"#2","rotation":90},"up":{"uv":[0.0,6.0,0.5,6.5],"texture":"#2","rotation":270},"down":{"uv":[1.0,6.0,0.0,5.0],"texture":"#2"}}},{"from":[6.8,-0.07487,9.86751],"to":[9.0,4.12513,14.06751],"rotation":{"angle":-45.0,"axis":"x","origin":[7.8519,-2.0,7.94239]},"faces":{"north":{"uv":[0.0,7.0,0.5,9.0],"texture":"#2","rotation":180},"east":{"uv":[2.0,7.0,4.0,9.0],"texture":"#2"},"south":{"uv":[0.0,7.0,0.5,9.0],"texture":"#2"},"west":{"uv":[0.0,7.0,2.0,9.0],"texture":"#2","rotation":90},"up":{"uv":[0.0,7.0,0.5,9.0],"texture":"#2","rotation":180},"down":{"uv":[0.0,7.0,0.5,9.0],"texture":"#2"}}},{"from":[6.8,-13.07487,-3.13249],"to":[9.0,-8.87487,1.06751],"rotation":{"angle":-45.0,"axis":"x","origin":[7.8519,-2.0,7.94239]},"faces":{"north":{"uv":[0.0,7.0,0.5,9.0],"texture":"#2","rotation":180},"east":{"uv":[2.0,7.0,4.0,9.0],"texture":"#2"},"south":{"uv":[0.0,7.0,0.5,9.0],"texture":"#2"},"west":{"uv":[2.0,7.0,4.0,9.0],"texture":"#2","rotation":90},"up":{"uv":[0.0,7.0,0.5,9.0],"texture":"#2","rotation":180},"down":{"uv":[0.0,7.0,0.5,9.0],"texture":"#2"}}},{"from":[6.8,-13.07487,-3.13249],"to":[9.0,-8.87487,1.06751],"rotation":{"angle":-45.0,"axis":"x","origin":[7.8519,-2.0,7.94239]},"faces":{"east":{"uv":[4.0,5.0,6.0,7.0],"texture":"#2"},"west":{"uv":[4.0,7.0,6.0,9.0],"texture":"#2","rotation":90}}},{"from":[7.9,3.69239,0.94239],"to":[7.9,17.69239,14.94239],"rotation":{"angle":0.0,"axis":"y","origin":[7.8519,-2.0,7.94239]},"faces":{"east":{"uv":[0.0,9.0,7.0,16.0],"texture":"#2"},"west":{"uv":[0.0,16.0,7.0,9.0],"texture":"#2","rotation":180}}},{"from":[10.10384,4.24396,5.0],"to":[10.10384,16.24396,11.0],"rotation":{"angle":-22.5,"axis":"z","origin":[10.10384,9.74396,8.0]},"faces":{"north":{"uv":[0.0,0.0,0.0,14.0],"texture":"#4","rotation":180},"east":{"uv":[12.0,4.0,0.0,10.0],"texture":"#4","rotation":90},"south":{"uv":[0.0,0.0,0.0,14.0],"texture":"#4"},"west":{"uv":[0.0,4.0,12.0,10.0],"texture":"#4","rotation":270},"up":{"uv":[0.0,0.0,0.0,6.0],"texture":"#4"},"down":{"uv":[0.0,0.0,0.0,6.0],"texture":"#4","rotation":180}}},{"from":[7.9,-5.55761,9.44239],"to":[7.9,5.44239,11.44239],"rotation":{"angle":-22.5,"axis":"x","origin":[7.9,-0.05761,12.44239]},"faces":{"north":{"uv":[0.0,0.0,0.0,14.0],"texture":"#4","rotation":180},"east":{"uv":[11.0,1.0,0.0,3.0],"texture":"#4","rotation":90},"south":{"uv":[0.0,0.0,0.0,14.0],"texture":"#4"},"west":{"uv":[0.0,1.0,11.0,3.0],"texture":"#4","rotation":270},"up":{"uv":[0.0,0.0,0.0,6.0],"texture":"#4"},"down":{"uv":[0.0,0.0,0.0,6.0],"texture":"#4","rotation":180}}},{"from":[7.9,-5.55761,4.55761],"to":[7.9,5.44239,6.55761],"rotation":{"angle":22.5,"axis":"x","origin":[7.9,-0.05761,3.55761]},"faces":{"north":{"uv":[0.0,0.0,0.0,14.0],"texture":"#4"},"east":{"uv":[11.0,3.0,0.0,1.0],"texture":"#4","rotation":90},"south":{"uv":[0.0,0.0,0.0,14.0],"texture":"#4","rotation":180},"west":{"uv":[0.0,3.0,11.0,1.0],"texture":"#4","rotation":270},"up":{"uv":[0.0,6.0,0.0,0.0],"texture":"#4"},"down":{"uv":[0.0,6.0,0.0,0.0],"texture":"#4","rotation":180}}},{"from":[5.89616,4.24396,5.0],"to":[5.89616,16.24396,11.0],"rotation":{"angle":22.5,"axis":"z","origin":[5.89616,9.74396,8.0]},"faces":{"north":{"uv":[0.0,0.0,0.0,14.0],"texture":"#4"},"east":{"uv":[0.0,10.0,12.0,16.0],"texture":"#4","rotation":270},"south":{"uv":[0.0,0.0,0.0,14.0],"texture":"#4","rotation":180},"west":{"uv":[12.0,10.0,0.0,16.0],"texture":"#4","rotation":90},"up":{"uv":[0.0,6.0,0.0,0.0],"texture":"#4"},"down":{"uv":[0.0,6.0,0.0,0.0],"texture":"#4","rotation":180}}}],"display":{"thirdperson_righthand":{"translation":[4.0,12.25,7.75],"rotation":[-158.74,28.07,-163.76],"scale":[0.87539,0.87539,0.87539]},"thirdperson_lefthand":{"translation":[4.0,12.25,7.75],"rotation":[-158.74,28.07,-163.76],"scale":[0.87539,0.87539,0.87539]},"firstperson_righthand":{"translation":[9.25,7.75,-7.25],"rotation":[-20.89,16.83,6.24],"scale":[0.53515,0.53515,0.53515]},"firstperson_lefthand":{"translation":[9.25,7.75,-7.25],"rotation":[-20.89,16.83,6.24],"scale":[0.53515,0.53515,0.53515]},"ground":{"translation":[0.0,4.25,0.0],"scale":[0.43945,0.43945,0.43945]},"gui":{"translation":[2.0,2.5,0.0],"rotation":[72.98,41.4,-53.77],"scale":[0.54455,0.54455,0.54455]},"head":{"translation":[0.0,4.25,0.0],"rotation":[0.0,3.25,0.0],"scale":[1.6,1.6,1.6]}},"credit":"Made with Blockbench","gui_light":"front"}