{"textures":{"1":"mcc:island_cosmetics/general/accessory/forest_witch_staff/forest_witch_staff"},"elements":[{"from":[6.5,-12.0,6.5],"to":[9.5,-8.0,9.5],"rotation":{"angle":0.0,"axis":"y","origin":[8.0,-2.0,8.0]},"faces":{"north":{"uv":[5.625,3.125,6.0,3.625],"texture":"#1"},"east":{"uv":[4.75,5.625,5.125,6.125],"texture":"#1"},"south":{"uv":[5.375,5.625,5.75,6.125],"texture":"#1"},"west":{"uv":[6.0,0.0,6.375,0.5],"texture":"#1"},"up":{"uv":[6.375,1.125,6.0,0.75],"texture":"#1"},"down":{"uv":[6.375,1.375,6.0,1.75],"texture":"#1"}}},{"from":[7.0,-8.0,7.0],"to":[9.0,16.0,9.0],"rotation":{"angle":0.0,"axis":"y","origin":[8.0,-6.0,8.0]},"faces":{"north":{"uv":[5.625,0.0,5.875,3.0],"texture":"#1"},"east":{"uv":[1.875,5.625,2.125,8.625],"texture":"#1"},"south":{"uv":[2.25,5.625,2.5,8.625],"texture":"#1"},"west":{"uv":[2.625,5.625,2.875,8.625],"texture":"#1"},"up":{"uv":[6.875,2.875,6.625,2.625],"texture":"#1"},"down":{"uv":[4.75,6.625,4.5,6.875],"texture":"#1"}}},{"from":[6.0,11.55585,6.68508],"to":[8.0,12.55585,7.68508],"rotation":{"angle":-22.5,"axis":"x","origin":[11.0,18.55585,2.68508]},"faces":{"north":{"uv":[6.625,3.5,6.875,3.625],"texture":"#1"},"east":{"uv":[4.125,6.75,4.25,6.875],"texture":"#1"},"south":{"uv":[6.25,3.5,6.5,3.625],"texture":"#1"},"west":{"uv":[4.5,6.375,4.625,6.5],"texture":"#1"},"up":{"uv":[7.0,3.875,6.75,3.75],"texture":"#1"},"down":{"uv":[7.0,4.0,6.75,4.125],"texture":"#1"}}},{"from":[5.0,11.55585,6.68508],"to":[6.0,15.55585,7.68508],"rotation":{"angle":-22.5,"axis":"x","origin":[11.0,18.55585,2.68508]},"faces":{"north":{"uv":[3.25,6.75,3.375,7.25],"texture":"#1"},"east":{"uv":[3.5,6.75,3.625,7.25],"texture":"#1"},"south":{"uv":[5.25,6.625,5.375,7.125],"texture":"#1"},"west":{"uv":[3.0,6.75,3.125,7.25],"texture":"#1"},"up":{"uv":[6.875,4.875,6.75,4.75],"texture":"#1"},"down":{"uv":[6.875,5.0,6.75,5.125],"texture":"#1"}}},{"from":[5.0,17.23882,6.14597],"to":[10.0,19.23882,8.14597],"rotation":{"angle":-22.5,"axis":"x","origin":[7.5,18.23882,7.14597]},"faces":{"north":{"uv":[3.0,6.375,3.625,6.625],"texture":"#1"},"east":{"uv":[6.625,6.625,6.875,6.875],"texture":"#1"},"south":{"uv":[6.25,6.25,6.875,6.5],"texture":"#1"},"west":{"uv":[6.25,6.625,6.5,6.875],"texture":"#1"},"up":{"uv":[7.25,0.625,6.625,0.375],"texture":"#1"},"down":{"uv":[7.25,0.75,6.625,1.0],"texture":"#1"}}},{"from":[10.0,15.55585,2.68508],"to":[12.0,17.55585,7.68508],"rotation":{"angle":-22.5,"axis":"x","origin":[11.0,18.55585,2.68508]},"faces":{"north":{"uv":[6.625,5.625,6.875,5.875],"texture":"#1"},"east":{"uv":[4.75,6.25,5.375,6.5],"texture":"#1"},"south":{"uv":[4.875,6.625,5.125,6.875],"texture":"#1"},"west":{"uv":[6.25,3.125,6.875,3.375],"texture":"#1"},"up":{"uv":[6.875,1.75,6.625,1.125],"texture":"#1"},"down":{"uv":[6.875,1.875,6.625,2.5],"texture":"#1"}}},{"from":[11.0,17.55585,1.68508],"to":[11.0,22.55585,7.68508],"rotation":{"angle":-22.5,"axis":"x","origin":[11.0,18.55585,2.68508]},"faces":{"north":{"uv":[7.0,1.125,7.0,1.75],"texture":"#1"},"east":{"uv":[3.875,5.625,4.625,6.25],"texture":"#1"},"south":{"uv":[4.375,6.75,4.375,7.375],"texture":"#1"},"west":{"uv":[3.0,5.625,3.75,6.25],"texture":"#1"},"up":{"uv":[4.25,7.75,4.25,7.0],"texture":"#1"},"down":{"uv":[7.0,4.25,7.0,5.0],"texture":"#1"}}},{"from":[8.0,11.55585,8.31492],"to":[10.0,12.55585,9.31492],"rotation":{"angle":22.5,"axis":"x","origin":[5.0,18.55585,13.31492]},"faces":{"north":{"uv":[6.25,3.5,6.5,3.625],"texture":"#1"},"east":{"uv":[4.5,6.375,4.625,6.5],"texture":"#1"},"south":{"uv":[6.625,3.5,6.875,3.625],"texture":"#1"},"west":{"uv":[4.125,6.75,4.25,6.875],"texture":"#1"},"up":{"uv":[6.75,3.75,7.0,3.875],"texture":"#1"},"down":{"uv":[6.75,4.125,7.0,4.0],"texture":"#1"}}},{"from":[10.0,11.55585,8.31492],"to":[11.0,15.55585,9.31492],"rotation":{"angle":22.5,"axis":"x","origin":[5.0,18.55585,13.31492]},"faces":{"north":{"uv":[5.25,6.625,5.375,7.125],"texture":"#1"},"east":{"uv":[3.0,6.75,3.125,7.25],"texture":"#1"},"south":{"uv":[3.25,6.75,3.375,7.25],"texture":"#1"},"west":{"uv":[3.5,6.75,3.625,7.25],"texture":"#1"},"up":{"uv":[6.75,4.75,6.875,4.875],"texture":"#1"},"down":{"uv":[6.75,5.125,6.875,5.0],"texture":"#1"}}},{"from":[6.0,17.23882,7.85403],"to":[11.0,19.23882,9.85403],"rotation":{"angle":22.5,"axis":"x","origin":[8.5,18.23882,8.85403]},"faces":{"north":{"uv":[6.25,6.25,6.875,6.5],"texture":"#1"},"east":{"uv":[6.25,6.625,6.5,6.875],"texture":"#1"},"south":{"uv":[3.0,6.375,3.625,6.625],"texture":"#1"},"west":{"uv":[6.625,6.625,6.875,6.875],"texture":"#1"},"up":{"uv":[6.625,0.375,7.25,0.625],"texture":"#1"},"down":{"uv":[6.625,1.0,7.25,0.75],"texture":"#1"}}},{"from":[4.0,15.55585,8.31492],"to":[6.0,17.55585,13.31492],"rotation":{"angle":22.5,"axis":"x","origin":[5.0,18.55585,13.31492]},"faces":{"north":{"uv":[4.875,6.625,5.125,6.875],"texture":"#1"},"east":{"uv":[6.25,3.125,6.875,3.375],"texture":"#1"},"south":{"uv":[6.625,5.625,6.875,5.875],"texture":"#1"},"west":{"uv":[4.75,6.25,5.375,6.5],"texture":"#1"},"up":{"uv":[6.625,1.125,6.875,1.75],"texture":"#1"},"down":{"uv":[6.625,2.5,6.875,1.875],"texture":"#1"}}},{"from":[5.0,17.55585,8.31492],"to":[5.0,22.55585,14.31492],"rotation":{"angle":22.5,"axis":"x","origin":[5.0,18.55585,13.31492]},"faces":{"north":{"uv":[4.375,6.75,4.375,7.375],"texture":"#1"},"east":{"uv":[3.0,5.625,3.75,6.25],"texture":"#1"},"south":{"uv":[7.0,1.125,7.0,1.75],"texture":"#1"},"west":{"uv":[3.875,5.625,4.625,6.25],"texture":"#1"},"up":{"uv":[4.25,7.0,4.25,7.75],"texture":"#1"},"down":{"uv":[7.0,5.0,7.0,4.25],"texture":"#1"}}},{"from":[6.0,21.0,6.0],"to":[10.0,25.0,10.0],"rotation":{"angle":0.0,"axis":"y","origin":[8.0,-6.0,8.0]},"faces":{"north":{"uv":[6.0,1.875,6.5,2.375],"texture":"#1"},"east":{"uv":[6.0,2.5,6.5,3.0],"texture":"#1"},"south":{"uv":[6.0,5.625,6.5,6.125],"texture":"#1"},"west":{"uv":[6.125,3.75,6.625,4.25],"texture":"#1"},"up":{"uv":[6.625,4.875,6.125,4.375],"texture":"#1"},"down":{"uv":[6.625,5.0,6.125,5.5],"texture":"#1"}}},{"from":[8.0,18.0,0.0],"to":[8.0,32.0,16.0],"rotation":{"angle":0.0,"axis":"y","origin":[8.0,-6.0,8.0]},"faces":{"north":{"uv":[3.75,7.0,3.75,8.75],"texture":"#1"},"east":{"uv":[1.875,3.75,3.875,5.5],"texture":"#1"},"south":{"uv":[3.875,7.0,3.875,8.75],"texture":"#1"},"west":{"uv":[4.0,3.75,6.0,5.5],"texture":"#1"},"up":{"uv":[4.0,9.0,4.0,7.0],"texture":"#1"},"down":{"uv":[4.125,7.0,4.125,9.0],"texture":"#1"}}},{"from":[0.0,16.0,8.0],"to":[16.0,30.0,8.0],"rotation":{"angle":0.0,"axis":"y","origin":[8.0,25.0,8.0]},"faces":{"north":{"uv":[9.5,4.375,11.5,6.125],"texture":"#1"},"east":{"uv":[3.75,7.0,3.75,8.75],"texture":"#1"},"south":{"uv":[9.5,4.375,11.5,6.125],"texture":"#1"},"west":{"uv":[3.875,7.0,3.875,8.75],"texture":"#1"},"up":{"uv":[4.0,9.0,4.0,7.0],"texture":"#1"},"down":{"uv":[4.125,7.0,4.125,9.0],"texture":"#1"}}},{"from":[1.0,-16.0,8.0],"to":[15.0,13.0,8.0],"rotation":{"angle":0.0,"axis":"y","origin":[8.0,-1.5,8.0]},"faces":{"north":{"uv":[0.0,3.75,1.75,7.375],"texture":"#1"},"east":{"uv":[5.0,7.0,5.0,10.625],"texture":"#1"},"south":{"uv":[3.75,0.0,5.5,3.625],"texture":"#1"},"west":{"uv":[5.125,7.0,5.125,10.625],"texture":"#1"},"up":{"uv":[8.5,5.25,6.75,5.25],"texture":"#1"},"down":{"uv":[8.5,5.375,6.75,5.375],"texture":"#1"}}},{"from":[8.0,-16.0,1.0],"to":[8.0,13.0,15.0],"rotation":{"angle":0.0,"axis":"y","origin":[7.0,0.0,7.0]},"faces":{"north":{"uv":[4.5,7.0,4.5,10.625],"texture":"#1"},"east":{"uv":[0.0,0.0,1.75,3.625],"texture":"#1"},"south":{"uv":[4.625,7.0,4.625,10.625],"texture":"#1"},"west":{"uv":[1.875,0.0,3.625,3.625],"texture":"#1"},"up":{"uv":[4.75,8.75,4.75,7.0],"texture":"#1"},"down":{"uv":[4.875,7.0,4.875,8.75],"texture":"#1"}}}],"display":{"thirdperson_righthand":{"translation":[0.0,7.25,1.75],"rotation":[0.0,-180.0,0.0],"scale":[0.85,0.85,0.85]},"thirdperson_lefthand":{"translation":[0.0,7.25,1.75],"rotation":[0.0,-180.0,0.0],"scale":[0.85,0.85,0.85]},"firstperson_righthand":{"translation":[0.0,3.75,0.0],"rotation":[78.64,87.58,-75.95],"scale":[0.5,0.5,0.5]},"firstperson_lefthand":{"translation":[0.0,3.75,0.0],"rotation":[78.64,87.58,-75.95],"scale":[0.5,0.5,0.5]},"ground":{"translation":[0.0,1.75,0.0],"rotation":[45.0,0.0,0.0],"scale":[0.3,0.3,0.3]},"gui":{"translation":[0.0,0.5,0.0],"rotation":[136.98,42.58,-122.22],"scale":[0.4,0.4,0.4]},"head":{"translation":[0.0,1.25,0.0]},"fixed":{"translation":[0.0,0.5,0.0],"rotation":[0.0,-90.0,0.0],"scale":[0.4,0.4,0.4]}},"credit":"Made with Blockbench","gui_light":"front"}