{"textures":{"1":"mcc:island_cosmetics/general/accessory/baseball_bat/baseball_bat","2":"mcc:island_cosmetics/general/accessory/oar/shipwrecked","particle":"mcc:island_cosmetics/general/accessory/oar/shipwrecked"},"elements":[{"from":[6.8,-7.2,6.8],"to":[9.2,2.2,9.2],"rotation":{"angle":0.0,"axis":"y","origin":[7.0,-0.5,7.0]},"faces":{"north":{"uv":[2.5,0.5,3.5,5.0],"texture":"#1","tintindex":0},"east":{"uv":[2.5,0.5,3.5,5.0],"texture":"#1","tintindex":0},"south":{"uv":[2.5,0.5,3.5,5.0],"texture":"#1","tintindex":0},"west":{"uv":[2.5,0.5,3.5,5.0],"texture":"#1","tintindex":0}}},{"from":[4.0,17.0,7.5],"to":[12.0,29.0,8.5],"rotation":{"angle":0.0,"axis":"y","origin":[16.0,0.0,16.0]},"faces":{"north":{"uv":[0.0,0.0,4.0,6.0],"texture":"#2"},"east":{"uv":[3.5,0.0,4.0,6.0],"texture":"#2"},"south":{"uv":[0.0,0.0,4.0,6.0],"texture":"#2"},"west":{"uv":[0.0,0.0,0.5,6.0],"texture":"#2"},"up":{"uv":[4.0,0.5,0.0,0.0],"texture":"#2"},"down":{"uv":[4.0,6.0,0.0,5.5],"texture":"#2"}}},{"from":[-1.1,16.9,7.4],"to":[12.1,29.1,8.6],"rotation":{"angle":0.0,"axis":"y","origin":[0.0,0.0,16.0]},"faces":{"north":{"uv":[5.0,6.0,11.5,0.0],"texture":"#2"},"east":{"uv":[5.5,6.0,5.0,0.0],"texture":"#2"},"south":{"uv":[11.5,0.0,5.0,6.0],"texture":"#2"},"up":{"uv":[11.5,6.0,5.0,5.5],"texture":"#2"},"down":{"uv":[12.0,0.5,5.5,0.0],"texture":"#2"}}},{"from":[7.0,2.0,7.0],"to":[9.0,23.0,9.0],"rotation":{"angle":0.0,"axis":"y","origin":[16.0,0.0,16.0]},"faces":{"north":{"uv":[4.0,0.0,5.0,10.5],"texture":"#2"},"east":{"uv":[5.0,0.0,4.0,10.5],"texture":"#2"},"south":{"uv":[4.0,0.0,5.0,10.5],"texture":"#2"},"west":{"uv":[5.0,0.0,4.0,10.5],"texture":"#2"},"up":{"uv":[4.5,10.5,4.0,10.0],"texture":"#2"},"down":{"uv":[4.5,10.5,4.0,10.0],"texture":"#2"}}},{"from":[6.9,1.9,6.9],"to":[9.1,23.1,9.1],"rotation":{"angle":0.0,"axis":"y","origin":[16.0,0.0,16.0]},"faces":{"north":{"uv":[13.0,0.0,14.0,10.5],"texture":"#2"},"east":{"uv":[14.0,0.0,13.0,10.5],"texture":"#2"},"south":{"uv":[12.0,0.0,13.0,10.5],"texture":"#2"}}},{"from":[6.0,-11.0,7.0],"to":[10.0,-7.0,9.0],"rotation":{"angle":0.0,"axis":"y","origin":[16.0,0.0,16.0]},"faces":{"north":{"uv":[0.0,6.0,2.0,8.0],"texture":"#2"},"east":{"uv":[0.0,6.0,0.5,8.0],"texture":"#2"},"south":{"uv":[0.0,6.0,2.0,8.0],"texture":"#2"},"west":{"uv":[0.0,6.0,0.5,8.0],"texture":"#2"},"up":{"uv":[2.0,6.5,0.0,6.0],"texture":"#2"},"down":{"uv":[2.0,6.5,0.0,6.0],"texture":"#2"}}},{"from":[12.1,29.1,8.6],"to":[-1.1,16.9,7.4],"rotation":{"angle":0.0,"axis":"y","origin":[0.0,0.0,16.0]},"faces":{"north":{"uv":[11.5,6.0,5.0,0.0],"texture":"#2"},"south":{"uv":[5.0,0.0,11.5,6.0],"texture":"#2"},"west":{"uv":[5.5,0.0,5.0,6.0],"texture":"#2"},"up":{"uv":[5.5,0.5,12.0,0.0],"texture":"#2"},"down":{"uv":[5.0,6.0,11.5,5.5],"texture":"#2"}}}],"display":{"thirdperson_righthand":{"translation":[1.0,5.5,2.25],"rotation":[-132.47,-72.21,-146.63],"scale":[0.85,0.85,0.85]},"thirdperson_lefthand":{"translation":[1.0,5.5,2.25],"rotation":[28.41,80.18,-15.65],"scale":[0.85,0.85,0.85]},"firstperson_righthand":{"translation":[10.5,5.5,-7.25],"rotation":[14.58,-81.77,32.31],"scale":[0.61719,0.61719,0.61719]},"firstperson_lefthand":{"translation":[10.5,5.5,-7.25],"rotation":[174.64,68.55,172.1],"scale":[0.61719,0.61719,0.61719]},"ground":{"translation":[0.0,4.25,0.0],"scale":[0.43945,0.43945,0.43945]},"gui":{"translation":[-1.25,-0.5,0.0],"rotation":[147.74,11.01,-141.2],"scale":[0.47033,0.47033,0.47033]},"head":{"translation":[0.0,4.25,0.0],"rotation":[0.0,3.25,0.0],"scale":[1.6,1.6,1.6]}},"credit":"Made with Blockbench","gui_light":"front"}