{"textures":{"1":"mcc:island_cosmetics/general/accessory/baseball_bat/baseball_bat"},"elements":[{"from":[6.8,-7.2,6.8],"to":[9.2,2.2,9.2],"rotation":{"angle":0.0,"axis":"y","origin":[9.0,-0.5,9.0]},"faces":{"north":{"uv":[2.5,0.5,3.5,5.0],"texture":"#1","tintindex":0},"east":{"uv":[2.5,0.5,3.5,5.0],"texture":"#1","tintindex":0},"south":{"uv":[2.5,0.5,3.5,5.0],"texture":"#1","tintindex":0},"west":{"uv":[2.5,0.5,3.5,5.0],"texture":"#1","tintindex":0}}},{"from":[6.0,2.0,6.0],"to":[10.0,21.0,10.0],"rotation":{"angle":0.0,"axis":"y","origin":[8.0,-0.5,8.5]},"faces":{"north":{"uv":[0.5,0.5,2.5,10.0],"texture":"#1"},"east":{"uv":[0.5,0.5,2.5,10.0],"texture":"#1"},"south":{"uv":[0.5,0.5,2.5,10.0],"texture":"#1"},"west":{"uv":[0.5,0.5,2.5,10.0],"texture":"#1"},"up":{"uv":[2.5,7.0,4.5,9.0],"texture":"#1"},"down":{"uv":[2.5,5.0,4.5,7.0],"texture":"#1"}}},{"from":[6.0,-9.0,6.0],"to":[10.0,-7.0,10.0],"rotation":{"angle":0.0,"axis":"y","origin":[8.0,-0.5,8.5]},"faces":{"north":{"uv":[0.5,10.0,2.5,11.0],"texture":"#1"},"east":{"uv":[0.5,10.0,2.5,11.0],"texture":"#1"},"south":{"uv":[0.5,10.0,2.5,11.0],"texture":"#1"},"west":{"uv":[0.5,10.0,2.5,11.0],"texture":"#1"},"up":{"uv":[2.5,7.0,4.5,9.0],"texture":"#1"},"down":{"uv":[2.5,5.0,4.5,7.0],"texture":"#1"}}}],"display":{"thirdperson_righthand":{"translation":[1.0,8.0,6.75],"rotation":[29.32,10.75,-7.16],"scale":[0.85,0.85,0.85]},"thirdperson_lefthand":{"translation":[1.0,8.0,6.75],"rotation":[29.32,10.75,-7.16],"scale":[0.85,0.85,0.85]},"firstperson_righthand":{"translation":[10.5,5.5,-7.25],"rotation":[174.14,68.55,172.1],"scale":[0.61719,0.61719,0.61719]},"firstperson_lefthand":{"translation":[10.5,5.5,-7.25],"rotation":[174.14,68.55,172.1],"scale":[0.61719,0.61719,0.61719]},"ground":{"translation":[0.0,4.25,0.0],"scale":[0.43945,0.43945,0.43945]},"gui":{"translation":[1.0,1.0,0.0],"rotation":[-156.08,-6.57,-137.01],"scale":[0.61485,0.61095,0.61485]},"head":{"translation":[0.0,4.25,0.0],"rotation":[0.0,3.25,0.0],"scale":[1.6,1.6,1.6]}},"credit":"Made with Blockbench","gui_light":"front"}