{"textures":{"1":"mcc:island_cosmetics/general/accessory/baseball_bat/baseball_bat","2":"mcc:island_cosmetics/general/accessory/baseball_bat/spiked","particle":"mcc:island_cosmetics/general/accessory/baseball_bat/spiked"},"elements":[{"from":[6.8,-7.2,6.8],"to":[9.2,2.2,9.2],"rotation":{"angle":0.0,"axis":"y","origin":[9.0,-0.5,9.0]},"faces":{"north":{"uv":[2.5,0.5,3.5,5.0],"texture":"#1","tintindex":0},"east":{"uv":[2.5,0.5,3.5,5.0],"texture":"#1","tintindex":0},"south":{"uv":[2.5,0.5,3.5,5.0],"texture":"#1","tintindex":0},"west":{"uv":[2.5,0.5,3.5,5.0],"texture":"#1","tintindex":0}}},{"from":[6.0,2.0,6.0],"to":[10.0,21.0,10.0],"rotation":{"angle":0.0,"axis":"y","origin":[8.0,-0.5,8.5]},"faces":{"north":{"uv":[0.5,0.5,2.5,10.0],"texture":"#1"},"east":{"uv":[0.5,0.5,2.5,10.0],"texture":"#1"},"south":{"uv":[0.5,0.5,2.5,10.0],"texture":"#1"},"west":{"uv":[0.5,0.5,2.5,10.0],"texture":"#1"},"up":{"uv":[2.5,7.0,4.5,9.0],"texture":"#1"},"down":{"uv":[2.5,5.0,4.5,7.0],"texture":"#1"}}},{"from":[6.0,-9.0,6.0],"to":[10.0,-7.0,10.0],"rotation":{"angle":0.0,"axis":"y","origin":[8.0,-0.5,8.5]},"faces":{"north":{"uv":[0.5,10.0,2.5,11.0],"texture":"#1"},"east":{"uv":[0.5,10.0,2.5,11.0],"texture":"#1"},"south":{"uv":[0.5,10.0,2.5,11.0],"texture":"#1"},"west":{"uv":[0.5,10.0,2.5,11.0],"texture":"#1"},"up":{"uv":[2.5,7.0,4.5,9.0],"texture":"#1"},"down":{"uv":[2.5,5.0,4.5,7.0],"texture":"#1"}}},{"from":[5.9,9.9,5.9],"to":[10.1,20.1,10.1],"rotation":{"angle":0.0,"axis":"y","origin":[8.0,-0.5,8.5]},"faces":{"north":{"uv":[0.0,4.0,4.0,14.0],"texture":"#2"},"east":{"uv":[0.0,4.0,4.0,14.0],"texture":"#2"},"south":{"uv":[0.0,4.0,4.0,14.0],"texture":"#2"},"west":{"uv":[0.0,4.0,4.0,14.0],"texture":"#2"},"up":{"uv":[74.0,56.0,78.0,60.0],"texture":"#2"},"down":{"uv":[74.0,52.0,78.0,56.0],"texture":"#2"}}},{"from":[8.0,11.0,1.0],"to":[8.0,14.0,6.0],"rotation":{"angle":0.0,"axis":"y","origin":[8.0,17.5,8.0]},"faces":{"north":{"uv":[70.0,10.0,74.0,29.0],"texture":"#2"},"east":{"uv":[0.0,0.0,5.0,3.0],"texture":"#2"},"south":{"uv":[70.0,10.0,74.0,29.0],"texture":"#2"},"west":{"uv":[5.0,0.0,0.0,3.0],"texture":"#2"},"up":{"uv":[78.0,60.0,74.0,56.0],"texture":"#2"},"down":{"uv":[78.0,56.0,74.0,52.0],"texture":"#2"}}},{"from":[1.0,16.0,8.0],"to":[6.0,19.0,8.0],"rotation":{"angle":0.0,"axis":"y","origin":[8.0,17.5,8.0]},"faces":{"north":{"uv":[0.0,0.0,5.0,3.0],"texture":"#2"},"east":{"uv":[70.0,43.0,74.0,62.0],"texture":"#2"},"south":{"uv":[5.0,0.0,0.0,3.0],"texture":"#2"},"west":{"uv":[70.0,43.0,74.0,62.0],"texture":"#2"},"up":{"uv":[78.0,60.0,74.0,56.0],"texture":"#2","rotation":270},"down":{"uv":[78.0,56.0,74.0,52.0],"texture":"#2","rotation":90}}},{"from":[1.0,11.0,8.0],"to":[6.0,14.0,8.0],"rotation":{"angle":0.0,"axis":"y","origin":[8.0,17.5,8.0]},"faces":{"north":{"uv":[0.0,0.0,5.0,3.0],"texture":"#2"},"east":{"uv":[70.0,43.0,74.0,62.0],"texture":"#2"},"south":{"uv":[5.0,0.0,0.0,3.0],"texture":"#2"},"west":{"uv":[70.0,43.0,74.0,62.0],"texture":"#2"},"up":{"uv":[78.0,60.0,74.0,56.0],"texture":"#2","rotation":270},"down":{"uv":[78.0,56.0,74.0,52.0],"texture":"#2","rotation":90}}},{"from":[8.0,16.0,1.0],"to":[8.0,19.0,6.0],"rotation":{"angle":0.0,"axis":"y","origin":[8.0,17.5,8.0]},"faces":{"north":{"uv":[70.0,10.0,74.0,29.0],"texture":"#2"},"east":{"uv":[0.0,0.0,5.0,3.0],"texture":"#2"},"south":{"uv":[70.0,10.0,74.0,29.0],"texture":"#2"},"west":{"uv":[5.0,0.0,0.0,3.0],"texture":"#2"},"up":{"uv":[78.0,60.0,74.0,56.0],"texture":"#2"},"down":{"uv":[78.0,56.0,74.0,52.0],"texture":"#2"}}},{"from":[10.0,16.0,8.0],"to":[15.0,19.0,8.0],"rotation":{"angle":0.0,"axis":"y","origin":[8.0,17.5,8.0]},"faces":{"north":{"uv":[5.0,0.0,0.0,3.0],"texture":"#2"},"east":{"uv":[70.0,43.0,74.0,62.0],"texture":"#2"},"south":{"uv":[0.0,0.0,5.0,3.0],"texture":"#2"},"west":{"uv":[70.0,43.0,74.0,62.0],"texture":"#2"},"up":{"uv":[74.0,56.0,78.0,60.0],"texture":"#2","rotation":270},"down":{"uv":[74.0,52.0,78.0,56.0],"texture":"#2","rotation":90}}},{"from":[10.0,11.0,8.0],"to":[15.0,14.0,8.0],"rotation":{"angle":0.0,"axis":"y","origin":[8.0,17.5,8.0]},"faces":{"north":{"uv":[5.0,0.0,0.0,3.0],"texture":"#2"},"east":{"uv":[70.0,43.0,74.0,62.0],"texture":"#2"},"south":{"uv":[0.0,0.0,5.0,3.0],"texture":"#2"},"west":{"uv":[70.0,43.0,74.0,62.0],"texture":"#2"},"up":{"uv":[74.0,56.0,78.0,60.0],"texture":"#2","rotation":270},"down":{"uv":[74.0,52.0,78.0,56.0],"texture":"#2","rotation":90}}},{"from":[8.0,16.0,10.0],"to":[8.0,19.0,15.0],"rotation":{"angle":0.0,"axis":"y","origin":[8.0,17.5,8.0]},"faces":{"north":{"uv":[70.0,10.0,74.0,29.0],"texture":"#2"},"east":{"uv":[5.0,0.0,0.0,3.0],"texture":"#2"},"south":{"uv":[70.0,10.0,74.0,29.0],"texture":"#2"},"west":{"uv":[0.0,0.0,5.0,3.0],"texture":"#2"},"up":{"uv":[74.0,56.0,78.0,60.0],"texture":"#2"},"down":{"uv":[74.0,52.0,78.0,56.0],"texture":"#2"}}},{"from":[8.0,11.0,10.0],"to":[8.0,14.0,15.0],"rotation":{"angle":0.0,"axis":"y","origin":[8.0,17.5,8.0]},"faces":{"north":{"uv":[70.0,10.0,74.0,29.0],"texture":"#2"},"east":{"uv":[5.0,0.0,0.0,3.0],"texture":"#2"},"south":{"uv":[70.0,10.0,74.0,29.0],"texture":"#2"},"west":{"uv":[0.0,0.0,5.0,3.0],"texture":"#2"},"up":{"uv":[74.0,56.0,78.0,60.0],"texture":"#2"},"down":{"uv":[74.0,52.0,78.0,56.0],"texture":"#2"}}}],"display":{"thirdperson_righthand":{"translation":[1.0,8.0,6.75],"rotation":[29.32,10.75,-7.16],"scale":[0.85,0.85,0.85]},"thirdperson_lefthand":{"translation":[1.0,8.0,6.75],"rotation":[29.32,10.75,-7.16],"scale":[0.85,0.85,0.85]},"firstperson_righthand":{"translation":[10.5,5.5,-7.25],"rotation":[174.14,68.55,172.1],"scale":[0.61719,0.61719,0.61719]},"firstperson_lefthand":{"translation":[10.5,5.5,-7.25],"rotation":[174.14,68.55,172.1],"scale":[0.61719,0.61719,0.61719]},"ground":{"translation":[0.0,4.25,0.0],"scale":[0.43945,0.43945,0.43945]},"gui":{"translation":[1.0,1.0,0.0],"rotation":[-156.08,-6.57,-137.01],"scale":[0.61485,0.61095,0.61485]},"head":{"translation":[0.0,4.25,0.0],"rotation":[0.0,3.25,0.0],"scale":[1.6,1.6,1.6]}},"credit":"Made with Blockbench","gui_light":"front"}