{"textures":{"0":"mcc:island_cosmetics/general/accessory/dart_bracer/dart_bracer","particle":"mcc:island_cosmetics/general/accessory/dart_bracer/dart_bracer"},"elements":[{"from":[6.8,3.3,5.8],"to":[11.2,8.7,10.2],"rotation":{"angle":0.0,"axis":"y","origin":[2.0,16.0,8.0]},"faces":{"north":{"uv":[0.0,0.0,4.0,5.0],"texture":"#0"},"east":{"uv":[0.0,0.0,4.0,5.0],"texture":"#0"},"south":{"uv":[0.0,0.0,4.0,5.0],"texture":"#0"},"west":{"uv":[0.0,0.0,4.0,5.0],"texture":"#0"}}},{"from":[11.2,8.7,10.2],"to":[6.8,3.3,5.8],"rotation":{"angle":0.0,"axis":"y","origin":[2.0,16.0,8.0]},"faces":{"north":{"uv":[0.0,5.0,4.0,0.0],"texture":"#0"},"east":{"uv":[0.0,5.0,4.0,0.0],"texture":"#0"},"south":{"uv":[0.0,5.0,4.0,0.0],"texture":"#0"},"west":{"uv":[0.0,5.0,4.0,0.0],"texture":"#0"}}},{"from":[5.3,3.8,7.3],"to":[6.7,8.2,8.7],"rotation":{"angle":0.0,"axis":"y","origin":[-1.0,15.5,8.0]},"faces":{"north":{"uv":[4.0,0.0,6.0,5.0],"texture":"#0","tintindex":0},"east":{"uv":[4.0,0.0,6.0,5.0],"texture":"#0","tintindex":0},"south":{"uv":[4.0,0.0,6.0,5.0],"texture":"#0","tintindex":0},"west":{"uv":[4.0,0.0,6.0,5.0],"texture":"#0","tintindex":0},"up":{"uv":[4.0,0.0,5.0,1.0],"texture":"#0","tintindex":0},"down":{"uv":[4.0,4.0,5.0,5.0],"texture":"#0","tintindex":0}}},{"from":[4.0,6.5,8.0],"to":[8.0,10.5,8.0],"rotation":{"angle":0.0,"axis":"y","origin":[-1.0,15.5,8.0]},"faces":{"north":{"uv":[0.0,5.0,4.0,9.0],"texture":"#0"},"south":{"uv":[0.0,5.0,4.0,9.0],"texture":"#0"}}},{"from":[6.0,6.5,6.0],"to":[6.0,10.5,10.0],"rotation":{"angle":0.0,"axis":"y","origin":[-1.0,15.5,8.0]},"faces":{"east":{"uv":[0.0,5.0,4.0,9.0],"texture":"#0"},"west":{"uv":[0.0,5.0,4.0,9.0],"texture":"#0"}}},{"from":[6.0,0.5,7.5],"to":[6.0,4.5,8.5],"rotation":{"angle":0.0,"axis":"y","origin":[-1.0,15.5,8.0]},"faces":{"east":{"uv":[8.0,0.0,9.0,4.0],"texture":"#0"},"west":{"uv":[8.0,0.0,9.0,4.0],"texture":"#0"}}},{"from":[7.0,8.5,9.0],"to":[5.0,3.5,7.0],"rotation":{"angle":0.0,"axis":"y","origin":[-1.0,15.5,8.0]},"faces":{"north":{"uv":[6.0,0.0,8.0,5.0],"texture":"#0"},"east":{"uv":[6.0,0.0,8.0,5.0],"texture":"#0"},"south":{"uv":[6.0,0.0,8.0,5.0],"texture":"#0"},"west":{"uv":[6.0,0.0,8.0,5.0],"texture":"#0"},"up":{"uv":[6.0,0.0,8.0,2.0],"texture":"#0"},"down":{"uv":[6.0,0.0,8.0,2.0],"texture":"#0"}}},{"from":[8.3,3.8,4.3],"to":[9.7,8.2,5.7],"rotation":{"angle":0.0,"axis":"y","origin":[-1.0,15.5,8.0]},"faces":{"north":{"uv":[4.0,0.0,6.0,5.0],"texture":"#0","tintindex":0},"east":{"uv":[4.0,0.0,6.0,5.0],"texture":"#0","tintindex":0},"south":{"uv":[4.0,0.0,6.0,5.0],"texture":"#0","tintindex":0},"west":{"uv":[4.0,0.0,6.0,5.0],"texture":"#0","tintindex":0},"up":{"uv":[4.0,0.0,5.0,1.0],"texture":"#0","tintindex":0},"down":{"uv":[4.0,4.0,5.0,5.0],"texture":"#0","tintindex":0}}},{"from":[7.0,6.5,5.0],"to":[11.0,10.5,5.0],"rotation":{"angle":0.0,"axis":"y","origin":[-1.0,15.5,8.0]},"faces":{"north":{"uv":[0.0,5.0,4.0,9.0],"texture":"#0"},"south":{"uv":[0.0,5.0,4.0,9.0],"texture":"#0"}}},{"from":[9.0,6.5,3.0],"to":[9.0,10.5,7.0],"rotation":{"angle":0.0,"axis":"y","origin":[-1.0,15.5,8.0]},"faces":{"east":{"uv":[0.0,5.0,4.0,9.0],"texture":"#0"},"west":{"uv":[0.0,5.0,4.0,9.0],"texture":"#0"}}},{"from":[9.0,0.5,4.5],"to":[9.0,4.5,5.5],"rotation":{"angle":0.0,"axis":"y","origin":[-1.0,15.5,8.0]},"faces":{"east":{"uv":[8.0,0.0,9.0,4.0],"texture":"#0"},"west":{"uv":[8.0,0.0,9.0,4.0],"texture":"#0"}}},{"from":[10.0,8.5,6.0],"to":[8.0,3.5,4.0],"rotation":{"angle":0.0,"axis":"y","origin":[-1.0,15.5,8.0]},"faces":{"north":{"uv":[6.0,0.0,8.0,5.0],"texture":"#0"},"east":{"uv":[6.0,0.0,8.0,5.0],"texture":"#0"},"south":{"uv":[6.0,0.0,8.0,5.0],"texture":"#0"},"west":{"uv":[6.0,0.0,8.0,5.0],"texture":"#0"},"up":{"uv":[6.0,0.0,8.0,2.0],"texture":"#0"},"down":{"uv":[6.0,0.0,8.0,2.0],"texture":"#0"}}},{"from":[8.3,3.8,10.3],"to":[9.7,8.2,11.7],"rotation":{"angle":0.0,"axis":"y","origin":[-1.0,15.5,8.0]},"faces":{"north":{"uv":[4.0,0.0,6.0,5.0],"texture":"#0","tintindex":0},"east":{"uv":[4.0,0.0,6.0,5.0],"texture":"#0","tintindex":0},"south":{"uv":[4.0,0.0,6.0,5.0],"texture":"#0","tintindex":0},"west":{"uv":[4.0,0.0,6.0,5.0],"texture":"#0","tintindex":0},"up":{"uv":[4.0,0.0,5.0,1.0],"texture":"#0","tintindex":0},"down":{"uv":[4.0,4.0,5.0,5.0],"texture":"#0","tintindex":0}}},{"from":[7.0,6.5,11.0],"to":[11.0,10.5,11.0],"rotation":{"angle":0.0,"axis":"y","origin":[-1.0,15.5,8.0]},"faces":{"north":{"uv":[0.0,5.0,4.0,9.0],"texture":"#0"},"south":{"uv":[0.0,5.0,4.0,9.0],"texture":"#0"}}},{"from":[9.0,6.5,9.0],"to":[9.0,10.5,13.0],"rotation":{"angle":0.0,"axis":"y","origin":[-1.0,15.5,8.0]},"faces":{"east":{"uv":[0.0,5.0,4.0,9.0],"texture":"#0"},"west":{"uv":[0.0,5.0,4.0,9.0],"texture":"#0"}}},{"from":[9.0,0.5,10.5],"to":[9.0,4.5,11.5],"rotation":{"angle":0.0,"axis":"y","origin":[-1.0,15.5,8.0]},"faces":{"east":{"uv":[8.0,0.0,9.0,4.0],"texture":"#0"},"west":{"uv":[8.0,0.0,9.0,4.0],"texture":"#0"}}},{"from":[10.0,8.5,12.0],"to":[8.0,3.5,10.0],"rotation":{"angle":0.0,"axis":"y","origin":[-1.0,15.5,8.0]},"faces":{"north":{"uv":[6.0,0.0,8.0,5.0],"texture":"#0"},"east":{"uv":[6.0,0.0,8.0,5.0],"texture":"#0"},"south":{"uv":[6.0,0.0,8.0,5.0],"texture":"#0"},"west":{"uv":[6.0,0.0,8.0,5.0],"texture":"#0"},"up":{"uv":[6.0,0.0,8.0,2.0],"texture":"#0"},"down":{"uv":[6.0,0.0,8.0,2.0],"texture":"#0"}}}],"display":{"thirdperson_righthand":{"translation":[-1.0,-2.0,5.75],"rotation":[91.25,0.0,0.0]},"thirdperson_lefthand":{"translation":[1.0,-2.0,5.75],"rotation":[91.25,0.0,0.0]},"firstperson_righthand":{"translation":[7.5,-1.25,0.0],"rotation":[106.5,0.0,0.0]},"firstperson_lefthand":{"translation":[7.5,-1.25,0.0],"rotation":[106.5,0.0,0.0]},"ground":{"translation":[0.0,3.5,0.0]},"gui":{"translation":[-0.25,1.25,0.0],"rotation":[-9.15,68.96,-52.83],"scale":[1.2,1.2,1.2]},"head":{"translation":[0.0,0.0,-9.5]},"fixed":{"translation":[0.0,2.25,0.0],"scale":[1.6,1.6,1.6]}},"credit":"Made with Blockbench","gui_light":"front"}