{"textures":{"0":"mcc:island_cosmetics/general/accessory/archeologist_brush/archeologist_brush","particle":"mcc:island_cosmetics/general/accessory/archeologist_brush/archeologist_brush"},"elements":[{"from":[5.0,0.0,6.5],"to":[11.0,6.0,9.5],"rotation":{"angle":0.0,"axis":"y","origin":[7.0,0.0,7.5]},"faces":{"north":{"uv":[0.0,0.0,6.0,6.0],"texture":"#0"},"east":{"uv":[8.0,6.0,11.0,12.0],"texture":"#0"},"south":{"uv":[0.0,0.0,6.0,6.0],"texture":"#0"},"west":{"uv":[8.0,0.0,11.0,6.0],"texture":"#0"},"up":{"uv":[6.0,11.0,0.0,8.0],"texture":"#0"},"down":{"uv":[6.0,11.0,0.0,14.0],"texture":"#0"}}},{"from":[4.75,3.75,6.25],"to":[11.25,6.0,9.75],"rotation":{"angle":0.0,"axis":"y","origin":[7.0,0.0,7.5]},"faces":{"north":{"uv":[6.0,12.0,12.0,14.0],"texture":"#0"},"east":{"uv":[6.0,14.0,9.0,16.0],"texture":"#0"},"south":{"uv":[6.0,12.0,12.0,14.0],"texture":"#0"},"west":{"uv":[9.0,14.0,12.0,16.0],"texture":"#0"},"up":{"uv":[6.0,16.0,0.0,14.0],"texture":"#0"},"down":{"uv":[6.0,14.0,0.0,16.0],"texture":"#0"}}},{"from":[11.25,6.0,9.75],"to":[4.75,3.75,6.25],"rotation":{"angle":0.0,"axis":"y","origin":[7.0,0.0,7.5]},"faces":{"north":{"uv":[6.0,14.0,12.0,12.0],"texture":"#0"},"east":{"uv":[9.0,16.0,12.0,14.0],"texture":"#0"},"south":{"uv":[6.0,14.0,12.0,12.0],"texture":"#0"},"west":{"uv":[6.0,16.0,9.0,14.0],"texture":"#0"},"up":{"uv":[0.0,14.0,6.0,16.0],"texture":"#0"},"down":{"uv":[0.0,16.0,6.0,14.0],"texture":"#0"}}},{"from":[7.0,6.0,7.0],"to":[9.0,16.0,9.0],"rotation":{"angle":0.0,"axis":"y","origin":[7.0,0.0,7.0]},"faces":{"north":{"uv":[6.0,0.0,8.0,10.0],"texture":"#0"},"east":{"uv":[8.0,0.0,6.0,10.0],"texture":"#0"},"south":{"uv":[6.0,0.0,8.0,10.0],"texture":"#0"},"west":{"uv":[8.0,0.0,6.0,10.0],"texture":"#0"},"up":{"uv":[4.0,8.0,2.0,6.0],"texture":"#0"},"down":{"uv":[2.0,6.0,0.0,8.0],"texture":"#0"}}}],"display":{"thirdperson_righthand":{"translation":[0.0,1.0,1.25],"rotation":[-8.25,54.0,-180.0],"scale":[0.8,0.8,0.8]},"thirdperson_lefthand":{"translation":[0.0,1.0,1.25],"rotation":[-8.25,54.0,-180.0],"scale":[0.8,0.8,0.8]},"firstperson_righthand":{"translation":[4.25,0.0,0.0],"rotation":[126.0,-8.0,3.0]},"firstperson_lefthand":{"translation":[4.25,0.0,0.0],"rotation":[126.0,-8.0,3.0]},"ground":{"translation":[0.0,2.75,0.0],"rotation":[149.0,0.0,0.0],"scale":[0.5,0.5,0.5]},"gui":{"translation":[-0.5,-0.5,0.0],"rotation":[-37.0,-10.0,142.0]},"fixed":{"rotation":[0.0,0.0,-180.0]}},"credit":"Made with Blockbench","gui_light":"front"}