{"textures":{"1":"mcc:island_cosmetics/general/accessory/munchflower_arm/munchflower_arm_ashen","2":"mcc:island_cosmetics/general/hat/munchflower_sprout/munchflower_ashen_anim","particle":"mcc:island_cosmetics/general/hat/munchflower_sprout/munchflower_ashen_anim"},"elements":[{"from":[8.0,-5.0,6.0],"to":[8.0,2.0,11.0],"rotation":{"angle":22.5,"axis":"x","origin":[8.0,-14.5,13.5]},"faces":{"east":{"uv":[1.66667,6.33333,0.0,4.0],"texture":"#1"},"west":{"uv":[0.0,6.33333,1.66667,4.0],"texture":"#1"},"up":{"uv":[0.0,0.0,0.0,1.66667],"texture":"#1"}}},{"from":[0.01472,-2.0709,5.54409],"to":[6.01472,-2.0709,10.54409],"rotation":{"angle":45.0,"axis":"y","origin":[7.96447,-2.0709,8.04409]},"faces":{"up":{"uv":[2.33333,0.0,4.0,2.33333],"texture":"#1","rotation":270},"down":{"uv":[2.33333,0.0,4.0,2.33333],"texture":"#1","rotation":270}}},{"from":[2.0,-2.0709,-1.37013],"to":[7.0,-2.0709,4.62987],"rotation":{"angle":45.0,"axis":"y","origin":[8.0,4.4291,3.12987]},"faces":{"up":{"uv":[2.33333,0.0,4.0,2.33333],"texture":"#1"},"down":{"uv":[2.33333,0.0,4.0,2.33333],"texture":"#1","rotation":180}}},{"from":[5.26836,-1.55882,5.5],"to":[5.26836,3.44118,10.5],"rotation":{"angle":22.5,"axis":"z","origin":[8.0,-0.1903,8.0]},"faces":{"east":{"uv":[2.0,0.0,0.33333,1.66667],"texture":"#1"},"west":{"uv":[2.0,0.0,0.33333,1.66667],"texture":"#1"}}},{"from":[10.73164,-1.55882,5.5],"to":[10.73164,3.44118,10.5],"rotation":{"angle":-22.5,"axis":"z","origin":[8.0,-0.1903,8.0]},"faces":{"east":{"uv":[0.33333,0.0,2.0,1.66667],"texture":"#1"},"west":{"uv":[0.33333,0.0,2.0,1.66667],"texture":"#1"}}},{"from":[5.5,-2.5,6.0],"to":[10.5,2.5,6.0],"rotation":{"angle":-22.5,"axis":"x","origin":[8.0,-2.5,6.0]},"faces":{"north":{"uv":[0.33333,0.0,2.0,1.66667],"texture":"#1"},"south":{"uv":[0.33333,0.0,2.0,1.66667],"texture":"#1"}}},{"from":[8.0,-5.0,5.0],"to":[8.0,2.0,10.0],"rotation":{"angle":-22.5,"axis":"x","origin":[8.0,-14.5,2.5]},"faces":{"east":{"uv":[0.0,6.33333,1.66667,4.0],"texture":"#1"},"west":{"uv":[1.66667,6.33333,0.0,4.0],"texture":"#1"},"up":{"uv":[0.0,1.66667,0.0,0.0],"texture":"#1"}}},{"from":[5.5,-2.5,10.0],"to":[10.5,2.5,10.0],"rotation":{"angle":22.5,"axis":"x","origin":[8.0,-2.5,10.0]},"faces":{"north":{"uv":[2.0,0.0,0.33333,1.66667],"texture":"#1"},"south":{"uv":[2.0,0.0,0.33333,1.66667],"texture":"#1"}}},{"from":[5.46447,-2.0709,0.09434],"to":[10.46447,-2.0709,6.09434],"rotation":{"angle":-45.0,"axis":"y","origin":[7.96447,-2.0709,8.04409]},"faces":{"up":{"uv":[2.33333,0.0,4.0,2.33333],"texture":"#1"},"down":{"uv":[2.33333,0.0,4.0,2.33333],"texture":"#1","rotation":180}}},{"from":[5.46447,-2.0709,9.99384],"to":[10.46447,-2.0709,15.99384],"rotation":{"angle":45.0,"axis":"y","origin":[7.96447,-2.0709,8.04409]},"faces":{"up":{"uv":[2.33333,0.0,4.0,2.33333],"texture":"#1","rotation":180},"down":{"uv":[2.33333,0.0,4.0,2.33333],"texture":"#1"}}},{"from":[4.5,-9.925,4.45],"to":[12.1,-2.325,8.25],"rotation":{"angle":0.0,"axis":"y","origin":[8.3,-2.325,8.0]},"faces":{"north":{"uv":[5.66667,0.0,8.33333,2.66667],"texture":"#1","tintindex":0},"east":{"uv":[4.33333,0.0,5.66667,2.66667],"texture":"#1","tintindex":0},"west":{"uv":[5.66667,0.0,4.33333,2.66667],"texture":"#1","tintindex":0},"up":{"uv":[0.0,2.66667,2.66667,4.0],"texture":"#1","tintindex":0},"down":{"uv":[2.66667,2.66667,5.33333,4.0],"texture":"#1","tintindex":0}}},{"from":[12.1,-2.325,8.25],"to":[4.5,-9.925,4.45],"rotation":{"angle":0.0,"axis":"y","origin":[8.3,-2.325,8.0]},"faces":{"east":{"uv":[13.33333,2.66667,12.0,0.0],"texture":"#1","tintindex":0},"south":{"uv":[13.33333,2.66667,16.0,0.0],"texture":"#1","tintindex":0},"west":{"uv":[12.0,2.66667,13.33333,0.0],"texture":"#1","tintindex":0},"up":{"uv":[13.0,2.66667,10.33333,4.0],"texture":"#1","tintindex":0},"down":{"uv":[10.33333,2.66667,7.66667,4.0],"texture":"#1","tintindex":0}}},{"from":[12.1,-2.325,11.55],"to":[4.5,-9.925,7.75],"rotation":{"angle":0.0,"axis":"y","origin":[8.3,-2.325,8.0]},"faces":{"north":{"uv":[16.0,2.66667,13.33333,0.0],"texture":"#1","tintindex":0},"east":{"uv":[12.0,2.66667,13.33333,0.0],"texture":"#1","tintindex":0},"west":{"uv":[13.33333,2.66667,12.0,0.0],"texture":"#1","tintindex":0},"up":{"uv":[13.0,4.0,10.33333,2.66667],"texture":"#1","tintindex":0},"down":{"uv":[10.33333,4.0,7.66667,2.66667],"texture":"#1","tintindex":0}}},{"from":[4.5,-9.925,7.75],"to":[12.1,-2.325,11.55],"rotation":{"angle":0.0,"axis":"y","origin":[8.3,-2.325,8.0]},"faces":{"east":{"uv":[5.66667,0.0,4.33333,2.66667],"texture":"#1","tintindex":0},"south":{"uv":[8.33333,0.0,5.66667,2.66667],"texture":"#1","tintindex":0},"west":{"uv":[4.33333,0.0,5.66667,2.66667],"texture":"#1","tintindex":0},"up":{"uv":[0.0,4.0,2.66667,2.66667],"texture":"#1","tintindex":0},"down":{"uv":[2.66667,4.0,5.33333,2.66667],"texture":"#1","tintindex":0}}},{"from":[4.5,-9.925,4.45],"to":[12.1,-2.325,8.25],"rotation":{"angle":22.5,"axis":"x","origin":[8.3,-2.325,8.0]},"faces":{"north":{"uv":[5.66667,4.33333,8.33333,7.0],"texture":"#1","tintindex":0},"east":{"uv":[4.33333,4.33333,5.66667,7.0],"texture":"#1","tintindex":0},"west":{"uv":[5.66667,4.33333,4.33333,7.0],"texture":"#1","tintindex":0},"up":{"uv":[0.0,7.0,2.66667,8.33333],"texture":"#1","tintindex":0},"down":{"uv":[2.66667,7.0,5.33333,8.33333],"texture":"#1","tintindex":0}}},{"from":[12.1,-2.325,8.25],"to":[4.5,-9.925,4.45],"rotation":{"angle":22.5,"axis":"x","origin":[8.3,-2.325,8.0]},"faces":{"east":{"uv":[13.33333,7.0,12.0,4.33333],"texture":"#1","tintindex":0},"south":{"uv":[13.33333,7.0,16.0,4.33333],"texture":"#1","tintindex":0},"west":{"uv":[12.0,7.0,13.33333,4.33333],"texture":"#1","tintindex":0},"up":{"uv":[13.0,7.0,10.33333,8.33333],"texture":"#1","tintindex":0},"down":{"uv":[10.33333,7.0,7.66667,8.33333],"texture":"#1","tintindex":0}}},{"from":[12.1,-2.325,11.55],"to":[4.5,-9.925,7.75],"rotation":{"angle":-22.5,"axis":"x","origin":[8.3,-2.325,8.0]},"faces":{"north":{"uv":[16.0,7.0,13.33333,4.33333],"texture":"#1","tintindex":0},"east":{"uv":[12.0,7.0,13.33333,4.33333],"texture":"#1","tintindex":0},"west":{"uv":[13.33333,7.0,12.0,4.33333],"texture":"#1","tintindex":0},"up":{"uv":[13.0,8.33333,10.33333,7.0],"texture":"#1","tintindex":0},"down":{"uv":[10.33333,8.33333,7.66667,7.0],"texture":"#1","tintindex":0}}},{"from":[4.5,-9.925,7.75],"to":[12.1,-2.325,11.55],"rotation":{"angle":-22.5,"axis":"x","origin":[8.3,-2.325,8.0]},"faces":{"east":{"uv":[5.66667,4.33333,4.33333,7.0],"texture":"#1","tintindex":0},"south":{"uv":[8.33333,4.33333,5.66667,7.0],"texture":"#1","tintindex":0},"west":{"uv":[4.33333,4.33333,5.66667,7.0],"texture":"#1","tintindex":0},"up":{"uv":[0.0,8.33333,2.66667,7.0],"texture":"#1","tintindex":0},"down":{"uv":[2.66667,8.33333,5.33333,7.0],"texture":"#1","tintindex":0}}},{"from":[4.5,-9.925,4.45],"to":[12.1,-2.325,8.25],"rotation":{"angle":45.0,"axis":"x","origin":[8.3,-2.325,8.0]},"faces":{"north":{"uv":[5.66667,8.66667,8.33333,11.33333],"texture":"#1","tintindex":0},"east":{"uv":[4.33333,8.66667,5.66667,11.33333],"texture":"#1","tintindex":0},"west":{"uv":[5.66667,8.66667,4.33333,11.33333],"texture":"#1","tintindex":0},"up":{"uv":[0.0,11.33333,2.66667,12.66667],"texture":"#1","tintindex":0},"down":{"uv":[2.66667,11.33333,5.33333,12.66667],"texture":"#1","tintindex":0}}},{"from":[12.1,-2.325,8.25],"to":[4.5,-9.925,4.45],"rotation":{"angle":45.0,"axis":"x","origin":[8.3,-2.325,8.0]},"faces":{"east":{"uv":[13.33333,11.33333,12.0,8.66667],"texture":"#1","tintindex":0},"south":{"uv":[13.33333,11.33333,16.0,8.66667],"texture":"#1","tintindex":0},"west":{"uv":[12.0,11.33333,13.33333,8.66667],"texture":"#1","tintindex":0},"up":{"uv":[13.0,11.33333,10.33333,12.66667],"texture":"#1","tintindex":0},"down":{"uv":[10.33333,11.33333,7.66667,12.66667],"texture":"#1","tintindex":0}}},{"from":[12.1,-2.325,11.55],"to":[4.5,-9.925,7.75],"rotation":{"angle":-45.0,"axis":"x","origin":[8.3,-2.325,8.0]},"faces":{"north":{"uv":[16.0,11.33333,13.33333,8.66667],"texture":"#1","tintindex":0},"east":{"uv":[12.0,11.33333,13.33333,8.66667],"texture":"#1","tintindex":0},"west":{"uv":[13.33333,11.33333,12.0,8.66667],"texture":"#1","tintindex":0},"up":{"uv":[13.0,12.66667,10.33333,11.33333],"texture":"#1","tintindex":0},"down":{"uv":[10.33333,12.66667,7.66667,11.33333],"texture":"#1","tintindex":0}}},{"from":[4.5,-9.925,7.75],"to":[12.1,-2.325,11.55],"rotation":{"angle":-45.0,"axis":"x","origin":[8.3,-2.325,8.0]},"faces":{"east":{"uv":[5.66667,8.66667,4.33333,11.33333],"texture":"#1","tintindex":0},"south":{"uv":[8.33333,8.66667,5.66667,11.33333],"texture":"#1","tintindex":0},"west":{"uv":[4.33333,8.66667,5.66667,11.33333],"texture":"#1","tintindex":0},"up":{"uv":[0.0,12.66667,2.66667,11.33333],"texture":"#1","tintindex":0},"down":{"uv":[2.66667,12.66667,5.33333,11.33333],"texture":"#1","tintindex":0}}},{"from":[8.0,0.0,-8.0],"to":[8.0,32.0,24.0],"rotation":{"angle":0.0,"axis":"y","origin":[-8.0,0.0,-8.0]},"faces":{"north":{"uv":[0.0,0.0,0.0,16.0],"texture":"#2"},"east":{"uv":[0.0,0.0,16.0,16.0],"texture":"#2"},"south":{"uv":[0.0,0.0,0.0,16.0],"texture":"#2"},"west":{"uv":[0.0,0.0,16.0,16.0],"texture":"#2"},"up":{"uv":[0.0,0.0,0.0,16.0],"texture":"#2"},"down":{"uv":[0.0,0.0,0.0,16.0],"texture":"#2"}}}],"display":{"thirdperson_righthand":{"translation":[0.0,-2.0,12.5],"rotation":[90.0,-90.0,0.0],"scale":[1.06641,1.06641,1.06641]},"thirdperson_lefthand":{"translation":[0.0,-2.0,12.5],"rotation":[90.0,-90.0,0.0],"scale":[1.06641,1.06641,1.06641]},"firstperson_righthand":{"translation":[0.0,-3.75,5.5],"rotation":[125.82,-7.25,0.36],"scale":[0.7,0.7,0.7]},"firstperson_lefthand":{"translation":[0.0,-3.75,5.5],"rotation":[125.82,-7.25,0.36],"scale":[0.7,0.7,0.7]},"ground":{"translation":[0.0,6.5,0.0],"scale":[0.5,0.5,0.5]},"gui":{"translation":[0.0,5.25,0.0],"rotation":[18.0,67.75,0.0],"scale":[0.7,0.7,0.7]},"fixed":{"translation":[0.0,0.0,8.75],"rotation":[90.0,0.0,0.0]}},"credit":"Made with Blockbench","gui_light":"front"}