{"textures":{"1":"mcc:island_cosmetics/general/accessory/harpoon/harpoon","2":"mcc:island_cosmetics/general/accessory/harpoon/sharkbait","3":"mcc:island_cosmetics/general/accessory/harpoon/sunken","particle":"mcc:island_cosmetics/general/accessory/harpoon/sharkbait"},"elements":[{"from":[7.0,-9.0,7.0],"to":[9.0,13.0,9.0],"rotation":{"angle":0.0,"axis":"y","origin":[9.0,17.0,6.875]},"faces":{"north":{"uv":[4.0,1.5,5.0,12.5],"texture":"#3","tintindex":0},"east":{"uv":[5.0,1.5,4.0,12.5],"texture":"#3","tintindex":0},"south":{"uv":[4.0,1.5,5.0,12.5],"texture":"#3","tintindex":0},"west":{"uv":[5.0,1.5,4.0,12.5],"texture":"#3","tintindex":0},"up":{"uv":[4.0,0.0,5.0,1.0],"texture":"#3"},"down":{"uv":[4.0,0.0,5.0,1.0],"texture":"#3"}}},{"from":[6.9,10.9,6.9],"to":[9.1,13.1,9.1],"rotation":{"angle":0.0,"axis":"y","origin":[9.0,17.0,6.875]},"faces":{"north":{"uv":[0.0,5.5,1.0,6.5],"texture":"#3"},"east":{"uv":[0.0,5.5,1.0,6.5],"texture":"#3"},"south":{"uv":[0.0,5.5,1.0,6.5],"texture":"#3"},"west":{"uv":[0.0,5.5,1.0,6.5],"texture":"#3"},"up":{"uv":[1.0,5.5,2.0,6.5],"texture":"#3"}}},{"from":[6.9,-0.1,6.9],"to":[9.1,2.1,9.1],"rotation":{"angle":0.0,"axis":"y","origin":[9.0,17.0,6.875]},"faces":{"north":{"uv":[0.0,5.5,1.0,6.5],"texture":"#3"},"east":{"uv":[0.0,5.5,1.0,6.5],"texture":"#3"},"south":{"uv":[0.0,5.5,1.0,6.5],"texture":"#3"},"west":{"uv":[0.0,5.5,1.0,6.5],"texture":"#3"},"up":{"uv":[1.0,5.5,2.0,6.5],"texture":"#3"}}},{"from":[6.48,-9.02,6.48],"to":[9.52,-3.98,9.52],"rotation":{"angle":0.0,"axis":"y","origin":[9.5,17.0,7.375]},"faces":{"north":{"uv":[4.0,1.5,2.5,4.0],"texture":"#1"},"east":{"uv":[4.0,1.5,2.5,4.0],"texture":"#1"},"south":{"uv":[4.0,1.5,2.5,4.0],"texture":"#1"},"west":{"uv":[4.0,1.5,2.5,4.0],"texture":"#1"},"up":{"uv":[4.0,5.5,2.5,7.0],"texture":"#1"},"down":{"uv":[4.0,5.5,2.5,7.0],"texture":"#1"}}},{"from":[6.5,3.0,6.5],"to":[9.5,10.0,9.5],"rotation":{"angle":0.0,"axis":"y","origin":[9.5,17.0,7.375]},"faces":{"north":{"uv":[2.5,1.5,1.0,5.0],"texture":"#1"},"east":{"uv":[1.0,1.5,2.5,5.0],"texture":"#1"},"south":{"uv":[2.5,1.5,1.0,5.0],"texture":"#1"},"west":{"uv":[1.0,1.5,2.5,5.0],"texture":"#1"},"up":{"uv":[4.0,0.0,2.5,1.5],"texture":"#1"},"down":{"uv":[4.0,0.0,2.5,1.5],"texture":"#1"}}},{"from":[6.3,1.8,6.3],"to":[9.7,10.2,9.7],"rotation":{"angle":0.0,"axis":"y","origin":[9.5,17.0,7.375]},"faces":{"north":{"uv":[16.0,0.0,14.5,4.0],"texture":"#2"},"east":{"uv":[14.5,0.0,16.0,4.0],"texture":"#2"},"south":{"uv":[16.0,0.0,14.5,4.0],"texture":"#2"},"west":{"uv":[14.5,0.0,16.0,4.0],"texture":"#2"},"up":{"uv":[14.5,0.0,13.0,1.5],"texture":"#2"}}},{"from":[6.3,-12.2,6.3],"to":[9.7,-3.8,9.7],"rotation":{"angle":22.5,"axis":"y","origin":[8.0,-8.0,8.0]},"faces":{"north":{"uv":[16.0,0.0,14.5,4.0],"texture":"#2"},"east":{"uv":[14.5,0.0,16.0,4.0],"texture":"#2"},"south":{"uv":[16.0,0.0,14.5,4.0],"texture":"#2"},"west":{"uv":[14.5,0.0,16.0,4.0],"texture":"#2"},"up":{"uv":[14.5,0.0,13.0,1.5],"texture":"#2"}}},{"from":[7.72521,-3.84045,6.5],"to":[7.72521,2.15955,9.5],"rotation":{"angle":-22.5,"axis":"z","origin":[9.22521,5.65955,8.0]},"faces":{"east":{"uv":[1.0,5.0,2.5,8.0],"texture":"#1"},"west":{"uv":[2.5,5.0,1.0,8.0],"texture":"#1"}}},{"from":[4.0,13.0,8.0],"to":[12.0,24.0,8.0],"rotation":{"angle":0.0,"axis":"y","origin":[9.0,17.0,6.875]},"faces":{"north":{"uv":[4.0,0.0,0.0,5.5],"texture":"#3"},"south":{"uv":[0.0,0.0,4.0,5.5],"texture":"#3"}}},{"from":[6.5,-12.0,7.5],"to":[9.5,-9.0,8.5],"rotation":{"angle":0.0,"axis":"y","origin":[8.5,17.0,6.875]},"faces":{"north":{"uv":[1.5,6.5,0.0,8.0],"texture":"#3"},"east":{"uv":[0.5,6.5,0.0,8.0],"texture":"#3"},"south":{"uv":[1.5,6.5,0.0,8.0],"texture":"#3"},"west":{"uv":[0.5,6.5,0.0,8.0],"texture":"#3"},"up":{"uv":[1.5,6.5,0.0,7.0],"texture":"#3"},"down":{"uv":[1.5,7.5,0.0,8.0],"texture":"#3"}}},{"from":[9.5,-9.0,8.5],"to":[6.5,-12.0,7.5],"rotation":{"angle":0.0,"axis":"y","origin":[8.5,17.0,6.875]},"faces":{"north":{"uv":[1.5,8.0,0.0,6.5],"texture":"#3"},"east":{"uv":[0.5,8.0,0.0,6.5],"texture":"#3"},"south":{"uv":[1.5,8.0,0.0,6.5],"texture":"#3"},"west":{"uv":[0.5,8.0,0.0,6.5],"texture":"#3"},"up":{"uv":[0.0,7.5,1.5,8.0],"texture":"#3"},"down":{"uv":[0.0,6.5,1.5,7.0],"texture":"#3"}}}],"display":{"thirdperson_righthand":{"translation":[1.5,7.25,4.5],"rotation":[37.64,66.81,-18.95],"scale":[1.01758,1.01758,1.01758]},"thirdperson_lefthand":{"translation":[2.0,5.75,5.75],"rotation":[58.14,66.81,-18.95],"scale":[1.01758,1.01758,1.01758]},"firstperson_righthand":{"translation":[11.5,2.75,-7.25],"rotation":[54.3,-72.72,57.42],"scale":[0.63281,0.63281,0.63281]},"firstperson_lefthand":{"translation":[11.5,2.75,-7.25],"rotation":[54.3,-72.72,57.42],"scale":[0.63281,0.63281,0.63281]},"ground":{"translation":[-0.5,15.75,0.0],"rotation":[0.0,0.0,45.0],"scale":[0.49414,0.49414,0.49414]},"gui":{"translation":[0.75,0.75,0.0],"rotation":[168.65,19.35,-131.85],"scale":[0.53087,0.53087,0.53087]},"head":{"translation":[0.0,4.25,0.0],"rotation":[0.0,3.25,0.0],"scale":[1.6,1.6,1.6]}},"credit":"Made with Blockbench","gui_light":"front"}