{"textures":{"1":"mcc:island_cosmetics/general/accessory/cotton_candy/cotton_candy"},"elements":[{"from":[7.5,0.0,7.5],"to":[8.5,13.0,8.5],"rotation":{"angle":0.0,"axis":"y","origin":[9.5,17.0,7.375]},"faces":{"north":{"uv":[0.0,0.0,0.5,6.5],"texture":"#1"},"east":{"uv":[0.0,0.0,0.5,6.5],"texture":"#1"},"south":{"uv":[0.0,0.0,0.5,6.5],"texture":"#1"},"west":{"uv":[0.0,0.0,0.5,6.5],"texture":"#1"},"up":{"uv":[0.0,0.0,0.5,0.5],"texture":"#1"},"down":{"uv":[0.0,0.0,0.5,0.5],"texture":"#1"}}},{"from":[3.5,8.0,3.5],"to":[12.5,16.0,12.5],"rotation":{"angle":0.0,"axis":"y","origin":[9.5,17.0,7.375]},"faces":{"north":{"uv":[1.0,0.0,5.5,4.0],"texture":"#1","tintindex":0},"east":{"uv":[5.5,0.0,1.0,4.0],"texture":"#1","tintindex":0},"south":{"uv":[1.0,0.0,5.5,4.0],"texture":"#1","tintindex":0},"west":{"uv":[5.5,0.0,1.0,4.0],"texture":"#1","tintindex":0},"up":{"uv":[5.5,0.0,10.0,4.5],"texture":"#1","tintindex":0},"down":{"uv":[14.5,0.0,10.0,4.5],"texture":"#1","tintindex":0}}},{"from":[3.1,7.6,3.1],"to":[12.9,16.4,12.9],"rotation":{"angle":0.0,"axis":"y","origin":[9.5,17.0,7.375]},"faces":{"north":{"uv":[7.0,4.5,11.5,8.5],"texture":"#1","tintindex":0},"east":{"uv":[11.5,4.5,7.0,8.5],"texture":"#1","tintindex":0},"south":{"uv":[7.0,4.5,11.5,8.5],"texture":"#1","tintindex":0},"west":{"uv":[11.5,4.5,7.0,8.5],"texture":"#1","tintindex":0}}},{"from":[4.5,16.0,4.5],"to":[10.5,19.0,10.5],"rotation":{"angle":0.0,"axis":"y","origin":[9.5,17.0,7.375]},"faces":{"north":{"uv":[4.0,4.0,1.0,5.5],"texture":"#1","tintindex":0},"east":{"uv":[1.0,4.0,4.0,5.5],"texture":"#1","tintindex":0},"south":{"uv":[4.0,4.0,1.0,5.5],"texture":"#1","tintindex":0},"west":{"uv":[1.0,4.0,4.0,5.5],"texture":"#1","tintindex":0},"up":{"uv":[9.5,0.5,6.5,3.5],"texture":"#1","tintindex":0}}},{"from":[4.1,15.6,4.1],"to":[10.9,19.4,10.9],"rotation":{"angle":0.0,"axis":"y","origin":[9.5,17.0,7.375]},"faces":{"north":{"uv":[14.5,4.5,11.5,6.0],"texture":"#1","tintindex":0},"east":{"uv":[11.5,4.5,14.5,6.0],"texture":"#1","tintindex":0},"south":{"uv":[14.5,4.5,11.5,6.0],"texture":"#1","tintindex":0},"west":{"uv":[11.5,4.5,14.5,6.0],"texture":"#1","tintindex":0},"up":{"uv":[11.5,6.0,14.5,9.0],"texture":"#1","tintindex":0}}},{"from":[5.5,6.0,5.5],"to":[11.5,9.0,11.5],"rotation":{"angle":0.0,"axis":"y","origin":[9.5,17.0,7.375]},"faces":{"north":{"uv":[4.0,4.0,1.0,5.5],"texture":"#1","tintindex":0},"east":{"uv":[1.0,4.0,4.0,5.5],"texture":"#1","tintindex":0},"south":{"uv":[4.0,4.0,1.0,5.5],"texture":"#1","tintindex":0},"west":{"uv":[1.0,4.0,4.0,5.5],"texture":"#1","tintindex":0},"down":{"uv":[4.0,4.5,7.0,7.5],"texture":"#1","tintindex":0}}},{"from":[12.9,16.4,12.9],"to":[3.1,7.6,3.1],"rotation":{"angle":0.0,"axis":"y","origin":[9.5,17.0,7.375]},"faces":{"north":{"uv":[7.0,8.5,11.5,4.5],"texture":"#1","tintindex":0},"east":{"uv":[11.5,8.5,7.0,4.5],"texture":"#1","tintindex":0},"south":{"uv":[7.0,8.5,11.5,4.5],"texture":"#1","tintindex":0},"west":{"uv":[11.5,8.5,7.0,4.5],"texture":"#1","tintindex":0}}},{"from":[10.9,19.4,10.9],"to":[4.1,15.6,4.1],"rotation":{"angle":0.0,"axis":"y","origin":[9.5,17.0,7.375]},"faces":{"north":{"uv":[14.5,6.0,11.5,4.5],"texture":"#1","tintindex":0},"east":{"uv":[11.5,6.0,14.5,4.5],"texture":"#1","tintindex":0},"south":{"uv":[14.5,6.0,11.5,4.5],"texture":"#1","tintindex":0},"west":{"uv":[11.5,6.0,14.5,4.5],"texture":"#1","tintindex":0},"down":{"uv":[14.5,6.0,11.5,9.0],"texture":"#1","tintindex":0}}}],"display":{"thirdperson_righthand":{"translation":[1.0,4.0,3.0],"rotation":[29.81,-16.51,-8.9],"scale":[0.93789,0.93789,0.93789]},"thirdperson_lefthand":{"translation":[1.0,4.0,3.0],"rotation":[29.81,-16.51,-8.9],"scale":[0.93789,0.93789,0.93789]},"firstperson_righthand":{"translation":[10.5,-0.25,-7.25],"rotation":[-25.04,-2.43,-0.43],"scale":[0.66602,0.66602,0.66602]},"firstperson_lefthand":{"translation":[10.5,-0.25,-7.25],"rotation":[-25.04,-2.43,-0.43],"scale":[0.66602,0.66602,0.66602]},"ground":{"translation":[0.0,4.25,0.0],"scale":[0.43945,0.43945,0.43945]},"gui":{"translation":[-2.0,-1.75,0.0],"rotation":[-130.08,-33.03,-135.96],"scale":[0.8336,0.83751,0.8336]},"head":{"translation":[0.0,4.25,0.0],"rotation":[0.0,3.25,0.0],"scale":[1.6,1.6,1.6]}},"credit":"Made with Blockbench","ambientocclusion":false,"gui_light":"front"}