{"textures":{"1":"mcc:island_cosmetics/general/hat/candy_bot/candy_bot","2":"mcc:island_cosmetics/general/accessory/mixing_claw/mixing_claw","particle":"mcc:island_cosmetics/general/hat/candy_bot/candy_bot"},"elements":[{"from":[6.0,8.5,5.0],"to":[12.0,14.5,11.0],"faces":{"north":{"uv":[3.0,0.0,6.0,3.0],"texture":"#2"},"east":{"uv":[0.0,0.0,3.0,3.0],"texture":"#2"},"south":{"uv":[3.0,0.0,6.0,3.0],"texture":"#2"},"west":{"uv":[0.0,0.0,3.0,3.0],"texture":"#2"},"up":{"uv":[3.0,3.0,6.0,6.0],"texture":"#2"},"down":{"uv":[0.0,3.0,3.0,6.0],"texture":"#2"}}},{"from":[6.9,13.9,5.9],"to":[11.1,22.1,10.1],"faces":{"north":{"uv":[6.0,0.0,8.0,4.0],"texture":"#2","tintindex":0},"east":{"uv":[6.0,0.0,8.0,4.0],"texture":"#2","tintindex":0},"south":{"uv":[6.0,0.0,8.0,4.0],"texture":"#2","tintindex":0},"west":{"uv":[6.0,0.0,8.0,4.0],"texture":"#2","tintindex":0},"up":{"uv":[6.0,4.0,8.0,6.0],"texture":"#2","tintindex":0}}},{"from":[6.9,14.4,5.9],"to":[11.1,22.6,10.1],"faces":{"north":{"uv":[10.0,0.0,12.0,4.0],"texture":"#2","tintindex":0},"east":{"uv":[10.0,0.0,12.0,4.0],"texture":"#2","tintindex":0},"south":{"uv":[10.0,0.0,12.0,4.0],"texture":"#2","tintindex":0},"west":{"uv":[10.0,0.0,12.0,4.0],"texture":"#2","tintindex":0},"up":{"uv":[10.0,4.0,12.0,6.0],"texture":"#2","tintindex":0}}},{"from":[7.5,5.5,3.5],"to":[10.5,11.5,6.5],"faces":{"north":{"uv":[3.0,6.0,1.5,9.0],"texture":"#2"},"east":{"uv":[1.5,6.0,0.0,9.0],"texture":"#2"},"south":{"uv":[4.5,6.0,6.0,9.0],"texture":"#2"},"west":{"uv":[0.0,6.0,1.5,9.0],"texture":"#2"},"up":{"uv":[4.5,6.0,3.0,7.5],"texture":"#2"},"down":{"uv":[3.0,7.5,4.5,9.0],"texture":"#2"}}},{"from":[3.0,10.5,8.0],"to":[7.0,18.5,8.0],"faces":{"north":{"uv":[8.0,0.0,10.0,4.0],"texture":"#2"},"south":{"uv":[10.0,0.0,8.0,4.0],"texture":"#2"}}},{"from":[11.5,23.5,10.5],"to":[6.5,13.5,5.5],"faces":{"north":{"uv":[3.0,6.0,3.33333,6.33333],"texture":"#1"},"east":{"uv":[3.0,6.0,3.33333,6.33333],"texture":"#1"},"south":{"uv":[3.0,6.0,3.33333,6.33333],"texture":"#1"},"west":{"uv":[3.0,6.0,3.33333,6.33333],"texture":"#1"},"up":{"uv":[3.0,6.0,3.33333,6.33333],"texture":"#1"},"down":{"uv":[3.0,6.0,3.33333,6.33333],"texture":"#1"}}},{"from":[7.5,5.5,9.5],"to":[10.5,11.5,12.5],"rotation":{"angle":0.0,"axis":"y","origin":[0.0,0.0,16.0]},"faces":{"north":{"uv":[6.0,6.0,4.5,9.0],"texture":"#2"},"east":{"uv":[0.0,6.0,1.5,9.0],"texture":"#2"},"south":{"uv":[1.5,6.0,3.0,9.0],"texture":"#2"},"west":{"uv":[1.5,6.0,0.0,9.0],"texture":"#2"},"up":{"uv":[4.5,7.5,3.0,6.0],"texture":"#2"},"down":{"uv":[3.0,9.0,4.5,7.5],"texture":"#2"}}},{"from":[7.5,5.5,4.5],"to":[10.5,11.5,7.5],"faces":{"north":{"uv":[3.0,9.0,1.5,12.0],"texture":"#2"},"east":{"uv":[1.5,9.0,0.0,12.0],"texture":"#2"},"south":{"uv":[4.5,9.0,6.0,12.0],"texture":"#2"},"west":{"uv":[0.0,9.0,1.5,12.0],"texture":"#2"},"up":{"uv":[4.5,9.0,3.0,10.5],"texture":"#2"},"down":{"uv":[3.0,10.5,4.5,12.0],"texture":"#2"}}},{"from":[7.5,5.5,8.5],"to":[10.5,11.5,11.5],"rotation":{"angle":0.0,"axis":"y","origin":[0.0,0.0,16.0]},"faces":{"north":{"uv":[6.0,9.0,4.5,12.0],"texture":"#2"},"east":{"uv":[0.0,9.0,1.5,12.0],"texture":"#2"},"south":{"uv":[1.5,9.0,3.0,12.0],"texture":"#2"},"west":{"uv":[1.5,9.0,0.0,12.0],"texture":"#2"},"up":{"uv":[4.5,10.5,3.0,9.0],"texture":"#2"},"down":{"uv":[3.0,12.0,4.5,10.5],"texture":"#2"}}}],"display":{"thirdperson_righthand":{"translation":[1.25,-2.0,-3.0],"rotation":[-90.0,0.0,180.0],"scale":[1.13476,1.13476,1.13476]},"thirdperson_lefthand":{"translation":[1.25,-2.0,-3.0],"rotation":[90.0,0.0,0.0],"scale":[1.13476,1.13476,1.13476]},"firstperson_righthand":{"translation":[4.38,3.95,-3.12],"rotation":[-63.4,-3.87,-168.78],"scale":[0.53547,0.53547,0.53547]},"firstperson_lefthand":{"translation":[3.63,3.95,-3.12],"rotation":[107.85,3.59,-5.47],"scale":[0.53547,0.53547,0.53547]},"ground":{"translation":[0.0,4.25,0.0],"scale":[0.43945,0.43945,0.43945]},"gui":{"translation":[-3.0,-3.5,0.0],"rotation":[129.36,29.78,-132.06],"scale":[0.775,0.775,0.775]},"head":{"translation":[0.0,-20.25,8.0],"rotation":[0.0,90.0,0.0],"scale":[1.7543,1.7543,1.7543]}},"credit":"Made with Blockbench","gui_light":"front"}