{"textures":{"1":"mcc:island_cosmetics/general/hat/butterfly_antenna/butterfly_antenna_anim","3":"mcc:island_cosmetics/general/accessory/nectar_fist/nectar_fist","particle":"mcc:island_cosmetics/general/hat/butterfly_antenna/butterfly_antenna_anim"},"elements":[{"from":[5.5,3.5,5.5],"to":[10.5,13.5,10.5],"rotation":{"angle":0.0,"axis":"y","origin":[7.0,0.0,7.0]},"faces":{"north":{"uv":[0.0,6.0,5.0,16.0],"texture":"#3"},"east":{"uv":[4.0,6.0,9.0,16.0],"texture":"#3"},"south":{"uv":[0.0,6.0,5.0,16.0],"texture":"#3"},"west":{"uv":[4.0,6.0,9.0,16.0],"texture":"#3"},"down":{"uv":[10.0,11.0,5.0,16.0],"texture":"#3"}}},{"from":[10.5,13.5,10.5],"to":[5.5,3.5,5.5],"rotation":{"angle":0.0,"axis":"y","origin":[7.0,0.0,7.0]},"faces":{"north":{"uv":[0.0,16.0,5.0,6.0],"texture":"#3"},"east":{"uv":[4.0,16.0,9.0,6.0],"texture":"#3"},"south":{"uv":[0.0,16.0,5.0,6.0],"texture":"#3"},"west":{"uv":[4.0,16.0,9.0,6.0],"texture":"#3"},"up":{"uv":[5.0,11.0,10.0,16.0],"texture":"#3"}}},{"from":[5.5,13.5,10.5],"to":[7.5,16.5,10.5],"rotation":{"angle":0.0,"axis":"y","origin":[7.0,0.0,7.0]},"faces":{"north":{"uv":[0.0,3.0,2.0,6.0],"texture":"#3"},"east":{"uv":[0.0,0.0,0.0,3.0],"texture":"#3"},"south":{"uv":[0.0,3.0,2.0,6.0],"texture":"#3"},"west":{"uv":[0.0,0.0,0.0,3.0],"texture":"#3"},"down":{"uv":[10.0,11.0,5.0,16.0],"texture":"#3"}}},{"from":[9.5,13.5,10.5],"to":[10.5,15.5,10.5],"rotation":{"angle":0.0,"axis":"y","origin":[10.0,0.0,7.0]},"faces":{"north":{"uv":[4.0,4.0,5.0,6.0],"texture":"#3"},"east":{"uv":[0.0,0.0,0.0,3.0],"texture":"#3"},"south":{"uv":[4.0,4.0,5.0,6.0],"texture":"#3"},"west":{"uv":[0.0,0.0,0.0,3.0],"texture":"#3"},"down":{"uv":[10.0,11.0,5.0,16.0],"texture":"#3"}}},{"from":[7.5,13.5,10.5],"to":[9.5,14.5,10.5],"rotation":{"angle":0.0,"axis":"y","origin":[9.0,0.0,7.0]},"faces":{"north":{"uv":[2.0,5.0,4.0,6.0],"texture":"#3"},"east":{"uv":[0.0,0.0,0.0,3.0],"texture":"#3"},"south":{"uv":[2.0,5.0,4.0,6.0],"texture":"#3"},"west":{"uv":[0.0,0.0,0.0,3.0],"texture":"#3"},"down":{"uv":[10.0,11.0,5.0,16.0],"texture":"#3"}}},{"from":[8.5,13.5,5.5],"to":[10.5,16.5,5.5],"rotation":{"angle":0.0,"axis":"y","origin":[9.0,0.0,9.0]},"faces":{"north":{"uv":[0.0,3.0,2.0,6.0],"texture":"#3"},"east":{"uv":[0.0,0.0,0.0,3.0],"texture":"#3"},"south":{"uv":[0.0,3.0,2.0,6.0],"texture":"#3"},"west":{"uv":[0.0,0.0,0.0,3.0],"texture":"#3"},"down":{"uv":[5.0,16.0,10.0,11.0],"texture":"#3"}}},{"from":[5.5,13.5,5.5],"to":[6.5,15.5,5.5],"rotation":{"angle":0.0,"axis":"y","origin":[6.0,0.0,9.0]},"faces":{"north":{"uv":[4.0,4.0,5.0,6.0],"texture":"#3"},"east":{"uv":[0.0,0.0,0.0,3.0],"texture":"#3"},"south":{"uv":[4.0,4.0,5.0,6.0],"texture":"#3"},"west":{"uv":[0.0,0.0,0.0,3.0],"texture":"#3"},"down":{"uv":[5.0,16.0,10.0,11.0],"texture":"#3"}}},{"from":[6.5,13.5,5.5],"to":[8.5,14.5,5.5],"rotation":{"angle":0.0,"axis":"y","origin":[7.0,0.0,9.0]},"faces":{"north":{"uv":[2.0,5.0,4.0,6.0],"texture":"#3"},"east":{"uv":[0.0,0.0,0.0,3.0],"texture":"#3"},"south":{"uv":[2.0,5.0,4.0,6.0],"texture":"#3"},"west":{"uv":[0.0,0.0,0.0,3.0],"texture":"#3"},"down":{"uv":[5.0,16.0,10.0,11.0],"texture":"#3"}}},{"from":[10.5,13.5,5.5],"to":[10.5,16.5,7.5],"rotation":{"angle":0.0,"axis":"y","origin":[10.5,14.5,8.25]},"faces":{"north":{"uv":[0.0,0.0,0.0,3.0],"texture":"#3"},"east":{"uv":[7.0,3.0,9.0,6.0],"texture":"#3"},"south":{"uv":[0.0,0.0,0.0,3.0],"texture":"#3"},"west":{"uv":[7.0,3.0,9.0,6.0],"texture":"#3"},"down":{"uv":[5.0,16.0,10.0,11.0],"texture":"#3","rotation":90}}},{"from":[10.5,13.5,9.5],"to":[10.5,15.5,10.5],"rotation":{"angle":0.0,"axis":"y","origin":[10.5,14.5,8.25]},"faces":{"north":{"uv":[0.0,0.0,0.0,3.0],"texture":"#3"},"east":{"uv":[4.0,4.0,5.0,6.0],"texture":"#3"},"south":{"uv":[0.0,0.0,0.0,3.0],"texture":"#3"},"west":{"uv":[4.0,4.0,5.0,6.0],"texture":"#3"},"down":{"uv":[5.0,16.0,10.0,11.0],"texture":"#3","rotation":90}}},{"from":[10.5,13.5,7.5],"to":[10.5,14.5,9.5],"rotation":{"angle":0.0,"axis":"y","origin":[10.5,14.5,8.25]},"faces":{"north":{"uv":[0.0,0.0,0.0,3.0],"texture":"#3"},"east":{"uv":[5.0,5.0,7.0,6.0],"texture":"#3"},"south":{"uv":[0.0,0.0,0.0,3.0],"texture":"#3"},"west":{"uv":[5.0,5.0,7.0,6.0],"texture":"#3"},"down":{"uv":[5.0,16.0,10.0,11.0],"texture":"#3","rotation":90}}},{"from":[5.5,13.5,8.5],"to":[5.5,16.5,10.5],"rotation":{"angle":0.0,"axis":"y","origin":[5.5,14.5,7.75]},"faces":{"north":{"uv":[0.0,0.0,0.0,3.0],"texture":"#3"},"east":{"uv":[7.0,3.0,9.0,6.0],"texture":"#3"},"south":{"uv":[0.0,0.0,0.0,3.0],"texture":"#3"},"west":{"uv":[7.0,3.0,9.0,6.0],"texture":"#3"},"down":{"uv":[10.0,11.0,5.0,16.0],"texture":"#3","rotation":90}}},{"from":[5.5,13.5,6.5],"to":[5.5,14.5,8.5],"rotation":{"angle":0.0,"axis":"y","origin":[5.5,14.5,7.75]},"faces":{"north":{"uv":[0.0,0.0,0.0,3.0],"texture":"#3"},"east":{"uv":[5.0,5.0,7.0,6.0],"texture":"#3"},"south":{"uv":[0.0,0.0,0.0,3.0],"texture":"#3"},"west":{"uv":[5.0,5.0,7.0,6.0],"texture":"#3"},"down":{"uv":[10.0,11.0,5.0,16.0],"texture":"#3","rotation":90}}},{"from":[5.5,13.5,5.5],"to":[5.5,15.5,6.5],"rotation":{"angle":0.0,"axis":"y","origin":[5.5,14.5,7.75]},"faces":{"north":{"uv":[0.0,0.0,0.0,3.0],"texture":"#3"},"east":{"uv":[4.0,4.0,5.0,6.0],"texture":"#3"},"south":{"uv":[0.0,0.0,0.0,3.0],"texture":"#3"},"west":{"uv":[4.0,4.0,5.0,6.0],"texture":"#3"},"down":{"uv":[10.0,11.0,5.0,16.0],"texture":"#3","rotation":90}}},{"from":[4.5,2.5,4.5],"to":[7.5,6.5,8.5],"rotation":{"angle":0.0,"axis":"y","origin":[7.0,0.0,7.0]},"faces":{"north":{"uv":[5.0,3.0,8.0,7.0],"texture":"#3"},"east":{"uv":[2.0,3.0,6.0,7.0],"texture":"#3"},"south":{"uv":[0.0,3.0,3.0,7.0],"texture":"#3"},"west":{"uv":[7.0,3.0,11.0,7.0],"texture":"#3"},"up":{"uv":[3.0,4.0,0.0,0.0],"texture":"#3"},"down":{"uv":[7.0,4.0,4.0,8.0],"texture":"#3"}}},{"from":[8.96508,-4.5,9.18925],"to":[9.96508,6.5,9.18925],"rotation":{"angle":22.5,"axis":"y","origin":[8.0,4.0,7.5]},"faces":{"north":{"uv":[6.0,0.0,7.0,11.0],"texture":"#1"},"east":{"uv":[0.0,0.0,0.0,11.0],"texture":"#1"},"south":{"uv":[6.0,0.0,7.0,11.0],"texture":"#1"},"west":{"uv":[0.0,0.0,0.0,11.0],"texture":"#1"},"up":{"uv":[0.0,0.0,0.0,1.0],"texture":"#1","rotation":90},"down":{"uv":[0.0,0.0,0.0,1.0],"texture":"#1","rotation":270}}},{"from":[5.5,-7.5,10.0],"to":[6.5,3.5,10.0],"rotation":{"angle":-45.0,"axis":"y","origin":[6.0,-4.5,10.0]},"faces":{"north":{"uv":[0.0,0.0,1.0,11.0],"texture":"#1"},"east":{"uv":[0.0,0.0,0.0,11.0],"texture":"#1"},"south":{"uv":[0.0,0.0,1.0,11.0],"texture":"#1"},"west":{"uv":[0.0,0.0,0.0,11.0],"texture":"#1"},"up":{"uv":[0.0,0.0,0.0,1.0],"texture":"#1","rotation":90},"down":{"uv":[0.0,0.0,0.0,1.0],"texture":"#1","rotation":270}}},{"from":[8.0,-8.5,4.17157],"to":[8.0,2.5,5.17157],"rotation":{"angle":45.0,"axis":"y","origin":[8.0,3.0,7.5]},"faces":{"north":{"uv":[0.0,0.0,0.0,11.0],"texture":"#1"},"east":{"uv":[3.0,0.0,4.0,11.0],"texture":"#1"},"south":{"uv":[0.0,0.0,0.0,11.0],"texture":"#1"},"west":{"uv":[3.0,0.0,4.0,11.0],"texture":"#1"},"up":{"uv":[0.0,0.0,0.0,1.0],"texture":"#1"},"down":{"uv":[0.0,0.0,0.0,1.0],"texture":"#1"}}}],"display":{"thirdperson_righthand":{"translation":[0.0,-2.0,3.75],"rotation":[90.0,0.0,0.0]},"thirdperson_lefthand":{"translation":[0.0,-2.0,3.75],"rotation":[90.0,0.0,0.0]},"firstperson_righthand":{"translation":[9.0,-1.0,-7.25],"rotation":[96.92,60.57,16.93],"scale":[0.87696,0.87696,0.87696]},"firstperson_lefthand":{"translation":[9.0,-1.0,-7.25],"rotation":[96.92,60.57,16.93],"scale":[0.87696,0.87696,0.87696]},"ground":{"translation":[0.0,5.5,0.0],"scale":[0.65,0.65,0.65]},"gui":{"translation":[1.0,0.5,0.0],"rotation":[-24.44,-55.19,-68.14],"scale":[0.85509,0.85509,0.85509]},"head":{"translation":[0.0,-30.25,0.0],"scale":[1.6,1.6,1.6]},"fixed":{"translation":[0.0,0.0,-1.0]}},"gui_light":"front"}