{"textures":{"7":"mcc:island_cosmetics/general/hat/krate/krate_anim","9":"mcc:island_cosmetics/general/accessory/box_o_explosives/box_o_explosives","particle":"mcc:island_cosmetics/general/hat/krate/krate_anim"},"elements":[{"from":[4.73861,9.3725,4.82324],"to":[11.27861,15.9125,11.36324],"rotation":{"angle":0.0,"axis":"y","origin":[5.82861,-6.9775,-0.62676]},"faces":{"north":{"uv":[0.0,0.0,3.0,3.0],"texture":"#9"},"east":{"uv":[0.0,0.0,3.0,3.0],"texture":"#9"},"south":{"uv":[0.0,0.0,3.0,3.0],"texture":"#9"},"west":{"uv":[0.0,0.0,3.0,3.0],"texture":"#9"},"up":{"uv":[0.0,0.0,3.0,3.0],"texture":"#9"},"down":{"uv":[0.0,0.0,3.0,3.0],"texture":"#9"}}},{"from":[5.01111,15.9125,8.09324],"to":[7.19111,19.1825,10.27324],"rotation":{"angle":22.5,"axis":"z","origin":[6.91861,17.5475,9.18324]},"faces":{"north":{"uv":[7.0,0.0,8.0,2.0],"texture":"#9"},"east":{"uv":[7.0,0.0,8.0,2.0],"texture":"#9"},"south":{"uv":[7.0,0.0,8.0,2.0],"texture":"#9"},"west":{"uv":[7.0,0.0,8.0,2.0],"texture":"#9"},"up":{"uv":[7.0,2.0,8.0,3.0],"texture":"#9"}}},{"from":[5.82861,15.9125,4.82324],"to":[8.00861,20.2725,7.00324],"rotation":{"angle":-22.5,"axis":"x","origin":[6.91861,18.0925,7.00324]},"faces":{"north":{"uv":[7.0,0.0,8.0,2.0],"texture":"#9"},"east":{"uv":[7.0,0.0,8.0,2.0],"texture":"#9"},"south":{"uv":[7.0,0.0,8.0,2.0],"texture":"#9"},"west":{"uv":[7.0,0.0,8.0,2.0],"texture":"#9"},"up":{"uv":[7.0,2.0,8.0,3.0],"texture":"#9"}}},{"from":[8.82611,15.9125,8.09324],"to":[11.00611,18.0925,10.27324],"rotation":{"angle":-22.5,"axis":"z","origin":[9.09861,17.0025,9.18324]},"faces":{"north":{"uv":[7.0,0.0,8.0,2.0],"texture":"#9"},"east":{"uv":[7.0,0.0,8.0,2.0],"texture":"#9"},"south":{"uv":[7.0,0.0,8.0,2.0],"texture":"#9"},"west":{"uv":[7.0,0.0,8.0,2.0],"texture":"#9"},"up":{"uv":[7.0,2.0,8.0,3.0],"texture":"#9"}}},{"from":[8.00861,15.9125,5.91324],"to":[10.18861,19.1825,8.09324],"rotation":{"angle":0.0,"axis":"y","origin":[5.82861,-6.9775,-0.62676]},"faces":{"north":{"uv":[7.0,0.0,8.0,2.0],"texture":"#9"},"east":{"uv":[7.0,0.0,8.0,2.0],"texture":"#9"},"south":{"uv":[7.0,0.0,8.0,2.0],"texture":"#9"},"west":{"uv":[7.0,0.0,8.0,2.0],"texture":"#9"},"up":{"uv":[7.0,2.0,8.0,3.0],"texture":"#9"}}},{"from":[4.30261,8.9365,4.38724],"to":[11.71461,16.3485,11.79924],"rotation":{"angle":0.0,"axis":"y","origin":[5.82861,-6.9775,-0.62676]},"faces":{"north":{"uv":[3.5,0.0,7.0,3.5],"texture":"#9"},"east":{"uv":[3.5,0.0,7.0,3.5],"texture":"#9"},"south":{"uv":[3.5,0.0,7.0,3.5],"texture":"#9"},"west":{"uv":[3.5,0.0,7.0,3.5],"texture":"#9"},"up":{"uv":[3.5,0.0,7.0,3.5],"texture":"#9"},"down":{"uv":[3.5,0.0,7.0,3.5],"texture":"#9"}}},{"from":[11.71461,16.3485,11.79924],"to":[4.30261,8.9365,4.38724],"rotation":{"angle":0.0,"axis":"y","origin":[5.82861,-6.9775,-0.62676]},"faces":{"north":{"uv":[3.5,3.5,7.0,0.0],"texture":"#9"},"east":{"uv":[3.5,3.5,7.0,0.0],"texture":"#9"},"south":{"uv":[3.5,3.5,7.0,0.0],"texture":"#9"},"west":{"uv":[3.5,3.5,7.0,0.0],"texture":"#9"},"up":{"uv":[7.0,0.0,3.5,3.5],"texture":"#9"},"down":{"uv":[7.0,0.0,3.5,3.5],"texture":"#9"}}},{"from":[6.37361,20.2725,5.91324],"to":[7.46361,22.4525,5.91324],"rotation":{"angle":-22.5,"axis":"x","origin":[6.91861,18.0925,7.00324]},"faces":{"north":{"uv":[8.0,0.0,8.5,1.0],"texture":"#9"},"east":{"uv":[7.0,0.0,8.0,2.0],"texture":"#9"},"south":{"uv":[8.0,0.0,8.5,1.0],"texture":"#9"},"west":{"uv":[7.0,0.0,8.0,2.0],"texture":"#9"},"up":{"uv":[7.0,2.0,8.0,3.0],"texture":"#9"}}},{"from":[5.78542,19.1197,9.18324],"to":[6.87542,21.2997,9.18324],"rotation":{"angle":22.5,"axis":"z","origin":[6.87542,16.9397,9.18324]},"faces":{"north":{"uv":[8.0,0.0,8.5,1.0],"texture":"#9"},"east":{"uv":[7.0,0.0,8.0,2.0],"texture":"#9"},"south":{"uv":[8.0,0.0,8.5,1.0],"texture":"#9"},"west":{"uv":[7.0,0.0,8.0,2.0],"texture":"#9"},"up":{"uv":[7.0,2.0,8.0,3.0],"texture":"#9"}}},{"from":[8.55361,19.09953,7.13111],"to":[9.64361,21.27953,7.13111],"rotation":{"angle":0.0,"axis":"y","origin":[9.64361,20.18953,5.49611]},"faces":{"north":{"uv":[8.0,0.0,8.5,1.0],"texture":"#9"},"east":{"uv":[7.0,0.0,8.0,2.0],"texture":"#9"},"south":{"uv":[8.0,0.0,8.5,1.0],"texture":"#9"},"west":{"uv":[7.0,0.0,8.0,2.0],"texture":"#9"},"up":{"uv":[7.0,2.0,8.0,3.0],"texture":"#9"}}},{"from":[8.85027,17.65406,9.18324],"to":[9.94027,19.83406,9.18324],"rotation":{"angle":-22.5,"axis":"z","origin":[9.94027,15.47406,9.18324]},"faces":{"north":{"uv":[8.0,0.0,8.5,1.0],"texture":"#9"},"east":{"uv":[7.0,0.0,8.0,2.0],"texture":"#9"},"south":{"uv":[8.0,0.0,8.5,1.0],"texture":"#9"},"west":{"uv":[7.0,0.0,8.0,2.0],"texture":"#9"},"up":{"uv":[7.0,2.0,8.0,3.0],"texture":"#9"}}},{"from":[-0.20593,19.43984,7.46927],"to":[9.79407,25.43984,7.46927],"rotation":{"angle":-45.0,"axis":"z","origin":[4.29407,18.78984,7.46927]},"faces":{"north":{"uv":[3.5,2.0,0.0,7.5],"texture":"#7","rotation":270},"south":{"uv":[0.0,2.0,3.5,7.5],"texture":"#7","rotation":90}}},{"from":[5.80161,7.9855,5.88624],"to":[10.21561,13.3995,10.30024],"rotation":{"angle":0.0,"axis":"y","origin":[5.82861,-6.9775,-0.62676]},"faces":{"north":{"uv":[0.0,5.5,2.0,8.0],"texture":"#9","tintindex":0},"east":{"uv":[0.0,5.5,2.0,8.0],"texture":"#9","tintindex":0},"south":{"uv":[0.0,5.5,2.0,8.0],"texture":"#9","tintindex":0},"west":{"uv":[0.0,5.5,2.0,8.0],"texture":"#9","tintindex":0}}},{"from":[10.21561,13.3995,10.30024],"to":[5.80161,7.9855,5.88624],"rotation":{"angle":0.0,"axis":"y","origin":[5.82861,-6.9775,-0.62676]},"faces":{"north":{"uv":[0.0,8.0,2.0,5.5],"texture":"#9","tintindex":0},"east":{"uv":[0.0,8.0,2.0,5.5],"texture":"#9","tintindex":0},"south":{"uv":[0.0,8.0,2.0,5.5],"texture":"#9","tintindex":0},"west":{"uv":[0.0,8.0,2.0,5.5],"texture":"#9","tintindex":0}}},{"from":[5.30161,7.7355,5.38624],"to":[10.71561,9.1495,10.80024],"rotation":{"angle":0.0,"axis":"y","origin":[5.82861,-6.9775,-0.62676]},"faces":{"north":{"uv":[1.0,4.5,1.5,5.0],"texture":"#9","tintindex":0},"east":{"uv":[1.0,4.5,1.5,5.0],"texture":"#9","tintindex":0},"south":{"uv":[1.0,4.5,1.5,5.0],"texture":"#9","tintindex":0},"west":{"uv":[1.0,4.5,1.5,5.0],"texture":"#9","tintindex":0}}},{"from":[5.50161,3.6855,5.58624],"to":[10.51561,8.6995,10.60024],"rotation":{"angle":0.0,"axis":"y","origin":[5.82861,-6.9775,-0.62676]},"faces":{"north":{"uv":[0.0,3.5,2.0,5.5],"texture":"#9","tintindex":0},"east":{"uv":[4.0,3.5,6.0,5.5],"texture":"#9","tintindex":0},"south":{"uv":[2.0,3.5,0.0,5.5],"texture":"#9","tintindex":0},"west":{"uv":[2.0,3.5,4.0,5.5],"texture":"#9","tintindex":0},"up":{"uv":[0.0,3.5,0.5,4.0],"texture":"#9","tintindex":0},"down":{"uv":[6.0,3.5,8.0,5.5],"texture":"#9","tintindex":0}}},{"from":[10.71561,9.1495,10.80024],"to":[5.30161,7.7355,5.38624],"rotation":{"angle":0.0,"axis":"y","origin":[5.82861,-6.9775,-0.62676]},"faces":{"north":{"uv":[1.0,5.0,1.5,4.5],"texture":"#9","tintindex":0},"east":{"uv":[1.0,5.0,1.5,4.5],"texture":"#9","tintindex":0},"south":{"uv":[1.0,5.0,1.5,4.5],"texture":"#9","tintindex":0},"west":{"uv":[1.0,5.0,1.5,4.5],"texture":"#9","tintindex":0}}},{"from":[5.80161,5.9855,5.88624],"to":[10.21561,10.1495,10.30024],"rotation":{"angle":0.0,"axis":"y","origin":[5.82861,-6.9775,-0.62676]},"faces":{"north":{"uv":[8.0,5.5,10.0,8.0],"texture":"#9"},"east":{"uv":[8.0,5.5,10.0,8.0],"texture":"#9"},"south":{"uv":[8.0,5.5,10.0,8.0],"texture":"#9"},"west":{"uv":[8.0,5.5,10.0,8.0],"texture":"#9"}}},{"from":[5.30161,5.7355,5.38624],"to":[10.71561,7.1495,10.80024],"rotation":{"angle":0.0,"axis":"y","origin":[5.82861,-6.9775,-0.62676]},"faces":{"north":{"uv":[9.0,4.5,9.5,5.0],"texture":"#9","tintindex":0},"east":{"uv":[9.0,4.5,9.5,5.0],"texture":"#9","tintindex":0},"south":{"uv":[9.0,4.5,9.5,5.0],"texture":"#9","tintindex":0},"west":{"uv":[9.0,4.5,9.5,5.0],"texture":"#9","tintindex":0}}},{"from":[5.50161,1.6855,5.58624],"to":[10.51561,6.6995,10.60024],"rotation":{"angle":0.0,"axis":"y","origin":[5.82861,-6.9775,-0.62676]},"faces":{"north":{"uv":[8.0,3.5,10.0,5.5],"texture":"#9","tintindex":0},"east":{"uv":[12.0,3.5,14.0,5.5],"texture":"#9","tintindex":0},"south":{"uv":[10.0,3.5,8.0,5.5],"texture":"#9","tintindex":0},"west":{"uv":[10.0,3.5,12.0,5.5],"texture":"#9","tintindex":0},"up":{"uv":[8.0,3.5,8.5,4.0],"texture":"#9","tintindex":0},"down":{"uv":[14.0,3.5,16.0,5.5],"texture":"#9","tintindex":0}}},{"from":[10.71561,7.1495,10.80024],"to":[5.30161,5.7355,5.38624],"rotation":{"angle":0.0,"axis":"y","origin":[5.82861,-6.9775,-0.62676]},"faces":{"north":{"uv":[9.0,5.0,9.5,4.5],"texture":"#9","tintindex":0},"east":{"uv":[9.0,5.0,9.5,4.5],"texture":"#9","tintindex":0},"south":{"uv":[9.0,5.0,9.5,4.5],"texture":"#9","tintindex":0},"west":{"uv":[9.0,5.0,9.5,4.5],"texture":"#9","tintindex":0}}},{"from":[5.80161,4.9855,5.88624],"to":[10.21561,10.3995,10.30024],"rotation":{"angle":0.0,"axis":"y","origin":[5.82861,-6.9775,-0.62676]},"faces":{"north":{"uv":[0.0,10.0,2.0,12.5],"texture":"#9"},"east":{"uv":[0.0,10.0,2.0,12.5],"texture":"#9"},"south":{"uv":[0.0,10.0,2.0,12.5],"texture":"#9"},"west":{"uv":[0.0,10.0,2.0,12.5],"texture":"#9"}}},{"from":[10.21561,10.3995,10.30024],"to":[5.80161,4.9855,5.88624],"rotation":{"angle":0.0,"axis":"y","origin":[5.82861,-6.9775,-0.62676]},"faces":{"north":{"uv":[0.0,12.5,2.0,10.0],"texture":"#9"},"east":{"uv":[0.0,12.5,2.0,10.0],"texture":"#9"},"south":{"uv":[0.0,12.5,2.0,10.0],"texture":"#9"},"west":{"uv":[0.0,12.5,2.0,10.0],"texture":"#9"}}},{"from":[5.30161,4.7355,5.38624],"to":[10.71561,6.1495,10.80024],"rotation":{"angle":0.0,"axis":"y","origin":[5.82861,-6.9775,-0.62676]},"faces":{"north":{"uv":[1.0,9.0,1.5,9.5],"texture":"#9","tintindex":0},"east":{"uv":[1.0,9.0,1.5,9.5],"texture":"#9","tintindex":0},"south":{"uv":[1.0,9.0,1.5,9.5],"texture":"#9","tintindex":0},"west":{"uv":[1.0,9.0,1.5,9.5],"texture":"#9","tintindex":0}}},{"from":[5.50161,0.6855,5.58624],"to":[10.51561,5.6995,10.60024],"rotation":{"angle":0.0,"axis":"y","origin":[5.82861,-6.9775,-0.62676]},"faces":{"north":{"uv":[0.0,8.0,2.0,10.0],"texture":"#9","tintindex":0},"east":{"uv":[4.0,8.0,6.0,10.0],"texture":"#9","tintindex":0},"south":{"uv":[2.0,8.0,0.0,10.0],"texture":"#9","tintindex":0},"west":{"uv":[2.0,8.0,4.0,10.0],"texture":"#9","tintindex":0},"up":{"uv":[0.0,8.0,0.5,8.5],"texture":"#9","tintindex":0},"down":{"uv":[6.0,8.0,8.0,10.0],"texture":"#9","tintindex":0}}},{"from":[10.71561,6.1495,10.80024],"to":[5.30161,4.7355,5.38624],"rotation":{"angle":0.0,"axis":"y","origin":[5.82861,-6.9775,-0.62676]},"faces":{"north":{"uv":[1.0,9.5,1.5,9.0],"texture":"#9","tintindex":0},"east":{"uv":[1.0,9.5,1.5,9.0],"texture":"#9","tintindex":0},"south":{"uv":[1.0,9.5,1.5,9.0],"texture":"#9","tintindex":0},"west":{"uv":[1.0,9.5,1.5,9.0],"texture":"#9","tintindex":0}}},{"from":[5.80161,4.4855,5.88624],"to":[10.21561,9.8995,10.30024],"rotation":{"angle":0.0,"axis":"y","origin":[5.82861,-6.9775,-0.62676]},"faces":{"north":{"uv":[8.0,10.0,10.0,12.5],"texture":"#9"},"east":{"uv":[8.0,10.0,10.0,12.5],"texture":"#9"},"south":{"uv":[8.0,10.0,10.0,12.5],"texture":"#9"},"west":{"uv":[8.0,10.0,10.0,12.5],"texture":"#9"}}},{"from":[10.21561,9.8995,10.30024],"to":[5.80161,4.4855,5.88624],"rotation":{"angle":0.0,"axis":"y","origin":[5.82861,-6.9775,-0.62676]},"faces":{"north":{"uv":[8.0,12.5,10.0,10.0],"texture":"#9"},"east":{"uv":[8.0,12.5,10.0,10.0],"texture":"#9"},"south":{"uv":[8.0,12.5,10.0,10.0],"texture":"#9"},"west":{"uv":[8.0,12.5,10.0,10.0],"texture":"#9"}}},{"from":[5.30161,4.2355,5.38624],"to":[10.71561,5.6495,10.80024],"rotation":{"angle":0.0,"axis":"y","origin":[5.82861,-6.9775,-0.62676]},"faces":{"north":{"uv":[9.0,9.0,9.5,9.5],"texture":"#9","tintindex":0},"east":{"uv":[9.0,9.0,9.5,9.5],"texture":"#9","tintindex":0},"south":{"uv":[9.0,9.0,9.5,9.5],"texture":"#9","tintindex":0},"west":{"uv":[9.0,9.0,9.5,9.5],"texture":"#9","tintindex":0}}},{"from":[5.50161,0.1855,5.58624],"to":[10.51561,5.1995,10.60024],"rotation":{"angle":0.0,"axis":"y","origin":[5.82861,-6.9775,-0.62676]},"faces":{"north":{"uv":[8.0,8.0,10.0,10.0],"texture":"#9","tintindex":0},"east":{"uv":[12.0,8.0,14.0,10.0],"texture":"#9","tintindex":0},"south":{"uv":[10.0,8.0,8.0,10.0],"texture":"#9","tintindex":0},"west":{"uv":[10.0,8.0,12.0,10.0],"texture":"#9","tintindex":0},"up":{"uv":[8.0,8.0,8.5,8.5],"texture":"#9","tintindex":0},"down":{"uv":[14.0,8.0,16.0,10.0],"texture":"#9","tintindex":0}}},{"from":[10.71561,5.6495,10.80024],"to":[5.30161,4.2355,5.38624],"rotation":{"angle":0.0,"axis":"y","origin":[5.82861,-6.9775,-0.62676]},"faces":{"north":{"uv":[9.0,9.5,9.5,9.0],"texture":"#9","tintindex":0},"east":{"uv":[9.0,9.5,9.5,9.0],"texture":"#9","tintindex":0},"south":{"uv":[9.0,9.5,9.5,9.0],"texture":"#9","tintindex":0},"west":{"uv":[9.0,9.5,9.5,9.0],"texture":"#9","tintindex":0}}}],"display":{"thirdperson_righthand":{"translation":[0.0,-1.75,3.75],"rotation":[-90.0,0.0,-180.0],"scale":[1.04883,1.04883,1.04883]},"thirdperson_lefthand":{"translation":[0.25,-1.75,4.25],"rotation":[90.0,0.0,0.0],"scale":[1.04883,1.04883,1.04883]},"firstperson_righthand":{"translation":[6.5,1.75,-5.75],"rotation":[84.99,-77.92,-43.46],"scale":[0.57031,0.57031,0.57031]},"firstperson_lefthand":{"translation":[6.5,1.75,-5.75],"rotation":[-54.35,76.45,177.13],"scale":[0.57031,0.57031,0.57031]},"ground":{"translation":[-0.75,16.75,0.0],"rotation":[0.0,0.0,45.0],"scale":[0.78516,0.78516,0.78516]},"gui":{"translation":[-2.0,-1.75,0.0],"rotation":[136.68,14.1,-142.64],"scale":[0.81835,0.81835,0.81835]},"head":{"translation":[0.0,6.25,0.0],"rotation":[1.75,0.0,0.0],"scale":[1.61172,1.61172,1.61172]}},"credit":"Made with Blockbench","gui_light":"front"}