{"textures":{"1":"mcc:island_cosmetics/general/accessory/frying_pan/frying_pan"},"elements":[{"from":[6.5,3.56827,9.38424],"to":[9.5,4.56827,17.38424],"rotation":{"angle":-22.5,"axis":"x","origin":[8.0,2.81827,13.13424]},"faces":{"north":{"uv":[3.0,4.0,0.0,5.0],"texture":"#1"},"east":{"uv":[0.0,4.0,1.0,12.0],"texture":"#1","rotation":90},"south":{"uv":[3.0,12.0,0.0,13.0],"texture":"#1"},"west":{"uv":[0.0,12.0,1.0,4.0],"texture":"#1","rotation":90},"up":{"uv":[0.0,4.0,3.0,12.0],"texture":"#1"},"down":{"uv":[0.0,4.0,3.0,12.0],"texture":"#1","rotation":180}}},{"from":[3.0,1.0,-1.0],"to":[13.0,3.0,9.0],"faces":{"north":{"uv":[3.0,10.0,13.0,12.0],"texture":"#1"},"east":{"uv":[3.0,10.0,13.0,12.0],"texture":"#1"},"south":{"uv":[3.0,10.0,13.0,12.0],"texture":"#1"},"west":{"uv":[3.0,10.0,13.0,12.0],"texture":"#1"},"down":{"uv":[3.0,0.0,13.0,10.0],"texture":"#1"}}},{"from":[13.0,3.0,9.0],"to":[3.0,1.0,-1.0],"faces":{"north":{"uv":[3.0,12.0,13.0,10.0],"texture":"#1"},"east":{"uv":[3.0,12.0,13.0,10.0],"texture":"#1"},"south":{"uv":[3.0,12.0,13.0,10.0],"texture":"#1"},"west":{"uv":[3.0,12.0,13.0,10.0],"texture":"#1"},"up":{"uv":[13.0,0.0,3.0,10.0],"texture":"#1"}}}],"display":{"thirdperson_righthand":{"translation":[0.25,5.5,1.0],"rotation":[54.5,-11.03,-1.1],"scale":[0.96133,0.96133,0.96133]},"thirdperson_lefthand":{"translation":[0.25,5.5,1.0],"rotation":[54.5,-11.03,-1.1],"scale":[0.96133,0.96133,0.96133]},"firstperson_righthand":{"translation":[7.75,2.0,-7.75],"rotation":[1.48,-7.17,24.1],"scale":[0.83399,0.83399,0.83399]},"firstperson_lefthand":{"translation":[7.75,2.0,-7.75],"rotation":[1.48,-7.17,24.1],"scale":[0.83399,0.83399,0.83399]},"ground":{"translation":[0.0,4.25,0.0],"scale":[0.43945,0.43945,0.43945]},"gui":{"translation":[-2.5,0.5,0.0],"rotation":[84.79,-33.69,24.68],"scale":[0.81212,0.81212,0.81212]},"head":{"translation":[0.0,4.25,0.0],"rotation":[0.0,3.25,0.0],"scale":[1.6,1.6,1.6]}},"credit":"Made with Blockbench","gui_light":"front"}