{"textures":{"1":"mcc:island_cosmetics/general/accessory/boxing_glove/boxing_glove"},"elements":[{"from":[4.5,4.0,4.5],"to":[11.5,10.0,11.5],"rotation":{"angle":0.0,"axis":"y","origin":[9.5,17.0,8.375]},"faces":{"north":{"uv":[4.0,0.5,0.5,3.5],"texture":"#1","tintindex":0},"east":{"uv":[10.5,3.5,7.0,6.5],"texture":"#1","tintindex":0},"south":{"uv":[4.0,6.5,7.5,9.5],"texture":"#1","tintindex":0},"west":{"uv":[9.0,0.5,5.5,3.5],"texture":"#1","tintindex":0},"up":{"uv":[4.0,5.0,0.5,8.5],"texture":"#1","tintindex":0},"down":{"uv":[7.5,6.5,11.0,10.0],"texture":"#1","tintindex":0}}},{"from":[5.5,10.0,5.5],"to":[10.5,13.0,10.5],"rotation":{"angle":0.0,"axis":"y","origin":[9.5,17.0,8.375]},"faces":{"north":{"uv":[3.0,3.5,0.5,5.0],"texture":"#1","tintindex":0},"east":{"uv":[3.0,3.5,0.5,5.0],"texture":"#1","tintindex":0},"south":{"uv":[3.0,3.5,0.5,5.0],"texture":"#1","tintindex":0},"west":{"uv":[3.0,3.5,0.5,5.0],"texture":"#1","tintindex":0},"up":{"uv":[12.0,0.5,9.5,3.0],"texture":"#1"}}},{"from":[5.3,9.8,5.3],"to":[10.7,13.2,10.7],"rotation":{"angle":0.0,"axis":"y","origin":[9.5,17.0,8.375]},"faces":{"north":{"uv":[7.0,5.0,4.5,6.5],"texture":"#1"},"east":{"uv":[7.0,5.0,4.5,6.5],"texture":"#1"},"south":{"uv":[7.0,5.0,4.5,6.5],"texture":"#1"},"west":{"uv":[7.0,3.5,4.5,5.0],"texture":"#1"},"up":{"uv":[0.0,0.0,0.0,0.0],"texture":"#1"},"down":{"uv":[0.0,0.0,0.0,0.0],"texture":"#1"}}},{"from":[10.7,13.2,10.7],"to":[5.3,9.8,5.3],"rotation":{"angle":0.0,"axis":"y","origin":[9.5,17.0,8.375]},"faces":{"north":{"uv":[7.0,6.5,4.5,5.0],"texture":"#1"},"east":{"uv":[7.0,5.0,4.5,3.5],"texture":"#1"},"south":{"uv":[7.0,6.5,4.5,5.0],"texture":"#1"},"west":{"uv":[7.0,6.5,4.5,5.0],"texture":"#1"},"up":{"uv":[0.0,0.0,0.0,0.0],"texture":"#1"},"down":{"uv":[0.0,0.0,0.0,0.0],"texture":"#1"}}}],"display":{"thirdperson_righthand":{"translation":[0.0,-2.0,1.0],"rotation":[-90.0,0.0,-180.0],"scale":[1.00821,1.00821,1.00821]},"thirdperson_lefthand":{"translation":[0.0,-2.0,1.0],"rotation":[90.0,0.0,0.0],"scale":[1.00821,1.00821,1.00821]},"firstperson_righthand":{"translation":[8.25,-0.5,-5.75],"rotation":[94.85,-72.09,-19.65],"scale":[0.74219,0.74219,0.74219]},"firstperson_lefthand":{"translation":[8.25,-1.0,-5.75],"rotation":[96.36,76.45,13.62],"scale":[0.74219,0.74219,0.74219]},"ground":{"translation":[0.0,4.25,0.0],"scale":[0.43945,0.43945,0.43945]},"gui":{"translation":[0.0,0.25,0.0],"rotation":[-148.33,-23.34,38.56],"scale":[1.11681,1.11681,1.11681]},"head":{"translation":[0.0,4.25,0.0],"rotation":[0.0,3.25,0.0],"scale":[1.6,1.6,1.6]}},"credit":"Made with Blockbench","ambientocclusion":false,"gui_light":"front"}