{"textures":{"3":"mcc:island_cosmetics/general/accessory/bubble_fist/bubble_fist","4":"mcc:island_cosmetics/general/accessory/bubble_fist/bubble_fist_anim"},"elements":[{"from":[5.25,9.0,6.0],"to":[10.25,20.0,11.0],"rotation":{"angle":0.0,"axis":"y","origin":[13.5,31.0,8.0]},"faces":{"north":{"uv":[1.0,2.0,6.0,13.0],"texture":"#4"},"east":{"uv":[1.0,2.0,6.0,13.0],"texture":"#4"},"south":{"uv":[1.0,2.0,6.0,13.0],"texture":"#4"},"west":{"uv":[1.0,2.0,6.0,13.0],"texture":"#4"}}},{"from":[5.25,4.0,6.0],"to":[10.25,9.0,11.0],"rotation":{"angle":0.0,"axis":"y","origin":[13.5,31.0,8.0]},"faces":{"north":{"uv":[0.0,0.0,1.25,1.25],"texture":"#3"},"east":{"uv":[0.0,0.0,1.25,1.25],"texture":"#3"},"south":{"uv":[0.0,0.0,1.25,1.25],"texture":"#3"},"west":{"uv":[0.0,0.0,1.25,1.25],"texture":"#3"},"up":{"uv":[1.25,0.0,2.5,1.25],"texture":"#3"},"down":{"uv":[2.5,0.0,3.75,1.25],"texture":"#3"}}},{"from":[8.25,6.0,5.0],"to":[11.25,9.0,8.0],"rotation":{"angle":0.0,"axis":"y","origin":[13.5,31.0,8.0]},"faces":{"north":{"uv":[0.0,1.25,0.75,2.0],"texture":"#3"},"east":{"uv":[0.0,1.25,0.75,2.0],"texture":"#3"},"south":{"uv":[0.0,1.25,0.75,2.0],"texture":"#3"},"west":{"uv":[0.0,1.25,0.75,2.0],"texture":"#3"},"up":{"uv":[0.75,1.25,1.5,2.0],"texture":"#3"},"down":{"uv":[1.5,1.25,2.25,2.0],"texture":"#3"}}},{"from":[4.25,3.0,5.0],"to":[7.25,6.0,8.0],"rotation":{"angle":0.0,"axis":"y","origin":[13.5,31.0,8.0]},"faces":{"north":{"uv":[0.0,1.25,0.75,2.0],"texture":"#3"},"east":{"uv":[0.0,1.25,0.75,2.0],"texture":"#3"},"south":{"uv":[0.0,1.25,0.75,2.0],"texture":"#3"},"west":{"uv":[0.0,1.25,0.75,2.0],"texture":"#3"},"up":{"uv":[0.75,1.25,1.5,2.0],"texture":"#3"},"down":{"uv":[1.5,1.25,2.25,2.0],"texture":"#3"}}},{"from":[3.25,5.0,9.0],"to":[6.25,8.0,12.0],"rotation":{"angle":0.0,"axis":"y","origin":[13.5,31.0,8.0]},"faces":{"north":{"uv":[0.0,1.25,0.75,2.0],"texture":"#3"},"east":{"uv":[0.0,1.25,0.75,2.0],"texture":"#3"},"south":{"uv":[0.0,1.25,0.75,2.0],"texture":"#3"},"west":{"uv":[0.0,1.25,0.75,2.0],"texture":"#3"},"up":{"uv":[0.75,1.25,1.5,2.0],"texture":"#3"},"down":{"uv":[1.5,1.25,2.25,2.0],"texture":"#3"}}},{"from":[10.25,20.0,11.0],"to":[5.25,9.0,6.0],"rotation":{"angle":0.0,"axis":"y","origin":[13.5,31.0,8.0]},"faces":{"north":{"uv":[1.0,13.0,6.0,2.0],"texture":"#4"},"east":{"uv":[1.0,13.0,6.0,2.0],"texture":"#4"},"south":{"uv":[1.0,13.0,6.0,2.0],"texture":"#4"},"west":{"uv":[1.0,13.0,6.0,2.0],"texture":"#4"}}},{"from":[8.25,3.0,9.0],"to":[11.25,6.0,12.0],"rotation":{"angle":0.0,"axis":"y","origin":[13.5,31.0,8.0]},"faces":{"north":{"uv":[0.0,1.25,0.75,2.0],"texture":"#3"},"east":{"uv":[0.0,1.25,0.75,2.0],"texture":"#3"},"south":{"uv":[0.0,1.25,0.75,2.0],"texture":"#3"},"west":{"uv":[0.0,1.25,0.75,2.0],"texture":"#3"},"up":{"uv":[0.75,1.25,1.5,2.0],"texture":"#3"},"down":{"uv":[1.5,1.25,2.25,2.0],"texture":"#3"}}}],"display":{"thirdperson_righthand":{"translation":[0.25,-1.75,-0.25],"rotation":[90.0,-90.0,0.0],"scale":[1.02539,1.02539,1.02539]},"thirdperson_lefthand":{"translation":[0.25,-1.75,-0.25],"rotation":[90.0,-90.0,0.0],"scale":[1.02539,1.02539,1.02539]},"firstperson_righthand":{"translation":[2.13,3.95,0.38],"rotation":[129.71,25.22,-2.98],"scale":[0.47492,0.47492,0.47492]},"firstperson_lefthand":{"translation":[2.13,3.95,0.38],"rotation":[129.71,25.22,-2.98],"scale":[0.47492,0.47492,0.47492]},"ground":{"translation":[1.25,13.5,-0.5],"rotation":[0.0,0.0,45.0],"scale":[0.75586,0.75586,0.75586]},"gui":{"translation":[-1.5,-1.0,0.0],"rotation":[58.33,39.38,-56.6],"scale":[0.93125,0.93125,0.93125]}},"credit":"Made with Blockbench","gui_light":"front"}