{"textures":{"1":"mcc:island_cosmetics/general/accessory/clown_mallet/twisted"},"elements":[{"from":[7.0,-1.0,7.0],"to":[9.0,21.0,9.0],"rotation":{"angle":0.0,"axis":"y","origin":[8.0,-0.5,8.0]},"faces":{"north":{"uv":[15.0,0.0,16.0,11.0],"texture":"#1"},"east":{"uv":[15.0,0.0,16.0,11.0],"texture":"#1"},"south":{"uv":[15.0,0.0,16.0,11.0],"texture":"#1"},"west":{"uv":[15.0,0.0,16.0,11.0],"texture":"#1"},"up":{"uv":[15.5,10.0,16.0,10.5],"texture":"#1"},"down":{"uv":[15.5,10.0,16.0,10.5],"texture":"#1"}}},{"from":[6.8,0.8,6.8],"to":[9.2,9.2,9.2],"rotation":{"angle":0.0,"axis":"y","origin":[8.0,-0.5,8.0]},"faces":{"north":{"uv":[14.0,0.0,15.0,4.0],"texture":"#1","tintindex":0},"east":{"uv":[14.0,0.0,15.0,4.0],"texture":"#1","tintindex":0},"south":{"uv":[14.0,0.0,15.0,4.0],"texture":"#1","tintindex":0},"west":{"uv":[14.0,0.0,15.0,4.0],"texture":"#1","tintindex":0}}},{"from":[2.0,20.0,3.0],"to":[14.0,30.0,13.0],"rotation":{"angle":0.0,"axis":"y","origin":[8.0,26.0,8.0]},"faces":{"north":{"uv":[11.0,6.0,5.0,11.0],"texture":"#1"},"south":{"uv":[11.0,6.0,5.0,11.0],"texture":"#1"},"up":{"uv":[9.5,8.0,10.0,8.5],"texture":"#1"},"down":{"uv":[9.0,10.0,9.5,10.5],"texture":"#1"}}},{"from":[3.9,19.9,2.9],"to":[12.1,30.1,13.1],"rotation":{"angle":0.0,"axis":"y","origin":[8.0,26.0,8.0]},"faces":{"north":{"uv":[10.0,11.0,6.0,16.0],"texture":"#1","tintindex":0},"east":{"uv":[10.0,6.0,5.0,11.0],"texture":"#1"},"south":{"uv":[10.0,11.0,6.0,16.0],"texture":"#1","tintindex":0},"up":{"uv":[10.0,11.0,6.0,11.5],"texture":"#1","tintindex":0},"down":{"uv":[10.0,15.5,6.0,16.0],"texture":"#1","tintindex":0}}},{"from":[8.0,23.0,1.0],"to":[8.0,27.0,3.0],"rotation":{"angle":0.0,"axis":"y","origin":[8.0,26.0,8.0]},"faces":{"north":{"uv":[10.0,11.0,6.0,16.0],"texture":"#1","tintindex":0},"east":{"uv":[1.0,14.0,0.0,16.0],"texture":"#1"},"south":{"uv":[10.0,11.0,6.0,16.0],"texture":"#1","tintindex":0},"west":{"uv":[0.0,16.0,1.0,14.0],"texture":"#1"},"up":{"uv":[6.0,11.0,6.0,12.0],"texture":"#1","tintindex":0},"down":{"uv":[10.0,15.5,6.0,16.0],"texture":"#1","tintindex":0}}},{"from":[6.0,25.0,1.0],"to":[10.0,25.0,3.0],"rotation":{"angle":0.0,"axis":"z","origin":[8.0,26.0,2.0]},"faces":{"north":{"uv":[10.0,11.0,6.0,16.0],"texture":"#1","tintindex":0,"rotation":90},"east":{"uv":[10.0,15.5,6.0,16.0],"texture":"#1","tintindex":0,"rotation":270},"south":{"uv":[10.0,11.0,6.0,16.0],"texture":"#1","tintindex":0,"rotation":270},"west":{"uv":[6.0,11.0,6.0,12.0],"texture":"#1","tintindex":0,"rotation":270},"up":{"uv":[1.0,14.0,0.0,16.0],"texture":"#1","rotation":270},"down":{"uv":[0.0,16.0,1.0,14.0],"texture":"#1","rotation":270}}},{"from":[6.0,25.0,13.0],"to":[10.0,25.0,15.0],"rotation":{"angle":0.0,"axis":"z","origin":[8.0,26.0,14.0]},"faces":{"north":{"uv":[10.0,16.0,6.0,11.0],"texture":"#1","tintindex":0,"rotation":270},"east":{"uv":[10.0,16.0,6.0,15.5],"texture":"#1","tintindex":0,"rotation":270},"south":{"uv":[10.0,16.0,6.0,11.0],"texture":"#1","tintindex":0,"rotation":90},"west":{"uv":[6.0,12.0,6.0,11.0],"texture":"#1","tintindex":0,"rotation":270},"up":{"uv":[0.0,14.0,1.0,16.0],"texture":"#1","rotation":270},"down":{"uv":[1.0,16.0,0.0,14.0],"texture":"#1","rotation":270}}},{"from":[8.0,23.0,13.0],"to":[8.0,27.0,15.0],"rotation":{"angle":0.0,"axis":"y","origin":[8.0,26.0,8.0]},"faces":{"north":{"uv":[6.0,11.0,10.0,16.0],"texture":"#1","tintindex":0},"east":{"uv":[0.0,14.0,1.0,16.0],"texture":"#1"},"south":{"uv":[6.0,11.0,10.0,16.0],"texture":"#1","tintindex":0},"west":{"uv":[1.0,16.0,0.0,14.0],"texture":"#1"},"up":{"uv":[6.0,12.0,6.0,11.0],"texture":"#1","tintindex":0},"down":{"uv":[10.0,16.0,6.0,15.5],"texture":"#1","tintindex":0}}},{"from":[6.0,30.0,8.0],"to":[10.0,32.0,8.0],"rotation":{"angle":0.0,"axis":"x","origin":[8.0,26.0,8.0]},"faces":{"north":{"uv":[0.0,14.0,1.0,16.0],"texture":"#1","rotation":90},"east":{"uv":[10.0,16.0,6.0,15.5],"texture":"#1","tintindex":0},"south":{"uv":[1.0,16.0,0.0,14.0],"texture":"#1","rotation":270},"west":{"uv":[6.0,12.0,6.0,11.0],"texture":"#1","tintindex":0,"rotation":180},"up":{"uv":[10.0,16.0,6.0,11.0],"texture":"#1","tintindex":0,"rotation":90},"down":{"uv":[10.0,16.0,6.0,11.0],"texture":"#1","tintindex":0,"rotation":90}}},{"from":[8.0,30.0,6.0],"to":[8.0,32.0,10.0],"rotation":{"angle":0.0,"axis":"x","origin":[8.0,26.0,8.0]},"faces":{"north":{"uv":[6.0,12.0,6.0,11.0],"texture":"#1","tintindex":0,"rotation":180},"east":{"uv":[0.0,14.0,1.0,16.0],"texture":"#1","rotation":90},"south":{"uv":[10.0,16.0,6.0,15.5],"texture":"#1","tintindex":0},"west":{"uv":[1.0,16.0,0.0,14.0],"texture":"#1","rotation":270},"up":{"uv":[6.0,11.0,10.0,16.0],"texture":"#1","tintindex":0},"down":{"uv":[6.0,11.0,10.0,16.0],"texture":"#1","tintindex":0,"rotation":180}}},{"from":[13.6,19.6,2.6],"to":[16.4,30.4,13.4],"rotation":{"angle":0.0,"axis":"y","origin":[8.0,26.0,8.0]},"faces":{"north":{"uv":[5.0,0.0,6.0,5.0],"texture":"#1","tintindex":0},"east":{"uv":[6.5,0.0,11.5,5.0],"texture":"#1","tintindex":0},"south":{"uv":[6.0,0.0,5.0,5.0],"texture":"#1","tintindex":0},"west":{"uv":[5.0,4.5,5.5,5.0],"texture":"#1","tintindex":0},"up":{"uv":[5.0,5.0,4.0,0.0],"texture":"#1","tintindex":0},"down":{"uv":[12.5,5.0,11.5,0.0],"texture":"#1","tintindex":0}}},{"from":[-0.4,19.6,2.6],"to":[2.4,30.4,13.4],"rotation":{"angle":0.0,"axis":"y","origin":[8.0,26.0,8.0]},"faces":{"north":{"uv":[6.0,0.0,5.0,5.0],"texture":"#1","tintindex":0},"east":{"uv":[5.0,4.5,5.5,5.0],"texture":"#1","tintindex":0},"south":{"uv":[5.0,0.0,6.0,5.0],"texture":"#1","tintindex":0},"west":{"uv":[6.5,0.0,11.5,5.0],"texture":"#1","tintindex":0},"up":{"uv":[4.0,0.0,5.0,5.0],"texture":"#1","tintindex":0},"down":{"uv":[11.5,0.0,12.5,5.0],"texture":"#1","tintindex":0}}},{"from":[0.0,20.0,3.0],"to":[3.0,30.0,13.0],"rotation":{"angle":0.0,"axis":"x","origin":[1.5,26.0,8.0]},"faces":{"west":{"uv":[5.0,9.0,0.0,14.0],"texture":"#1"}}},{"from":[13.0,20.0,3.0],"to":[16.0,30.0,13.0],"rotation":{"angle":0.0,"axis":"x","origin":[14.5,26.0,8.0]},"faces":{"east":{"uv":[5.0,9.0,0.0,14.0],"texture":"#1"}}},{"from":[2.4,30.4,13.4],"to":[-0.4,19.6,2.6],"rotation":{"angle":0.0,"axis":"y","origin":[8.0,26.0,8.0]},"faces":{"north":{"uv":[5.0,5.0,6.0,0.0],"texture":"#1","tintindex":0},"east":{"uv":[6.5,5.0,11.5,0.0],"texture":"#1","tintindex":0},"south":{"uv":[6.0,5.0,5.0,0.0],"texture":"#1","tintindex":0},"west":{"uv":[5.0,5.0,5.5,4.5],"texture":"#1","tintindex":0},"up":{"uv":[12.5,0.0,11.5,5.0],"texture":"#1","tintindex":0},"down":{"uv":[5.0,0.0,4.0,5.0],"texture":"#1","tintindex":0}}},{"from":[16.4,30.4,13.4],"to":[13.6,19.6,2.6],"rotation":{"angle":0.0,"axis":"y","origin":[8.0,26.0,8.0]},"faces":{"north":{"uv":[6.0,5.0,5.0,0.0],"texture":"#1","tintindex":0},"east":{"uv":[5.0,5.0,5.5,4.5],"texture":"#1","tintindex":0},"south":{"uv":[5.0,5.0,6.0,0.0],"texture":"#1","tintindex":0},"west":{"uv":[6.5,5.0,11.5,0.0],"texture":"#1","tintindex":0},"up":{"uv":[11.5,5.0,12.5,0.0],"texture":"#1","tintindex":0},"down":{"uv":[4.0,5.0,5.0,0.0],"texture":"#1","tintindex":0}}}],"display":{"thirdperson_righthand":{"translation":[0.0,-2.0,0.25],"rotation":[-118.55,-52.55,-132.42],"scale":[0.93398,0.93398,0.93398]},"thirdperson_lefthand":{"translation":[0.0,-2.0,0.25],"rotation":[-118.55,-52.55,-132.42],"scale":[0.93398,0.93398,0.93398]},"firstperson_righthand":{"translation":[13.5,-1.5,-7.25],"rotation":[-169.89,80.76,-179.66],"scale":[0.58398,0.58398,0.58398]},"firstperson_lefthand":{"translation":[13.5,-1.5,-7.25],"rotation":[-169.89,80.76,-179.66],"scale":[0.58398,0.58398,0.58398]},"ground":{"translation":[0.0,4.25,0.0],"scale":[0.43945,0.43945,0.43945]},"gui":{"translation":[-4.0,-4.0,0.0],"rotation":[12.82,26.82,-49.15],"scale":[0.50939,0.50939,0.50939]},"head":{"translation":[0.0,4.25,0.0],"rotation":[0.0,3.25,0.0],"scale":[1.6,1.6,1.6]}},"credit":"Made with Blockbench","gui_light":"front"}