{"textures":{"1":"mcc:island_cosmetics/general/accessory/first_aid_kit/first_aid_kit"},"elements":[{"from":[4.0,2.0,6.0],"to":[12.0,8.0,10.0],"faces":{"north":{"uv":[6.0,7.0,10.0,10.0],"texture":"#1"},"south":{"uv":[6.0,7.0,10.0,10.0],"texture":"#1"}}},{"from":[2.0,0.0,6.0],"to":[14.0,10.0,10.0],"faces":{"north":{"uv":[10.0,0.0,16.0,5.0],"texture":"#1","tintindex":0},"east":{"uv":[10.0,0.0,8.0,5.0],"texture":"#1","tintindex":0},"south":{"uv":[10.0,0.0,16.0,5.0],"texture":"#1","tintindex":0},"west":{"uv":[8.0,0.0,10.0,5.0],"texture":"#1","tintindex":0},"up":{"uv":[10.0,5.0,16.0,7.0],"texture":"#1","tintindex":0},"down":{"uv":[10.0,7.0,16.0,9.0],"texture":"#1","tintindex":0}}},{"from":[1.8,-0.2,5.8],"to":[14.2,10.2,10.2],"faces":{"north":{"uv":[2.0,0.0,8.0,5.0],"texture":"#1","tintindex":0},"east":{"uv":[0.0,9.5,5.0,7.5],"texture":"#1","tintindex":0,"rotation":90},"south":{"uv":[2.0,0.0,8.0,5.0],"texture":"#1","tintindex":0},"west":{"uv":[0.0,7.5,5.0,9.5],"texture":"#1","tintindex":0,"rotation":90},"up":{"uv":[0.0,5.0,6.0,7.0],"texture":"#1","tintindex":0},"down":{"uv":[0.0,12.0,6.0,10.0],"texture":"#1","tintindex":0}}},{"from":[5.0,9.0,7.0],"to":[11.0,12.0,9.0],"faces":{"east":{"uv":[9.0,5.0,10.0,6.5],"texture":"#1","tintindex":0},"west":{"uv":[9.0,5.0,10.0,6.5],"texture":"#1","tintindex":0},"up":{"uv":[6.0,5.0,9.0,6.0],"texture":"#1","tintindex":0}}},{"from":[11.0,12.0,9.0],"to":[5.0,9.0,7.0],"faces":{"east":{"uv":[9.0,6.5,10.0,5.0],"texture":"#1","tintindex":0},"west":{"uv":[9.0,6.5,10.0,5.0],"texture":"#1","tintindex":0},"down":{"uv":[9.0,5.0,6.0,6.0],"texture":"#1","tintindex":0}}}],"display":{"thirdperson_righthand":{"translation":[0.0,-3.25,-2.75],"rotation":[65.5,90.0,0.0],"scale":[0.84414,0.84414,0.84414]},"thirdperson_lefthand":{"translation":[0.0,-3.25,-2.75],"rotation":[65.5,90.0,0.0],"scale":[0.84414,0.84414,0.84414]},"firstperson_righthand":{"translation":[13.5,-1.5,-7.25],"rotation":[-169.33,75.66,158.14],"scale":[0.67187,0.67187,0.67187]},"firstperson_lefthand":{"translation":[13.5,-1.5,-7.25],"rotation":[41.85,-74.27,50.34],"scale":[0.67187,0.67187,0.67187]},"ground":{"translation":[0.0,4.25,0.0],"scale":[0.43945,0.43945,0.43945]},"gui":{"translation":[-1.0,2.25,0.0],"rotation":[8.64,27.36,22.84],"scale":[0.91564,0.91564,0.91564]},"head":{"translation":[0.0,-30.25,0.0],"rotation":[0.0,3.25,0.0],"scale":[1.6,1.6,1.6]}},"credit":"Made with Blockbench","gui_light":"front"}