{"textures":{"1":"mcc:island_cosmetics/general/accessory/paintbrush/paintbrush"},"elements":[{"from":[7.5,0.0,6.5],"to":[8.5,10.0,9.5],"rotation":{"angle":0.0,"axis":"y","origin":[8.0,8.0,7.5]},"faces":{"north":{"uv":[1.0,9.0,11.0,10.0],"texture":"#1","rotation":90},"east":{"uv":[1.0,9.0,11.0,12.0],"texture":"#1","rotation":90},"south":{"uv":[1.0,9.0,11.0,10.0],"texture":"#1","rotation":90},"west":{"uv":[1.0,9.0,11.0,12.0],"texture":"#1","rotation":90},"down":{"uv":[10.0,9.0,11.0,12.0],"texture":"#1"}}},{"from":[7.0,10.0,4.0],"to":[9.0,18.0,12.0],"rotation":{"angle":0.0,"axis":"y","origin":[8.0,8.0,8.0]},"faces":{"north":{"uv":[0.0,0.0,1.0,8.0],"texture":"#1"},"east":{"uv":[0.0,0.0,8.0,8.0],"texture":"#1"},"south":{"uv":[0.0,0.0,1.0,8.0],"texture":"#1"},"west":{"uv":[0.0,0.0,8.0,8.0],"texture":"#1"},"up":{"uv":[0.0,0.0,8.0,1.0],"texture":"#1","rotation":270},"down":{"uv":[0.0,12.0,8.0,14.0],"texture":"#1","rotation":90}}},{"from":[6.99,9.99,3.99],"to":[9.01,18.01,12.01],"rotation":{"angle":0.0,"axis":"y","origin":[8.0,8.0,8.0]},"faces":{"north":{"uv":[15.0,1.0,16.0,9.0],"texture":"#1","tintindex":0},"east":{"uv":[8.0,1.0,16.0,9.0],"texture":"#1","tintindex":0},"south":{"uv":[8.0,1.0,9.0,9.0],"texture":"#1","tintindex":0},"west":{"uv":[16.0,1.0,8.0,9.0],"texture":"#1","tintindex":0},"up":{"uv":[16.0,0.0,8.0,1.0],"texture":"#1","tintindex":0,"rotation":90}}},{"from":[8.0,18.0,4.0],"to":[8.0,20.0,12.0],"rotation":{"angle":0.0,"axis":"y","origin":[8.0,8.0,8.0]},"faces":{"east":{"uv":[8.0,0.0,16.0,2.0],"texture":"#1","tintindex":0},"west":{"uv":[16.0,0.0,8.0,2.0],"texture":"#1","tintindex":0}}}],"display":{"thirdperson_righthand":{"translation":[1.25,0.75,2.0],"rotation":[177.76,10.01,-154.8],"scale":[0.8539,0.8539,0.8539]},"thirdperson_lefthand":{"translation":[1.25,0.75,2.0],"rotation":[177.76,10.01,-154.8],"scale":[0.8539,0.8539,0.8539]},"firstperson_righthand":{"translation":[0.88,3.95,1.63],"rotation":[-19.5,-163.75,-3.0],"scale":[0.31672,0.31672,0.31672]},"firstperson_lefthand":{"translation":[0.88,3.95,1.63],"rotation":[-19.5,-163.75,-3.0],"scale":[0.31672,0.31672,0.31672]},"ground":{"translation":[0.0,4.25,0.0],"scale":[0.44531,0.44531,0.44531]},"gui":{"translation":[-1.75,-1.75,0.0],"rotation":[113.52,40.57,-111.67],"scale":[0.80859,0.80859,0.80859]},"head":{"translation":[0.0,-30.5,0.0],"scale":[1.6,1.6,1.6]}},"credit":"Made with Blockbench","gui_light":"front"}