{"textures":{"2":"mcc:island_cosmetics/general/accessory/bone_claw/bone_claw","particle":"mcc:island_cosmetics/general/accessory/bone_claw/bone_claw"},"elements":[{"from":[5.14178,-1.23255,8.0],"to":[8.14178,7.76745,8.0],"rotation":{"angle":0.0,"axis":"y","origin":[6.64178,2.26745,8.0]},"faces":{"north":{"uv":[0.0,0.0,3.0,9.0],"texture":"#2"},"south":{"uv":[3.0,0.0,0.0,9.0],"texture":"#2"}}},{"from":[6.14178,-2.23255,11.75],"to":[9.14178,6.76745,11.75],"rotation":{"angle":-22.5,"axis":"x","origin":[6.64178,2.26745,8.0]},"faces":{"north":{"uv":[0.0,0.0,3.0,9.0],"texture":"#2"},"south":{"uv":[3.0,0.0,0.0,9.0],"texture":"#2"}}},{"from":[6.14178,-2.23255,4.25],"to":[9.14178,6.76745,4.25],"rotation":{"angle":22.5,"axis":"x","origin":[6.64178,2.26745,8.0]},"faces":{"north":{"uv":[0.0,0.0,3.0,9.0],"texture":"#2"},"south":{"uv":[3.0,0.0,0.0,9.0],"texture":"#2"}}},{"from":[5.6,4.6,5.6],"to":[10.4,9.4,10.4],"rotation":{"angle":0.0,"axis":"y","origin":[6.0,-8.0,0.0]},"faces":{"north":{"uv":[4.0,0.0,8.0,4.0],"texture":"#2"},"east":{"uv":[4.0,0.0,8.0,4.0],"texture":"#2"},"south":{"uv":[4.0,0.0,8.0,4.0],"texture":"#2"},"west":{"uv":[4.0,0.0,8.0,4.0],"texture":"#2"}}},{"from":[3.29258,8.62165,6.5],"to":[3.29258,14.62165,10.5],"rotation":{"angle":45.0,"axis":"z","origin":[4.08392,11.96063,8.0]},"faces":{"north":{"uv":[4.0,0.0,8.0,4.0],"texture":"#2","tintindex":0},"east":{"uv":[9.0,0.0,14.0,7.0],"texture":"#2","tintindex":0},"south":{"uv":[4.0,0.0,8.0,4.0],"texture":"#2","tintindex":0},"west":{"uv":[9.0,0.0,14.0,7.0],"texture":"#2","tintindex":0}}},{"from":[4.55,8.75,5.5],"to":[4.55,15.75,10.5],"rotation":{"angle":22.5,"axis":"z","origin":[4.08392,11.96063,8.0]},"faces":{"north":{"uv":[4.0,0.0,8.0,4.0],"texture":"#2","tintindex":0},"east":{"uv":[9.0,0.0,14.0,7.0],"texture":"#2","tintindex":0},"south":{"uv":[4.0,0.0,8.0,4.0],"texture":"#2","tintindex":0},"west":{"uv":[9.0,0.0,14.0,7.0],"texture":"#2","tintindex":0}}},{"from":[10.4,9.4,10.4],"to":[5.6,4.6,5.6],"rotation":{"angle":0.0,"axis":"y","origin":[6.0,-8.0,0.0]},"faces":{"north":{"uv":[4.0,4.0,8.0,0.0],"texture":"#2"},"east":{"uv":[4.0,4.0,8.0,0.0],"texture":"#2"},"south":{"uv":[4.0,4.0,8.0,0.0],"texture":"#2"},"west":{"uv":[4.0,4.0,8.0,0.0],"texture":"#2"}}}],"display":{"thirdperson_righthand":{"translation":[0.0,-2.0,4.25],"rotation":[90.0,0.0,0.0]},"thirdperson_lefthand":{"translation":[0.0,-2.0,4.25],"rotation":[90.0,0.0,0.0]},"firstperson_righthand":{"translation":[5.25,0.25,0.0],"rotation":[122.0,0.0,0.0]},"firstperson_lefthand":{"translation":[5.25,0.25,0.0],"rotation":[122.0,0.0,0.0]},"ground":{"translation":[0.0,8.5,0.0],"scale":[1.6,1.6,1.6]},"gui":{"translation":[1.5,-0.75,0.0],"rotation":[28.98,39.41,-72.08],"scale":[0.8,0.8,0.8]},"head":{"translation":[0.0,0.0,-9.25],"scale":[1.6,1.6,1.6]},"fixed":{"translation":[0.0,0.0,-2.75],"rotation":[0.0,-90.0,0.0],"scale":[1.6,1.6,1.6]}},"credit":"Made with Blockbench","gui_light":"front"}