{"textures":{"1":"mcc:island_cosmetics/general/accessory/money_bag/money_bag"},"elements":[{"from":[3.5,0.0,3.5],"to":[12.5,8.0,12.5],"rotation":{"angle":0.0,"axis":"y","origin":[-0.5,0.0,-0.5]},"faces":{"north":{"uv":[0.0,4.0,4.5,8.0],"texture":"#1"},"east":{"uv":[0.0,0.0,4.5,4.0],"texture":"#1"},"south":{"uv":[0.0,0.0,4.5,4.0],"texture":"#1"},"west":{"uv":[0.0,0.0,4.5,4.0],"texture":"#1"},"up":{"uv":[4.5,0.0,9.0,4.5],"texture":"#1"}}},{"from":[2.5,-2.0,2.5],"to":[13.5,3.0,13.5],"rotation":{"angle":0.0,"axis":"y","origin":[-0.5,0.0,-0.5]},"faces":{"north":{"uv":[0.0,10.5,5.5,13.0],"texture":"#1"},"east":{"uv":[0.0,8.0,5.5,10.5],"texture":"#1"},"south":{"uv":[0.0,8.0,5.5,10.5],"texture":"#1"},"west":{"uv":[0.0,8.0,5.5,10.5],"texture":"#1"},"up":{"uv":[9.0,5.5,14.5,11.0],"texture":"#1"},"down":{"uv":[9.0,0.0,14.5,5.5],"texture":"#1"}}},{"from":[6.5,8.0,6.5],"to":[9.5,9.0,9.5],"rotation":{"angle":0.0,"axis":"y","origin":[-0.5,0.0,-0.5]},"faces":{"north":{"uv":[4.5,5.0,6.0,5.5],"texture":"#1"},"east":{"uv":[4.5,5.0,6.0,5.5],"texture":"#1"},"south":{"uv":[4.5,5.0,6.0,5.5],"texture":"#1"},"west":{"uv":[4.5,5.0,6.0,5.5],"texture":"#1"},"up":{"uv":[4.5,5.0,6.0,5.5],"texture":"#1"},"down":{"uv":[4.5,5.0,6.0,5.5],"texture":"#1"}}},{"from":[5.5,9.25,6.75],"to":[10.5,12.25,6.75],"rotation":{"angle":-22.5,"axis":"x","origin":[8.0,8.5,8.0]},"faces":{"north":{"uv":[6.0,5.0,8.5,6.5],"texture":"#1"},"south":{"uv":[6.0,5.0,8.5,6.5],"texture":"#1"}}},{"from":[5.5,9.25,9.25],"to":[10.5,12.25,9.25],"rotation":{"angle":22.5,"axis":"x","origin":[8.0,8.5,8.0]},"faces":{"north":{"uv":[6.0,5.0,8.5,6.5],"texture":"#1"},"south":{"uv":[6.0,5.0,8.5,6.5],"texture":"#1"}}},{"from":[6.13756,9.37182,5.5],"to":[6.13756,12.37182,10.5],"rotation":{"angle":22.5,"axis":"z","origin":[8.0,10.10037,8.0]},"faces":{"east":{"uv":[6.0,5.0,8.5,6.5],"texture":"#1"},"west":{"uv":[6.0,5.0,8.5,6.5],"texture":"#1"}}},{"from":[9.86244,9.37182,5.5],"to":[9.86244,12.37182,10.5],"rotation":{"angle":-22.5,"axis":"z","origin":[8.0,10.10037,8.0]},"faces":{"east":{"uv":[6.0,5.0,8.5,6.5],"texture":"#1"},"west":{"uv":[6.0,5.0,8.5,6.5],"texture":"#1"}}}],"display":{"thirdperson_righthand":{"translation":[0.75,-1.0,-1.25],"rotation":[65.85,27.67,0.04],"scale":[0.85,0.85,0.85]},"thirdperson_lefthand":{"translation":[0.75,-1.0,-1.25],"rotation":[65.85,27.67,0.04],"scale":[0.85,0.85,0.85]},"firstperson_righthand":{"translation":[2.13,4.2,1.13],"rotation":[-42.25,104.0,10.25],"scale":[0.46126,0.46126,0.46126]},"firstperson_lefthand":{"translation":[2.13,4.2,1.13],"rotation":[-42.25,104.0,10.25],"scale":[0.46126,0.46126,0.46126]},"ground":{"translation":[0.0,4.25,0.0],"scale":[0.43945,0.43945,0.43945]},"gui":{"translation":[0.0,3.25,0.0],"rotation":[-151.58,-25.95,-179.04],"scale":[0.8414,0.8414,0.8414]}},"credit":"Made with Blockbench","gui_light":"front"}